Copyright 1986-2022 Xilinx, Inc. All Rights Reserved. Copyright 2022-2025 Advanced Micro Devices, Inc. All Rights Reserved.
------------------------------------------------------------------------------------------------------------------------------------------------------------------------------------------------------------------------
| Tool Version : Vivado v.2025.2 (win64) Build 6299465 Fri Nov 14 19:35:11 GMT 2025
| Date         : Fri Jul 24 12:38:42 2026
| Host         : DESKTOP-7BT5UJR running 64-bit major release  (build 9200)
| Command      : report_timing_summary -max_paths 10 -routable_nets -report_unconstrained -file main_timing_summary_routed.rpt -pb main_timing_summary_routed.pb -rpx main_timing_summary_routed.rpx -warn_on_violation
| Design       : main
| Device       : 7a100t-csg324
| Speed File   : -1  PRODUCTION 1.23 2018-06-13
| Design State : Routed
------------------------------------------------------------------------------------------------------------------------------------------------------------------------------------------------------------------------

Timing Summary Report

------------------------------------------------------------------------------------------------
| Timer Settings
| --------------
------------------------------------------------------------------------------------------------

  Enable Multi Corner Analysis               :  Yes
  Enable Pessimism Removal                   :  Yes
  Pessimism Removal Resolution               :  Nearest Common Node
  Enable Input Delay Default Clock           :  No
  Enable Preset / Clear Arcs                 :  No
  Disable Flight Delays                      :  No
  Ignore I/O Paths                           :  No
  Timing Early Launch at Borrowing Latches   :  No
  Borrow Time for Max Delay Exceptions       :  Yes
  Merge Timing Exceptions                    :  Yes
  Inter-SLR Compensation                     :  Conservative

  Corner  Analyze    Analyze    
  Name    Max Paths  Min Paths  
  ------  ---------  ---------  
  Slow    Yes        Yes        
  Fast    Yes        Yes        


------------------------------------------------------------------------------------------------
| Report Methodology
| ------------------
------------------------------------------------------------------------------------------------

Rule       Severity          Description                    Violations  
---------  ----------------  -----------------------------  ----------  
TIMING-17  Critical Warning  Non-clocked sequential cell    36          
TIMING-18  Warning           Missing input or output delay  16          

Note: This report is based on the most recent report_methodology run and may not be up-to-date. Run report_methodology on the current design for the latest report.



check_timing report

Table of Contents
-----------------
1. checking no_clock (36)
2. checking constant_clock (0)
3. checking pulse_width_clock (0)
4. checking unconstrained_internal_endpoints (68)
5. checking no_input_delay (5)
6. checking no_output_delay (15)
7. checking multiple_clock (0)
8. checking generated_clocks (0)
9. checking loops (0)
10. checking partial_input_delay (0)
11. checking partial_output_delay (0)
12. checking latch_loops (0)

1. checking no_clock (36)
-------------------------
 There are 36 register/latch pins with no clock driven by root clock pin: fsm_clk_reg/Q (HIGH)


2. checking constant_clock (0)
------------------------------
 There are 0 register/latch pins with constant_clock.


3. checking pulse_width_clock (0)
---------------------------------
 There are 0 register/latch pins which need pulse_width check


4. checking unconstrained_internal_endpoints (68)
-------------------------------------------------
 There are 68 pins that are not constrained for maximum delay. (HIGH)

 There are 0 pins that are not constrained for maximum delay due to constant clock.


5. checking no_input_delay (5)
------------------------------
 There are 5 input ports with no input delay specified. (HIGH)

 There are 0 input ports with no input delay but user has a false path constraint.


6. checking no_output_delay (15)
--------------------------------
 There are 15 ports with no output delay specified. (HIGH)

 There are 0 ports with no output delay but user has a false path constraint

 There are 0 ports with no output delay but with a timing clock defined on it or propagating through it


7. checking multiple_clock (0)
------------------------------
 There are 0 register/latch pins with multiple clocks.


8. checking generated_clocks (0)
--------------------------------
 There are 0 generated clocks that are not connected to a clock source.


9. checking loops (0)
---------------------
 There are 0 combinational loops in the design.


10. checking partial_input_delay (0)
------------------------------------
 There are 0 input ports with partial input delay specified.


11. checking partial_output_delay (0)
-------------------------------------
 There are 0 ports with partial output delay specified.


12. checking latch_loops (0)
----------------------------
 There are 0 combinational latch loops in the design through latch input



------------------------------------------------------------------------------------------------
| Design Timing Summary
| ---------------------
------------------------------------------------------------------------------------------------

    WNS(ns)      TNS(ns)  TNS Failing Endpoints  TNS Total Endpoints      WHS(ns)      THS(ns)  THS Failing Endpoints  THS Total Endpoints     WPWS(ns)     TPWS(ns)  TPWS Failing Endpoints  TPWS Total Endpoints  
    -------      -------  ---------------------  -------------------      -------      -------  ---------------------  -------------------     --------     --------  ----------------------  --------------------  
      5.557        0.000                      0                   62        0.101        0.000                      0                   62        4.500        0.000                       0                    34  


All user specified timing constraints are met.


------------------------------------------------------------------------------------------------
| Clock Summary
| -------------
------------------------------------------------------------------------------------------------

Clock    Waveform(ns)       Period(ns)      Frequency(MHz)
-----    ------------       ----------      --------------
sys_clk  {0.000 5.000}      10.000          100.000         


------------------------------------------------------------------------------------------------
| Intra Clock Table
| -----------------
------------------------------------------------------------------------------------------------

Clock             WNS(ns)      TNS(ns)  TNS Failing Endpoints  TNS Total Endpoints      WHS(ns)      THS(ns)  THS Failing Endpoints  THS Total Endpoints     WPWS(ns)     TPWS(ns)  TPWS Failing Endpoints  TPWS Total Endpoints  
-----             -------      -------  ---------------------  -------------------      -------      -------  ---------------------  -------------------     --------     --------  ----------------------  --------------------  
sys_clk             5.557        0.000                      0                   62        0.101        0.000                      0                   62        4.500        0.000                       0                    34  


------------------------------------------------------------------------------------------------
| Inter Clock Table
| -----------------
------------------------------------------------------------------------------------------------

From Clock    To Clock          WNS(ns)      TNS(ns)  TNS Failing Endpoints  TNS Total Endpoints      WHS(ns)      THS(ns)  THS Failing Endpoints  THS Total Endpoints  
----------    --------          -------      -------  ---------------------  -------------------      -------      -------  ---------------------  -------------------  


------------------------------------------------------------------------------------------------
| Other Path Groups Table
| -----------------------
------------------------------------------------------------------------------------------------

Path Group    From Clock    To Clock          WNS(ns)      TNS(ns)  TNS Failing Endpoints  TNS Total Endpoints      WHS(ns)      THS(ns)  THS Failing Endpoints  THS Total Endpoints  
----------    ----------    --------          -------      -------  ---------------------  -------------------      -------      -------  ---------------------  -------------------  


------------------------------------------------------------------------------------------------
| User Ignored Path Table
| -----------------------
------------------------------------------------------------------------------------------------

Path Group    From Clock    To Clock    
----------    ----------    --------    


------------------------------------------------------------------------------------------------
| Unconstrained Path Table
| ------------------------
------------------------------------------------------------------------------------------------

Path Group    From Clock    To Clock    
----------    ----------    --------    
(none)                                    
(none)        sys_clk                     
(none)                      sys_clk       


------------------------------------------------------------------------------------------------
| Timing Details
| --------------
------------------------------------------------------------------------------------------------


---------------------------------------------------------------------------------------------------
From Clock:  sys_clk
  To Clock:  sys_clk

Setup :            0  Failing Endpoints,  Worst Slack        5.557ns,  Total Violation        0.000ns
Hold  :            0  Failing Endpoints,  Worst Slack        0.101ns,  Total Violation        0.000ns
PW    :            0  Failing Endpoints,  Worst Slack        4.500ns,  Total Violation        0.000ns
---------------------------------------------------------------------------------------------------


Max Delay Paths
--------------------------------------------------------------------------------------
Slack (MET) :             5.557ns  (required time - arrival time)
  Source:                 fsm_div_reg[5]/C
                            (rising edge-triggered cell FDRE clocked by sys_clk  {rise@0.000ns fall@5.000ns period=10.000ns})
  Destination:            fsm_div_reg[0]/R
                            (rising edge-triggered cell FDRE clocked by sys_clk  {rise@0.000ns fall@5.000ns period=10.000ns})
  Path Group:             sys_clk
  Path Type:              Setup (Max at Slow Process Corner)
  Requirement:            10.000ns  (sys_clk rise@10.000ns - sys_clk rise@0.000ns)
  Data Path Delay:        3.858ns  (logic 1.014ns (26.280%)  route 2.844ns (73.720%))
  Logic Levels:           4  (LUT2=1 LUT5=1 LUT6=2)
  Clock Path Skew:        -0.025ns (DCD - SCD + CPR)
    Destination Clock Delay (DCD):    4.934ns = ( 14.934 - 10.000 ) 
    Source Clock Delay      (SCD):    5.235ns
    Clock Pessimism Removal (CPR):    0.276ns
  Clock Uncertainty:      0.035ns  ((TSJ^2 + TIJ^2)^1/2 + DJ) / 2 + PE
    Total System Jitter     (TSJ):    0.071ns
    Total Input Jitter      (TIJ):    0.000ns
    Discrete Jitter          (DJ):    0.000ns
    Phase Error              (PE):    0.000ns

    Location             Delay type                Incr(ns)  Path(ns)    Netlist Resource(s)
  -------------------------------------------------------------------    -------------------
                         (clock sys_clk rise edge)    0.000     0.000 r  
    E3                                                0.000     0.000 r  clk (IN)
                         net (fo=0)                   0.000     0.000    clk
    E3                   IBUF (Prop_ibuf_I_O)         1.482     1.482 r  clk_IBUF_inst/O
                         net (fo=1, routed)           2.025     3.506    clk_IBUF
    BUFGCTRL_X0Y16       BUFG (Prop_bufg_I_O)         0.096     3.602 r  clk_IBUF_BUFG_inst/O
                         net (fo=33, routed)          1.632     5.235    clk_IBUF_BUFG
    SLICE_X50Y95         FDRE                                         r  fsm_div_reg[5]/C
  -------------------------------------------------------------------    -------------------
    SLICE_X50Y95         FDRE (Prop_fdre_C_Q)         0.518     5.753 r  fsm_div_reg[5]/Q
                         net (fo=2, routed)           0.866     6.618    fsm_div_reg[5]
    SLICE_X51Y94         LUT6 (Prop_lut6_I0_O)        0.124     6.742 r  fsm_div[0]_i_6/O
                         net (fo=1, routed)           0.640     7.382    fsm_div[0]_i_6_n_0
    SLICE_X51Y96         LUT6 (Prop_lut6_I2_O)        0.124     7.506 r  fsm_div[0]_i_5/O
                         net (fo=1, routed)           0.149     7.655    fsm_div[0]_i_5_n_0
    SLICE_X51Y96         LUT5 (Prop_lut5_I4_O)        0.124     7.779 r  fsm_div[0]_i_3/O
                         net (fo=2, routed)           0.445     8.223    fsm_div[0]_i_3_n_0
    SLICE_X51Y96         LUT2 (Prop_lut2_I0_O)        0.124     8.347 r  fsm_div[0]_i_1/O
                         net (fo=15, routed)          0.746     9.093    fsm_div[0]_i_1_n_0
    SLICE_X50Y94         FDRE                                         r  fsm_div_reg[0]/R
  -------------------------------------------------------------------    -------------------

                         (clock sys_clk rise edge)   10.000    10.000 r  
    E3                                                0.000    10.000 r  clk (IN)
                         net (fo=0)                   0.000    10.000    clk
    E3                   IBUF (Prop_ibuf_I_O)         1.411    11.411 r  clk_IBUF_inst/O
                         net (fo=1, routed)           1.920    13.331    clk_IBUF
    BUFGCTRL_X0Y16       BUFG (Prop_bufg_I_O)         0.091    13.422 r  clk_IBUF_BUFG_inst/O
                         net (fo=33, routed)          1.511    14.934    clk_IBUF_BUFG
    SLICE_X50Y94         FDRE                                         r  fsm_div_reg[0]/C
                         clock pessimism              0.276    15.210    
                         clock uncertainty           -0.035    15.174    
    SLICE_X50Y94         FDRE (Setup_fdre_C_R)       -0.524    14.650    fsm_div_reg[0]
  -------------------------------------------------------------------
                         required time                         14.650    
                         arrival time                          -9.093    
  -------------------------------------------------------------------
                         slack                                  5.557    

Slack (MET) :             5.557ns  (required time - arrival time)
  Source:                 fsm_div_reg[5]/C
                            (rising edge-triggered cell FDRE clocked by sys_clk  {rise@0.000ns fall@5.000ns period=10.000ns})
  Destination:            fsm_div_reg[1]/R
                            (rising edge-triggered cell FDRE clocked by sys_clk  {rise@0.000ns fall@5.000ns period=10.000ns})
  Path Group:             sys_clk
  Path Type:              Setup (Max at Slow Process Corner)
  Requirement:            10.000ns  (sys_clk rise@10.000ns - sys_clk rise@0.000ns)
  Data Path Delay:        3.858ns  (logic 1.014ns (26.280%)  route 2.844ns (73.720%))
  Logic Levels:           4  (LUT2=1 LUT5=1 LUT6=2)
  Clock Path Skew:        -0.025ns (DCD - SCD + CPR)
    Destination Clock Delay (DCD):    4.934ns = ( 14.934 - 10.000 ) 
    Source Clock Delay      (SCD):    5.235ns
    Clock Pessimism Removal (CPR):    0.276ns
  Clock Uncertainty:      0.035ns  ((TSJ^2 + TIJ^2)^1/2 + DJ) / 2 + PE
    Total System Jitter     (TSJ):    0.071ns
    Total Input Jitter      (TIJ):    0.000ns
    Discrete Jitter          (DJ):    0.000ns
    Phase Error              (PE):    0.000ns

    Location             Delay type                Incr(ns)  Path(ns)    Netlist Resource(s)
  -------------------------------------------------------------------    -------------------
                         (clock sys_clk rise edge)    0.000     0.000 r  
    E3                                                0.000     0.000 r  clk (IN)
                         net (fo=0)                   0.000     0.000    clk
    E3                   IBUF (Prop_ibuf_I_O)         1.482     1.482 r  clk_IBUF_inst/O
                         net (fo=1, routed)           2.025     3.506    clk_IBUF
    BUFGCTRL_X0Y16       BUFG (Prop_bufg_I_O)         0.096     3.602 r  clk_IBUF_BUFG_inst/O
                         net (fo=33, routed)          1.632     5.235    clk_IBUF_BUFG
    SLICE_X50Y95         FDRE                                         r  fsm_div_reg[5]/C
  -------------------------------------------------------------------    -------------------
    SLICE_X50Y95         FDRE (Prop_fdre_C_Q)         0.518     5.753 r  fsm_div_reg[5]/Q
                         net (fo=2, routed)           0.866     6.618    fsm_div_reg[5]
    SLICE_X51Y94         LUT6 (Prop_lut6_I0_O)        0.124     6.742 r  fsm_div[0]_i_6/O
                         net (fo=1, routed)           0.640     7.382    fsm_div[0]_i_6_n_0
    SLICE_X51Y96         LUT6 (Prop_lut6_I2_O)        0.124     7.506 r  fsm_div[0]_i_5/O
                         net (fo=1, routed)           0.149     7.655    fsm_div[0]_i_5_n_0
    SLICE_X51Y96         LUT5 (Prop_lut5_I4_O)        0.124     7.779 r  fsm_div[0]_i_3/O
                         net (fo=2, routed)           0.445     8.223    fsm_div[0]_i_3_n_0
    SLICE_X51Y96         LUT2 (Prop_lut2_I0_O)        0.124     8.347 r  fsm_div[0]_i_1/O
                         net (fo=15, routed)          0.746     9.093    fsm_div[0]_i_1_n_0
    SLICE_X50Y94         FDRE                                         r  fsm_div_reg[1]/R
  -------------------------------------------------------------------    -------------------

                         (clock sys_clk rise edge)   10.000    10.000 r  
    E3                                                0.000    10.000 r  clk (IN)
                         net (fo=0)                   0.000    10.000    clk
    E3                   IBUF (Prop_ibuf_I_O)         1.411    11.411 r  clk_IBUF_inst/O
                         net (fo=1, routed)           1.920    13.331    clk_IBUF
    BUFGCTRL_X0Y16       BUFG (Prop_bufg_I_O)         0.091    13.422 r  clk_IBUF_BUFG_inst/O
                         net (fo=33, routed)          1.511    14.934    clk_IBUF_BUFG
    SLICE_X50Y94         FDRE                                         r  fsm_div_reg[1]/C
                         clock pessimism              0.276    15.210    
                         clock uncertainty           -0.035    15.174    
    SLICE_X50Y94         FDRE (Setup_fdre_C_R)       -0.524    14.650    fsm_div_reg[1]
  -------------------------------------------------------------------
                         required time                         14.650    
                         arrival time                          -9.093    
  -------------------------------------------------------------------
                         slack                                  5.557    

Slack (MET) :             5.557ns  (required time - arrival time)
  Source:                 fsm_div_reg[5]/C
                            (rising edge-triggered cell FDRE clocked by sys_clk  {rise@0.000ns fall@5.000ns period=10.000ns})
  Destination:            fsm_div_reg[2]/R
                            (rising edge-triggered cell FDRE clocked by sys_clk  {rise@0.000ns fall@5.000ns period=10.000ns})
  Path Group:             sys_clk
  Path Type:              Setup (Max at Slow Process Corner)
  Requirement:            10.000ns  (sys_clk rise@10.000ns - sys_clk rise@0.000ns)
  Data Path Delay:        3.858ns  (logic 1.014ns (26.280%)  route 2.844ns (73.720%))
  Logic Levels:           4  (LUT2=1 LUT5=1 LUT6=2)
  Clock Path Skew:        -0.025ns (DCD - SCD + CPR)
    Destination Clock Delay (DCD):    4.934ns = ( 14.934 - 10.000 ) 
    Source Clock Delay      (SCD):    5.235ns
    Clock Pessimism Removal (CPR):    0.276ns
  Clock Uncertainty:      0.035ns  ((TSJ^2 + TIJ^2)^1/2 + DJ) / 2 + PE
    Total System Jitter     (TSJ):    0.071ns
    Total Input Jitter      (TIJ):    0.000ns
    Discrete Jitter          (DJ):    0.000ns
    Phase Error              (PE):    0.000ns

    Location             Delay type                Incr(ns)  Path(ns)    Netlist Resource(s)
  -------------------------------------------------------------------    -------------------
                         (clock sys_clk rise edge)    0.000     0.000 r  
    E3                                                0.000     0.000 r  clk (IN)
                         net (fo=0)                   0.000     0.000    clk
    E3                   IBUF (Prop_ibuf_I_O)         1.482     1.482 r  clk_IBUF_inst/O
                         net (fo=1, routed)           2.025     3.506    clk_IBUF
    BUFGCTRL_X0Y16       BUFG (Prop_bufg_I_O)         0.096     3.602 r  clk_IBUF_BUFG_inst/O
                         net (fo=33, routed)          1.632     5.235    clk_IBUF_BUFG
    SLICE_X50Y95         FDRE                                         r  fsm_div_reg[5]/C
  -------------------------------------------------------------------    -------------------
    SLICE_X50Y95         FDRE (Prop_fdre_C_Q)         0.518     5.753 r  fsm_div_reg[5]/Q
                         net (fo=2, routed)           0.866     6.618    fsm_div_reg[5]
    SLICE_X51Y94         LUT6 (Prop_lut6_I0_O)        0.124     6.742 r  fsm_div[0]_i_6/O
                         net (fo=1, routed)           0.640     7.382    fsm_div[0]_i_6_n_0
    SLICE_X51Y96         LUT6 (Prop_lut6_I2_O)        0.124     7.506 r  fsm_div[0]_i_5/O
                         net (fo=1, routed)           0.149     7.655    fsm_div[0]_i_5_n_0
    SLICE_X51Y96         LUT5 (Prop_lut5_I4_O)        0.124     7.779 r  fsm_div[0]_i_3/O
                         net (fo=2, routed)           0.445     8.223    fsm_div[0]_i_3_n_0
    SLICE_X51Y96         LUT2 (Prop_lut2_I0_O)        0.124     8.347 r  fsm_div[0]_i_1/O
                         net (fo=15, routed)          0.746     9.093    fsm_div[0]_i_1_n_0
    SLICE_X50Y94         FDRE                                         r  fsm_div_reg[2]/R
  -------------------------------------------------------------------    -------------------

                         (clock sys_clk rise edge)   10.000    10.000 r  
    E3                                                0.000    10.000 r  clk (IN)
                         net (fo=0)                   0.000    10.000    clk
    E3                   IBUF (Prop_ibuf_I_O)         1.411    11.411 r  clk_IBUF_inst/O
                         net (fo=1, routed)           1.920    13.331    clk_IBUF
    BUFGCTRL_X0Y16       BUFG (Prop_bufg_I_O)         0.091    13.422 r  clk_IBUF_BUFG_inst/O
                         net (fo=33, routed)          1.511    14.934    clk_IBUF_BUFG
    SLICE_X50Y94         FDRE                                         r  fsm_div_reg[2]/C
                         clock pessimism              0.276    15.210    
                         clock uncertainty           -0.035    15.174    
    SLICE_X50Y94         FDRE (Setup_fdre_C_R)       -0.524    14.650    fsm_div_reg[2]
  -------------------------------------------------------------------
                         required time                         14.650    
                         arrival time                          -9.093    
  -------------------------------------------------------------------
                         slack                                  5.557    

Slack (MET) :             5.557ns  (required time - arrival time)
  Source:                 fsm_div_reg[5]/C
                            (rising edge-triggered cell FDRE clocked by sys_clk  {rise@0.000ns fall@5.000ns period=10.000ns})
  Destination:            fsm_div_reg[3]/R
                            (rising edge-triggered cell FDRE clocked by sys_clk  {rise@0.000ns fall@5.000ns period=10.000ns})
  Path Group:             sys_clk
  Path Type:              Setup (Max at Slow Process Corner)
  Requirement:            10.000ns  (sys_clk rise@10.000ns - sys_clk rise@0.000ns)
  Data Path Delay:        3.858ns  (logic 1.014ns (26.280%)  route 2.844ns (73.720%))
  Logic Levels:           4  (LUT2=1 LUT5=1 LUT6=2)
  Clock Path Skew:        -0.025ns (DCD - SCD + CPR)
    Destination Clock Delay (DCD):    4.934ns = ( 14.934 - 10.000 ) 
    Source Clock Delay      (SCD):    5.235ns
    Clock Pessimism Removal (CPR):    0.276ns
  Clock Uncertainty:      0.035ns  ((TSJ^2 + TIJ^2)^1/2 + DJ) / 2 + PE
    Total System Jitter     (TSJ):    0.071ns
    Total Input Jitter      (TIJ):    0.000ns
    Discrete Jitter          (DJ):    0.000ns
    Phase Error              (PE):    0.000ns

    Location             Delay type                Incr(ns)  Path(ns)    Netlist Resource(s)
  -------------------------------------------------------------------    -------------------
                         (clock sys_clk rise edge)    0.000     0.000 r  
    E3                                                0.000     0.000 r  clk (IN)
                         net (fo=0)                   0.000     0.000    clk
    E3                   IBUF (Prop_ibuf_I_O)         1.482     1.482 r  clk_IBUF_inst/O
                         net (fo=1, routed)           2.025     3.506    clk_IBUF
    BUFGCTRL_X0Y16       BUFG (Prop_bufg_I_O)         0.096     3.602 r  clk_IBUF_BUFG_inst/O
                         net (fo=33, routed)          1.632     5.235    clk_IBUF_BUFG
    SLICE_X50Y95         FDRE                                         r  fsm_div_reg[5]/C
  -------------------------------------------------------------------    -------------------
    SLICE_X50Y95         FDRE (Prop_fdre_C_Q)         0.518     5.753 r  fsm_div_reg[5]/Q
                         net (fo=2, routed)           0.866     6.618    fsm_div_reg[5]
    SLICE_X51Y94         LUT6 (Prop_lut6_I0_O)        0.124     6.742 r  fsm_div[0]_i_6/O
                         net (fo=1, routed)           0.640     7.382    fsm_div[0]_i_6_n_0
    SLICE_X51Y96         LUT6 (Prop_lut6_I2_O)        0.124     7.506 r  fsm_div[0]_i_5/O
                         net (fo=1, routed)           0.149     7.655    fsm_div[0]_i_5_n_0
    SLICE_X51Y96         LUT5 (Prop_lut5_I4_O)        0.124     7.779 r  fsm_div[0]_i_3/O
                         net (fo=2, routed)           0.445     8.223    fsm_div[0]_i_3_n_0
    SLICE_X51Y96         LUT2 (Prop_lut2_I0_O)        0.124     8.347 r  fsm_div[0]_i_1/O
                         net (fo=15, routed)          0.746     9.093    fsm_div[0]_i_1_n_0
    SLICE_X50Y94         FDRE                                         r  fsm_div_reg[3]/R
  -------------------------------------------------------------------    -------------------

                         (clock sys_clk rise edge)   10.000    10.000 r  
    E3                                                0.000    10.000 r  clk (IN)
                         net (fo=0)                   0.000    10.000    clk
    E3                   IBUF (Prop_ibuf_I_O)         1.411    11.411 r  clk_IBUF_inst/O
                         net (fo=1, routed)           1.920    13.331    clk_IBUF
    BUFGCTRL_X0Y16       BUFG (Prop_bufg_I_O)         0.091    13.422 r  clk_IBUF_BUFG_inst/O
                         net (fo=33, routed)          1.511    14.934    clk_IBUF_BUFG
    SLICE_X50Y94         FDRE                                         r  fsm_div_reg[3]/C
                         clock pessimism              0.276    15.210    
                         clock uncertainty           -0.035    15.174    
    SLICE_X50Y94         FDRE (Setup_fdre_C_R)       -0.524    14.650    fsm_div_reg[3]
  -------------------------------------------------------------------
                         required time                         14.650    
                         arrival time                          -9.093    
  -------------------------------------------------------------------
                         slack                                  5.557    

Slack (MET) :             5.572ns  (required time - arrival time)
  Source:                 fsm_div_reg[5]/C
                            (rising edge-triggered cell FDRE clocked by sys_clk  {rise@0.000ns fall@5.000ns period=10.000ns})
  Destination:            fsm_div_reg[12]/R
                            (rising edge-triggered cell FDRE clocked by sys_clk  {rise@0.000ns fall@5.000ns period=10.000ns})
  Path Group:             sys_clk
  Path Type:              Setup (Max at Slow Process Corner)
  Requirement:            10.000ns  (sys_clk rise@10.000ns - sys_clk rise@0.000ns)
  Data Path Delay:        3.845ns  (logic 1.014ns (26.375%)  route 2.831ns (73.625%))
  Logic Levels:           4  (LUT2=1 LUT5=1 LUT6=2)
  Clock Path Skew:        -0.024ns (DCD - SCD + CPR)
    Destination Clock Delay (DCD):    4.935ns = ( 14.935 - 10.000 ) 
    Source Clock Delay      (SCD):    5.235ns
    Clock Pessimism Removal (CPR):    0.276ns
  Clock Uncertainty:      0.035ns  ((TSJ^2 + TIJ^2)^1/2 + DJ) / 2 + PE
    Total System Jitter     (TSJ):    0.071ns
    Total Input Jitter      (TIJ):    0.000ns
    Discrete Jitter          (DJ):    0.000ns
    Phase Error              (PE):    0.000ns

    Location             Delay type                Incr(ns)  Path(ns)    Netlist Resource(s)
  -------------------------------------------------------------------    -------------------
                         (clock sys_clk rise edge)    0.000     0.000 r  
    E3                                                0.000     0.000 r  clk (IN)
                         net (fo=0)                   0.000     0.000    clk
    E3                   IBUF (Prop_ibuf_I_O)         1.482     1.482 r  clk_IBUF_inst/O
                         net (fo=1, routed)           2.025     3.506    clk_IBUF
    BUFGCTRL_X0Y16       BUFG (Prop_bufg_I_O)         0.096     3.602 r  clk_IBUF_BUFG_inst/O
                         net (fo=33, routed)          1.632     5.235    clk_IBUF_BUFG
    SLICE_X50Y95         FDRE                                         r  fsm_div_reg[5]/C
  -------------------------------------------------------------------    -------------------
    SLICE_X50Y95         FDRE (Prop_fdre_C_Q)         0.518     5.753 r  fsm_div_reg[5]/Q
                         net (fo=2, routed)           0.866     6.618    fsm_div_reg[5]
    SLICE_X51Y94         LUT6 (Prop_lut6_I0_O)        0.124     6.742 r  fsm_div[0]_i_6/O
                         net (fo=1, routed)           0.640     7.382    fsm_div[0]_i_6_n_0
    SLICE_X51Y96         LUT6 (Prop_lut6_I2_O)        0.124     7.506 r  fsm_div[0]_i_5/O
                         net (fo=1, routed)           0.149     7.655    fsm_div[0]_i_5_n_0
    SLICE_X51Y96         LUT5 (Prop_lut5_I4_O)        0.124     7.779 r  fsm_div[0]_i_3/O
                         net (fo=2, routed)           0.445     8.223    fsm_div[0]_i_3_n_0
    SLICE_X51Y96         LUT2 (Prop_lut2_I0_O)        0.124     8.347 r  fsm_div[0]_i_1/O
                         net (fo=15, routed)          0.732     9.079    fsm_div[0]_i_1_n_0
    SLICE_X50Y97         FDRE                                         r  fsm_div_reg[12]/R
  -------------------------------------------------------------------    -------------------

                         (clock sys_clk rise edge)   10.000    10.000 r  
    E3                                                0.000    10.000 r  clk (IN)
                         net (fo=0)                   0.000    10.000    clk
    E3                   IBUF (Prop_ibuf_I_O)         1.411    11.411 r  clk_IBUF_inst/O
                         net (fo=1, routed)           1.920    13.331    clk_IBUF
    BUFGCTRL_X0Y16       BUFG (Prop_bufg_I_O)         0.091    13.422 r  clk_IBUF_BUFG_inst/O
                         net (fo=33, routed)          1.512    14.935    clk_IBUF_BUFG
    SLICE_X50Y97         FDRE                                         r  fsm_div_reg[12]/C
                         clock pessimism              0.276    15.211    
                         clock uncertainty           -0.035    15.175    
    SLICE_X50Y97         FDRE (Setup_fdre_C_R)       -0.524    14.651    fsm_div_reg[12]
  -------------------------------------------------------------------
                         required time                         14.651    
                         arrival time                          -9.079    
  -------------------------------------------------------------------
                         slack                                  5.572    

Slack (MET) :             5.572ns  (required time - arrival time)
  Source:                 fsm_div_reg[5]/C
                            (rising edge-triggered cell FDRE clocked by sys_clk  {rise@0.000ns fall@5.000ns period=10.000ns})
  Destination:            fsm_div_reg[13]/R
                            (rising edge-triggered cell FDRE clocked by sys_clk  {rise@0.000ns fall@5.000ns period=10.000ns})
  Path Group:             sys_clk
  Path Type:              Setup (Max at Slow Process Corner)
  Requirement:            10.000ns  (sys_clk rise@10.000ns - sys_clk rise@0.000ns)
  Data Path Delay:        3.845ns  (logic 1.014ns (26.375%)  route 2.831ns (73.625%))
  Logic Levels:           4  (LUT2=1 LUT5=1 LUT6=2)
  Clock Path Skew:        -0.024ns (DCD - SCD + CPR)
    Destination Clock Delay (DCD):    4.935ns = ( 14.935 - 10.000 ) 
    Source Clock Delay      (SCD):    5.235ns
    Clock Pessimism Removal (CPR):    0.276ns
  Clock Uncertainty:      0.035ns  ((TSJ^2 + TIJ^2)^1/2 + DJ) / 2 + PE
    Total System Jitter     (TSJ):    0.071ns
    Total Input Jitter      (TIJ):    0.000ns
    Discrete Jitter          (DJ):    0.000ns
    Phase Error              (PE):    0.000ns

    Location             Delay type                Incr(ns)  Path(ns)    Netlist Resource(s)
  -------------------------------------------------------------------    -------------------
                         (clock sys_clk rise edge)    0.000     0.000 r  
    E3                                                0.000     0.000 r  clk (IN)
                         net (fo=0)                   0.000     0.000    clk
    E3                   IBUF (Prop_ibuf_I_O)         1.482     1.482 r  clk_IBUF_inst/O
                         net (fo=1, routed)           2.025     3.506    clk_IBUF
    BUFGCTRL_X0Y16       BUFG (Prop_bufg_I_O)         0.096     3.602 r  clk_IBUF_BUFG_inst/O
                         net (fo=33, routed)          1.632     5.235    clk_IBUF_BUFG
    SLICE_X50Y95         FDRE                                         r  fsm_div_reg[5]/C
  -------------------------------------------------------------------    -------------------
    SLICE_X50Y95         FDRE (Prop_fdre_C_Q)         0.518     5.753 r  fsm_div_reg[5]/Q
                         net (fo=2, routed)           0.866     6.618    fsm_div_reg[5]
    SLICE_X51Y94         LUT6 (Prop_lut6_I0_O)        0.124     6.742 r  fsm_div[0]_i_6/O
                         net (fo=1, routed)           0.640     7.382    fsm_div[0]_i_6_n_0
    SLICE_X51Y96         LUT6 (Prop_lut6_I2_O)        0.124     7.506 r  fsm_div[0]_i_5/O
                         net (fo=1, routed)           0.149     7.655    fsm_div[0]_i_5_n_0
    SLICE_X51Y96         LUT5 (Prop_lut5_I4_O)        0.124     7.779 r  fsm_div[0]_i_3/O
                         net (fo=2, routed)           0.445     8.223    fsm_div[0]_i_3_n_0
    SLICE_X51Y96         LUT2 (Prop_lut2_I0_O)        0.124     8.347 r  fsm_div[0]_i_1/O
                         net (fo=15, routed)          0.732     9.079    fsm_div[0]_i_1_n_0
    SLICE_X50Y97         FDRE                                         r  fsm_div_reg[13]/R
  -------------------------------------------------------------------    -------------------

                         (clock sys_clk rise edge)   10.000    10.000 r  
    E3                                                0.000    10.000 r  clk (IN)
                         net (fo=0)                   0.000    10.000    clk
    E3                   IBUF (Prop_ibuf_I_O)         1.411    11.411 r  clk_IBUF_inst/O
                         net (fo=1, routed)           1.920    13.331    clk_IBUF
    BUFGCTRL_X0Y16       BUFG (Prop_bufg_I_O)         0.091    13.422 r  clk_IBUF_BUFG_inst/O
                         net (fo=33, routed)          1.512    14.935    clk_IBUF_BUFG
    SLICE_X50Y97         FDRE                                         r  fsm_div_reg[13]/C
                         clock pessimism              0.276    15.211    
                         clock uncertainty           -0.035    15.175    
    SLICE_X50Y97         FDRE (Setup_fdre_C_R)       -0.524    14.651    fsm_div_reg[13]
  -------------------------------------------------------------------
                         required time                         14.651    
                         arrival time                          -9.079    
  -------------------------------------------------------------------
                         slack                                  5.572    

Slack (MET) :             5.572ns  (required time - arrival time)
  Source:                 fsm_div_reg[5]/C
                            (rising edge-triggered cell FDRE clocked by sys_clk  {rise@0.000ns fall@5.000ns period=10.000ns})
  Destination:            fsm_div_reg[14]/R
                            (rising edge-triggered cell FDRE clocked by sys_clk  {rise@0.000ns fall@5.000ns period=10.000ns})
  Path Group:             sys_clk
  Path Type:              Setup (Max at Slow Process Corner)
  Requirement:            10.000ns  (sys_clk rise@10.000ns - sys_clk rise@0.000ns)
  Data Path Delay:        3.845ns  (logic 1.014ns (26.375%)  route 2.831ns (73.625%))
  Logic Levels:           4  (LUT2=1 LUT5=1 LUT6=2)
  Clock Path Skew:        -0.024ns (DCD - SCD + CPR)
    Destination Clock Delay (DCD):    4.935ns = ( 14.935 - 10.000 ) 
    Source Clock Delay      (SCD):    5.235ns
    Clock Pessimism Removal (CPR):    0.276ns
  Clock Uncertainty:      0.035ns  ((TSJ^2 + TIJ^2)^1/2 + DJ) / 2 + PE
    Total System Jitter     (TSJ):    0.071ns
    Total Input Jitter      (TIJ):    0.000ns
    Discrete Jitter          (DJ):    0.000ns
    Phase Error              (PE):    0.000ns

    Location             Delay type                Incr(ns)  Path(ns)    Netlist Resource(s)
  -------------------------------------------------------------------    -------------------
                         (clock sys_clk rise edge)    0.000     0.000 r  
    E3                                                0.000     0.000 r  clk (IN)
                         net (fo=0)                   0.000     0.000    clk
    E3                   IBUF (Prop_ibuf_I_O)         1.482     1.482 r  clk_IBUF_inst/O
                         net (fo=1, routed)           2.025     3.506    clk_IBUF
    BUFGCTRL_X0Y16       BUFG (Prop_bufg_I_O)         0.096     3.602 r  clk_IBUF_BUFG_inst/O
                         net (fo=33, routed)          1.632     5.235    clk_IBUF_BUFG
    SLICE_X50Y95         FDRE                                         r  fsm_div_reg[5]/C
  -------------------------------------------------------------------    -------------------
    SLICE_X50Y95         FDRE (Prop_fdre_C_Q)         0.518     5.753 r  fsm_div_reg[5]/Q
                         net (fo=2, routed)           0.866     6.618    fsm_div_reg[5]
    SLICE_X51Y94         LUT6 (Prop_lut6_I0_O)        0.124     6.742 r  fsm_div[0]_i_6/O
                         net (fo=1, routed)           0.640     7.382    fsm_div[0]_i_6_n_0
    SLICE_X51Y96         LUT6 (Prop_lut6_I2_O)        0.124     7.506 r  fsm_div[0]_i_5/O
                         net (fo=1, routed)           0.149     7.655    fsm_div[0]_i_5_n_0
    SLICE_X51Y96         LUT5 (Prop_lut5_I4_O)        0.124     7.779 r  fsm_div[0]_i_3/O
                         net (fo=2, routed)           0.445     8.223    fsm_div[0]_i_3_n_0
    SLICE_X51Y96         LUT2 (Prop_lut2_I0_O)        0.124     8.347 r  fsm_div[0]_i_1/O
                         net (fo=15, routed)          0.732     9.079    fsm_div[0]_i_1_n_0
    SLICE_X50Y97         FDRE                                         r  fsm_div_reg[14]/R
  -------------------------------------------------------------------    -------------------

                         (clock sys_clk rise edge)   10.000    10.000 r  
    E3                                                0.000    10.000 r  clk (IN)
                         net (fo=0)                   0.000    10.000    clk
    E3                   IBUF (Prop_ibuf_I_O)         1.411    11.411 r  clk_IBUF_inst/O
                         net (fo=1, routed)           1.920    13.331    clk_IBUF
    BUFGCTRL_X0Y16       BUFG (Prop_bufg_I_O)         0.091    13.422 r  clk_IBUF_BUFG_inst/O
                         net (fo=33, routed)          1.512    14.935    clk_IBUF_BUFG
    SLICE_X50Y97         FDRE                                         r  fsm_div_reg[14]/C
                         clock pessimism              0.276    15.211    
                         clock uncertainty           -0.035    15.175    
    SLICE_X50Y97         FDRE (Setup_fdre_C_R)       -0.524    14.651    fsm_div_reg[14]
  -------------------------------------------------------------------
                         required time                         14.651    
                         arrival time                          -9.079    
  -------------------------------------------------------------------
                         slack                                  5.572    

Slack (MET) :             5.707ns  (required time - arrival time)
  Source:                 fsm_div_reg[2]/C
                            (rising edge-triggered cell FDRE clocked by sys_clk  {rise@0.000ns fall@5.000ns period=10.000ns})
  Destination:            fsm_div_reg[4]/R
                            (rising edge-triggered cell FDRE clocked by sys_clk  {rise@0.000ns fall@5.000ns period=10.000ns})
  Path Group:             sys_clk
  Path Type:              Setup (Max at Slow Process Corner)
  Requirement:            10.000ns  (sys_clk rise@10.000ns - sys_clk rise@0.000ns)
  Data Path Delay:        3.709ns  (logic 1.014ns (27.341%)  route 2.695ns (72.659%))
  Logic Levels:           4  (LUT2=1 LUT5=1 LUT6=2)
  Clock Path Skew:        -0.025ns (DCD - SCD + CPR)
    Destination Clock Delay (DCD):    4.934ns = ( 14.934 - 10.000 ) 
    Source Clock Delay      (SCD):    5.235ns
    Clock Pessimism Removal (CPR):    0.276ns
  Clock Uncertainty:      0.035ns  ((TSJ^2 + TIJ^2)^1/2 + DJ) / 2 + PE
    Total System Jitter     (TSJ):    0.071ns
    Total Input Jitter      (TIJ):    0.000ns
    Discrete Jitter          (DJ):    0.000ns
    Phase Error              (PE):    0.000ns

    Location             Delay type                Incr(ns)  Path(ns)    Netlist Resource(s)
  -------------------------------------------------------------------    -------------------
                         (clock sys_clk rise edge)    0.000     0.000 r  
    E3                                                0.000     0.000 r  clk (IN)
                         net (fo=0)                   0.000     0.000    clk
    E3                   IBUF (Prop_ibuf_I_O)         1.482     1.482 r  clk_IBUF_inst/O
                         net (fo=1, routed)           2.025     3.506    clk_IBUF
    BUFGCTRL_X0Y16       BUFG (Prop_bufg_I_O)         0.096     3.602 r  clk_IBUF_BUFG_inst/O
                         net (fo=33, routed)          1.632     5.235    clk_IBUF_BUFG
    SLICE_X50Y94         FDRE                                         r  fsm_div_reg[2]/C
  -------------------------------------------------------------------    -------------------
    SLICE_X50Y94         FDRE (Prop_fdre_C_Q)         0.518     5.753 r  fsm_div_reg[2]/Q
                         net (fo=2, routed)           0.857     6.610    fsm_div_reg[2]
    SLICE_X51Y94         LUT6 (Prop_lut6_I3_O)        0.124     6.734 r  fsm_div[0]_i_6/O
                         net (fo=1, routed)           0.640     7.373    fsm_div[0]_i_6_n_0
    SLICE_X51Y96         LUT6 (Prop_lut6_I2_O)        0.124     7.497 r  fsm_div[0]_i_5/O
                         net (fo=1, routed)           0.149     7.646    fsm_div[0]_i_5_n_0
    SLICE_X51Y96         LUT5 (Prop_lut5_I4_O)        0.124     7.770 r  fsm_div[0]_i_3/O
                         net (fo=2, routed)           0.445     8.215    fsm_div[0]_i_3_n_0
    SLICE_X51Y96         LUT2 (Prop_lut2_I0_O)        0.124     8.339 r  fsm_div[0]_i_1/O
                         net (fo=15, routed)          0.605     8.943    fsm_div[0]_i_1_n_0
    SLICE_X50Y95         FDRE                                         r  fsm_div_reg[4]/R
  -------------------------------------------------------------------    -------------------

                         (clock sys_clk rise edge)   10.000    10.000 r  
    E3                                                0.000    10.000 r  clk (IN)
                         net (fo=0)                   0.000    10.000    clk
    E3                   IBUF (Prop_ibuf_I_O)         1.411    11.411 r  clk_IBUF_inst/O
                         net (fo=1, routed)           1.920    13.331    clk_IBUF
    BUFGCTRL_X0Y16       BUFG (Prop_bufg_I_O)         0.091    13.422 r  clk_IBUF_BUFG_inst/O
                         net (fo=33, routed)          1.511    14.934    clk_IBUF_BUFG
    SLICE_X50Y95         FDRE                                         r  fsm_div_reg[4]/C
                         clock pessimism              0.276    15.210    
                         clock uncertainty           -0.035    15.174    
    SLICE_X50Y95         FDRE (Setup_fdre_C_R)       -0.524    14.650    fsm_div_reg[4]
  -------------------------------------------------------------------
                         required time                         14.650    
                         arrival time                          -8.943    
  -------------------------------------------------------------------
                         slack                                  5.707    

Slack (MET) :             5.707ns  (required time - arrival time)
  Source:                 fsm_div_reg[2]/C
                            (rising edge-triggered cell FDRE clocked by sys_clk  {rise@0.000ns fall@5.000ns period=10.000ns})
  Destination:            fsm_div_reg[5]/R
                            (rising edge-triggered cell FDRE clocked by sys_clk  {rise@0.000ns fall@5.000ns period=10.000ns})
  Path Group:             sys_clk
  Path Type:              Setup (Max at Slow Process Corner)
  Requirement:            10.000ns  (sys_clk rise@10.000ns - sys_clk rise@0.000ns)
  Data Path Delay:        3.709ns  (logic 1.014ns (27.341%)  route 2.695ns (72.659%))
  Logic Levels:           4  (LUT2=1 LUT5=1 LUT6=2)
  Clock Path Skew:        -0.025ns (DCD - SCD + CPR)
    Destination Clock Delay (DCD):    4.934ns = ( 14.934 - 10.000 ) 
    Source Clock Delay      (SCD):    5.235ns
    Clock Pessimism Removal (CPR):    0.276ns
  Clock Uncertainty:      0.035ns  ((TSJ^2 + TIJ^2)^1/2 + DJ) / 2 + PE
    Total System Jitter     (TSJ):    0.071ns
    Total Input Jitter      (TIJ):    0.000ns
    Discrete Jitter          (DJ):    0.000ns
    Phase Error              (PE):    0.000ns

    Location             Delay type                Incr(ns)  Path(ns)    Netlist Resource(s)
  -------------------------------------------------------------------    -------------------
                         (clock sys_clk rise edge)    0.000     0.000 r  
    E3                                                0.000     0.000 r  clk (IN)
                         net (fo=0)                   0.000     0.000    clk
    E3                   IBUF (Prop_ibuf_I_O)         1.482     1.482 r  clk_IBUF_inst/O
                         net (fo=1, routed)           2.025     3.506    clk_IBUF
    BUFGCTRL_X0Y16       BUFG (Prop_bufg_I_O)         0.096     3.602 r  clk_IBUF_BUFG_inst/O
                         net (fo=33, routed)          1.632     5.235    clk_IBUF_BUFG
    SLICE_X50Y94         FDRE                                         r  fsm_div_reg[2]/C
  -------------------------------------------------------------------    -------------------
    SLICE_X50Y94         FDRE (Prop_fdre_C_Q)         0.518     5.753 r  fsm_div_reg[2]/Q
                         net (fo=2, routed)           0.857     6.610    fsm_div_reg[2]
    SLICE_X51Y94         LUT6 (Prop_lut6_I3_O)        0.124     6.734 r  fsm_div[0]_i_6/O
                         net (fo=1, routed)           0.640     7.373    fsm_div[0]_i_6_n_0
    SLICE_X51Y96         LUT6 (Prop_lut6_I2_O)        0.124     7.497 r  fsm_div[0]_i_5/O
                         net (fo=1, routed)           0.149     7.646    fsm_div[0]_i_5_n_0
    SLICE_X51Y96         LUT5 (Prop_lut5_I4_O)        0.124     7.770 r  fsm_div[0]_i_3/O
                         net (fo=2, routed)           0.445     8.215    fsm_div[0]_i_3_n_0
    SLICE_X51Y96         LUT2 (Prop_lut2_I0_O)        0.124     8.339 r  fsm_div[0]_i_1/O
                         net (fo=15, routed)          0.605     8.943    fsm_div[0]_i_1_n_0
    SLICE_X50Y95         FDRE                                         r  fsm_div_reg[5]/R
  -------------------------------------------------------------------    -------------------

                         (clock sys_clk rise edge)   10.000    10.000 r  
    E3                                                0.000    10.000 r  clk (IN)
                         net (fo=0)                   0.000    10.000    clk
    E3                   IBUF (Prop_ibuf_I_O)         1.411    11.411 r  clk_IBUF_inst/O
                         net (fo=1, routed)           1.920    13.331    clk_IBUF
    BUFGCTRL_X0Y16       BUFG (Prop_bufg_I_O)         0.091    13.422 r  clk_IBUF_BUFG_inst/O
                         net (fo=33, routed)          1.511    14.934    clk_IBUF_BUFG
    SLICE_X50Y95         FDRE                                         r  fsm_div_reg[5]/C
                         clock pessimism              0.276    15.210    
                         clock uncertainty           -0.035    15.174    
    SLICE_X50Y95         FDRE (Setup_fdre_C_R)       -0.524    14.650    fsm_div_reg[5]
  -------------------------------------------------------------------
                         required time                         14.650    
                         arrival time                          -8.943    
  -------------------------------------------------------------------
                         slack                                  5.707    

Slack (MET) :             5.707ns  (required time - arrival time)
  Source:                 fsm_div_reg[2]/C
                            (rising edge-triggered cell FDRE clocked by sys_clk  {rise@0.000ns fall@5.000ns period=10.000ns})
  Destination:            fsm_div_reg[6]/R
                            (rising edge-triggered cell FDRE clocked by sys_clk  {rise@0.000ns fall@5.000ns period=10.000ns})
  Path Group:             sys_clk
  Path Type:              Setup (Max at Slow Process Corner)
  Requirement:            10.000ns  (sys_clk rise@10.000ns - sys_clk rise@0.000ns)
  Data Path Delay:        3.709ns  (logic 1.014ns (27.341%)  route 2.695ns (72.659%))
  Logic Levels:           4  (LUT2=1 LUT5=1 LUT6=2)
  Clock Path Skew:        -0.025ns (DCD - SCD + CPR)
    Destination Clock Delay (DCD):    4.934ns = ( 14.934 - 10.000 ) 
    Source Clock Delay      (SCD):    5.235ns
    Clock Pessimism Removal (CPR):    0.276ns
  Clock Uncertainty:      0.035ns  ((TSJ^2 + TIJ^2)^1/2 + DJ) / 2 + PE
    Total System Jitter     (TSJ):    0.071ns
    Total Input Jitter      (TIJ):    0.000ns
    Discrete Jitter          (DJ):    0.000ns
    Phase Error              (PE):    0.000ns

    Location             Delay type                Incr(ns)  Path(ns)    Netlist Resource(s)
  -------------------------------------------------------------------    -------------------
                         (clock sys_clk rise edge)    0.000     0.000 r  
    E3                                                0.000     0.000 r  clk (IN)
                         net (fo=0)                   0.000     0.000    clk
    E3                   IBUF (Prop_ibuf_I_O)         1.482     1.482 r  clk_IBUF_inst/O
                         net (fo=1, routed)           2.025     3.506    clk_IBUF
    BUFGCTRL_X0Y16       BUFG (Prop_bufg_I_O)         0.096     3.602 r  clk_IBUF_BUFG_inst/O
                         net (fo=33, routed)          1.632     5.235    clk_IBUF_BUFG
    SLICE_X50Y94         FDRE                                         r  fsm_div_reg[2]/C
  -------------------------------------------------------------------    -------------------
    SLICE_X50Y94         FDRE (Prop_fdre_C_Q)         0.518     5.753 r  fsm_div_reg[2]/Q
                         net (fo=2, routed)           0.857     6.610    fsm_div_reg[2]
    SLICE_X51Y94         LUT6 (Prop_lut6_I3_O)        0.124     6.734 r  fsm_div[0]_i_6/O
                         net (fo=1, routed)           0.640     7.373    fsm_div[0]_i_6_n_0
    SLICE_X51Y96         LUT6 (Prop_lut6_I2_O)        0.124     7.497 r  fsm_div[0]_i_5/O
                         net (fo=1, routed)           0.149     7.646    fsm_div[0]_i_5_n_0
    SLICE_X51Y96         LUT5 (Prop_lut5_I4_O)        0.124     7.770 r  fsm_div[0]_i_3/O
                         net (fo=2, routed)           0.445     8.215    fsm_div[0]_i_3_n_0
    SLICE_X51Y96         LUT2 (Prop_lut2_I0_O)        0.124     8.339 r  fsm_div[0]_i_1/O
                         net (fo=15, routed)          0.605     8.943    fsm_div[0]_i_1_n_0
    SLICE_X50Y95         FDRE                                         r  fsm_div_reg[6]/R
  -------------------------------------------------------------------    -------------------

                         (clock sys_clk rise edge)   10.000    10.000 r  
    E3                                                0.000    10.000 r  clk (IN)
                         net (fo=0)                   0.000    10.000    clk
    E3                   IBUF (Prop_ibuf_I_O)         1.411    11.411 r  clk_IBUF_inst/O
                         net (fo=1, routed)           1.920    13.331    clk_IBUF
    BUFGCTRL_X0Y16       BUFG (Prop_bufg_I_O)         0.091    13.422 r  clk_IBUF_BUFG_inst/O
                         net (fo=33, routed)          1.511    14.934    clk_IBUF_BUFG
    SLICE_X50Y95         FDRE                                         r  fsm_div_reg[6]/C
                         clock pessimism              0.276    15.210    
                         clock uncertainty           -0.035    15.174    
    SLICE_X50Y95         FDRE (Setup_fdre_C_R)       -0.524    14.650    fsm_div_reg[6]
  -------------------------------------------------------------------
                         required time                         14.650    
                         arrival time                          -8.943    
  -------------------------------------------------------------------
                         slack                                  5.707    





Min Delay Paths
--------------------------------------------------------------------------------------
Slack (MET) :             0.101ns  (arrival time - required time)
  Source:                 u_display/scan_cnt_reg[11]/C
                            (rising edge-triggered cell FDRE clocked by sys_clk  {rise@0.000ns fall@5.000ns period=10.000ns})
  Destination:            u_display/scan_cnt_reg[12]/D
                            (rising edge-triggered cell FDRE clocked by sys_clk  {rise@0.000ns fall@5.000ns period=10.000ns})
  Path Group:             sys_clk
  Path Type:              Hold (Min at Fast Process Corner)
  Requirement:            0.000ns  (sys_clk rise@0.000ns - sys_clk rise@0.000ns)
  Data Path Delay:        0.473ns  (logic 0.355ns (75.068%)  route 0.118ns (24.932%))
  Logic Levels:           2  (CARRY4=2)
  Clock Path Skew:        0.267ns (DCD - SCD - CPR)
    Destination Clock Delay (DCD):    2.037ns
    Source Clock Delay      (SCD):    1.524ns
    Clock Pessimism Removal (CPR):    0.245ns

    Location             Delay type                Incr(ns)  Path(ns)    Netlist Resource(s)
  -------------------------------------------------------------------    -------------------
                         (clock sys_clk rise edge)    0.000     0.000 r  
    E3                                                0.000     0.000 r  clk (IN)
                         net (fo=0)                   0.000     0.000    clk
    E3                   IBUF (Prop_ibuf_I_O)         0.250     0.250 r  clk_IBUF_inst/O
                         net (fo=1, routed)           0.644     0.894    clk_IBUF
    BUFGCTRL_X0Y16       BUFG (Prop_bufg_I_O)         0.026     0.920 r  clk_IBUF_BUFG_inst/O
                         net (fo=33, routed)          0.605     1.524    u_display/clk_IBUF_BUFG
    SLICE_X3Y99          FDRE                                         r  u_display/scan_cnt_reg[11]/C
  -------------------------------------------------------------------    -------------------
    SLICE_X3Y99          FDRE (Prop_fdre_C_Q)         0.141     1.665 r  u_display/scan_cnt_reg[11]/Q
                         net (fo=2, routed)           0.117     1.783    u_display/scan_cnt_reg[11]
    SLICE_X3Y99          CARRY4 (Prop_carry4_S[3]_CO[3])
                                                      0.160     1.943 r  u_display/scan_cnt_reg[8]_i_1/CO[3]
                         net (fo=1, routed)           0.001     1.943    u_display/scan_cnt_reg[8]_i_1_n_0
    SLICE_X3Y100         CARRY4 (Prop_carry4_CI_O[0])
                                                      0.054     1.997 r  u_display/scan_cnt_reg[12]_i_1/O[0]
                         net (fo=1, routed)           0.000     1.997    u_display/scan_cnt_reg[12]_i_1_n_7
    SLICE_X3Y100         FDRE                                         r  u_display/scan_cnt_reg[12]/D
  -------------------------------------------------------------------    -------------------

                         (clock sys_clk rise edge)    0.000     0.000 r  
    E3                                                0.000     0.000 r  clk (IN)
                         net (fo=0)                   0.000     0.000    clk
    E3                   IBUF (Prop_ibuf_I_O)         0.438     0.438 r  clk_IBUF_inst/O
                         net (fo=1, routed)           0.699     1.136    clk_IBUF
    BUFGCTRL_X0Y16       BUFG (Prop_bufg_I_O)         0.029     1.165 r  clk_IBUF_BUFG_inst/O
                         net (fo=33, routed)          0.872     2.037    u_display/clk_IBUF_BUFG
    SLICE_X3Y100         FDRE                                         r  u_display/scan_cnt_reg[12]/C
                         clock pessimism             -0.245     1.791    
    SLICE_X3Y100         FDRE (Hold_fdre_C_D)         0.105     1.896    u_display/scan_cnt_reg[12]
  -------------------------------------------------------------------
                         required time                         -1.896    
                         arrival time                           1.997    
  -------------------------------------------------------------------
                         slack                                  0.101    

Slack (MET) :             0.137ns  (arrival time - required time)
  Source:                 u_display/scan_cnt_reg[11]/C
                            (rising edge-triggered cell FDRE clocked by sys_clk  {rise@0.000ns fall@5.000ns period=10.000ns})
  Destination:            u_display/scan_cnt_reg[13]/D
                            (rising edge-triggered cell FDRE clocked by sys_clk  {rise@0.000ns fall@5.000ns period=10.000ns})
  Path Group:             sys_clk
  Path Type:              Hold (Min at Fast Process Corner)
  Requirement:            0.000ns  (sys_clk rise@0.000ns - sys_clk rise@0.000ns)
  Data Path Delay:        0.509ns  (logic 0.391ns (76.832%)  route 0.118ns (23.168%))
  Logic Levels:           2  (CARRY4=2)
  Clock Path Skew:        0.267ns (DCD - SCD - CPR)
    Destination Clock Delay (DCD):    2.037ns
    Source Clock Delay      (SCD):    1.524ns
    Clock Pessimism Removal (CPR):    0.245ns

    Location             Delay type                Incr(ns)  Path(ns)    Netlist Resource(s)
  -------------------------------------------------------------------    -------------------
                         (clock sys_clk rise edge)    0.000     0.000 r  
    E3                                                0.000     0.000 r  clk (IN)
                         net (fo=0)                   0.000     0.000    clk
    E3                   IBUF (Prop_ibuf_I_O)         0.250     0.250 r  clk_IBUF_inst/O
                         net (fo=1, routed)           0.644     0.894    clk_IBUF
    BUFGCTRL_X0Y16       BUFG (Prop_bufg_I_O)         0.026     0.920 r  clk_IBUF_BUFG_inst/O
                         net (fo=33, routed)          0.605     1.524    u_display/clk_IBUF_BUFG
    SLICE_X3Y99          FDRE                                         r  u_display/scan_cnt_reg[11]/C
  -------------------------------------------------------------------    -------------------
    SLICE_X3Y99          FDRE (Prop_fdre_C_Q)         0.141     1.665 r  u_display/scan_cnt_reg[11]/Q
                         net (fo=2, routed)           0.117     1.783    u_display/scan_cnt_reg[11]
    SLICE_X3Y99          CARRY4 (Prop_carry4_S[3]_CO[3])
                                                      0.160     1.943 r  u_display/scan_cnt_reg[8]_i_1/CO[3]
                         net (fo=1, routed)           0.001     1.943    u_display/scan_cnt_reg[8]_i_1_n_0
    SLICE_X3Y100         CARRY4 (Prop_carry4_CI_O[1])
                                                      0.090     2.033 r  u_display/scan_cnt_reg[12]_i_1/O[1]
                         net (fo=1, routed)           0.000     2.033    u_display/scan_cnt_reg[12]_i_1_n_6
    SLICE_X3Y100         FDRE                                         r  u_display/scan_cnt_reg[13]/D
  -------------------------------------------------------------------    -------------------

                         (clock sys_clk rise edge)    0.000     0.000 r  
    E3                                                0.000     0.000 r  clk (IN)
                         net (fo=0)                   0.000     0.000    clk
    E3                   IBUF (Prop_ibuf_I_O)         0.438     0.438 r  clk_IBUF_inst/O
                         net (fo=1, routed)           0.699     1.136    clk_IBUF
    BUFGCTRL_X0Y16       BUFG (Prop_bufg_I_O)         0.029     1.165 r  clk_IBUF_BUFG_inst/O
                         net (fo=33, routed)          0.872     2.037    u_display/clk_IBUF_BUFG
    SLICE_X3Y100         FDRE                                         r  u_display/scan_cnt_reg[13]/C
                         clock pessimism             -0.245     1.791    
    SLICE_X3Y100         FDRE (Hold_fdre_C_D)         0.105     1.896    u_display/scan_cnt_reg[13]
  -------------------------------------------------------------------
                         required time                         -1.896    
                         arrival time                           2.033    
  -------------------------------------------------------------------
                         slack                                  0.137    

Slack (MET) :             0.258ns  (arrival time - required time)
  Source:                 u_display/digit_sel_reg[0]/C
                            (rising edge-triggered cell FDRE clocked by sys_clk  {rise@0.000ns fall@5.000ns period=10.000ns})
  Destination:            u_display/digit_sel_reg[0]/D
                            (rising edge-triggered cell FDRE clocked by sys_clk  {rise@0.000ns fall@5.000ns period=10.000ns})
  Path Group:             sys_clk
  Path Type:              Hold (Min at Fast Process Corner)
  Requirement:            0.000ns  (sys_clk rise@0.000ns - sys_clk rise@0.000ns)
  Data Path Delay:        0.363ns  (logic 0.183ns (50.353%)  route 0.180ns (49.647%))
  Logic Levels:           1  (LUT2=1)
  Clock Path Skew:        0.000ns (DCD - SCD - CPR)
    Destination Clock Delay (DCD):    2.037ns
    Source Clock Delay      (SCD):    1.518ns
    Clock Pessimism Removal (CPR):    0.518ns

    Location             Delay type                Incr(ns)  Path(ns)    Netlist Resource(s)
  -------------------------------------------------------------------    -------------------
                         (clock sys_clk rise edge)    0.000     0.000 r  
    E3                                                0.000     0.000 r  clk (IN)
                         net (fo=0)                   0.000     0.000    clk
    E3                   IBUF (Prop_ibuf_I_O)         0.250     0.250 r  clk_IBUF_inst/O
                         net (fo=1, routed)           0.644     0.894    clk_IBUF
    BUFGCTRL_X0Y16       BUFG (Prop_bufg_I_O)         0.026     0.920 r  clk_IBUF_BUFG_inst/O
                         net (fo=33, routed)          0.599     1.518    u_display/clk_IBUF_BUFG
    SLICE_X1Y102         FDRE                                         r  u_display/digit_sel_reg[0]/C
  -------------------------------------------------------------------    -------------------
    SLICE_X1Y102         FDRE (Prop_fdre_C_Q)         0.141     1.659 r  u_display/digit_sel_reg[0]/Q
                         net (fo=30, routed)          0.180     1.840    u_display/digit_sel[0]
    SLICE_X1Y102         LUT2 (Prop_lut2_I1_O)        0.042     1.882 r  u_display/digit_sel[0]_i_1/O
                         net (fo=1, routed)           0.000     1.882    u_display/digit_sel[0]_i_1_n_0
    SLICE_X1Y102         FDRE                                         r  u_display/digit_sel_reg[0]/D
  -------------------------------------------------------------------    -------------------

                         (clock sys_clk rise edge)    0.000     0.000 r  
    E3                                                0.000     0.000 r  clk (IN)
                         net (fo=0)                   0.000     0.000    clk
    E3                   IBUF (Prop_ibuf_I_O)         0.438     0.438 r  clk_IBUF_inst/O
                         net (fo=1, routed)           0.699     1.136    clk_IBUF
    BUFGCTRL_X0Y16       BUFG (Prop_bufg_I_O)         0.029     1.165 r  clk_IBUF_BUFG_inst/O
                         net (fo=33, routed)          0.872     2.037    u_display/clk_IBUF_BUFG
    SLICE_X1Y102         FDRE                                         r  u_display/digit_sel_reg[0]/C
                         clock pessimism             -0.518     1.518    
    SLICE_X1Y102         FDRE (Hold_fdre_C_D)         0.105     1.623    u_display/digit_sel_reg[0]
  -------------------------------------------------------------------
                         required time                         -1.623    
                         arrival time                           1.882    
  -------------------------------------------------------------------
                         slack                                  0.258    

Slack (MET) :             0.261ns  (arrival time - required time)
  Source:                 u_display/scan_cnt_reg[11]/C
                            (rising edge-triggered cell FDRE clocked by sys_clk  {rise@0.000ns fall@5.000ns period=10.000ns})
  Destination:            u_display/scan_cnt_reg[11]/D
                            (rising edge-triggered cell FDRE clocked by sys_clk  {rise@0.000ns fall@5.000ns period=10.000ns})
  Path Group:             sys_clk
  Path Type:              Hold (Min at Fast Process Corner)
  Requirement:            0.000ns  (sys_clk rise@0.000ns - sys_clk rise@0.000ns)
  Data Path Delay:        0.366ns  (logic 0.249ns (67.994%)  route 0.117ns (32.006%))
  Logic Levels:           1  (CARRY4=1)
  Clock Path Skew:        0.000ns (DCD - SCD - CPR)
    Destination Clock Delay (DCD):    2.043ns
    Source Clock Delay      (SCD):    1.524ns
    Clock Pessimism Removal (CPR):    0.518ns

    Location             Delay type                Incr(ns)  Path(ns)    Netlist Resource(s)
  -------------------------------------------------------------------    -------------------
                         (clock sys_clk rise edge)    0.000     0.000 r  
    E3                                                0.000     0.000 r  clk (IN)
                         net (fo=0)                   0.000     0.000    clk
    E3                   IBUF (Prop_ibuf_I_O)         0.250     0.250 r  clk_IBUF_inst/O
                         net (fo=1, routed)           0.644     0.894    clk_IBUF
    BUFGCTRL_X0Y16       BUFG (Prop_bufg_I_O)         0.026     0.920 r  clk_IBUF_BUFG_inst/O
                         net (fo=33, routed)          0.605     1.524    u_display/clk_IBUF_BUFG
    SLICE_X3Y99          FDRE                                         r  u_display/scan_cnt_reg[11]/C
  -------------------------------------------------------------------    -------------------
    SLICE_X3Y99          FDRE (Prop_fdre_C_Q)         0.141     1.665 r  u_display/scan_cnt_reg[11]/Q
                         net (fo=2, routed)           0.117     1.783    u_display/scan_cnt_reg[11]
    SLICE_X3Y99          CARRY4 (Prop_carry4_S[3]_O[3])
                                                      0.108     1.891 r  u_display/scan_cnt_reg[8]_i_1/O[3]
                         net (fo=1, routed)           0.000     1.891    u_display/scan_cnt_reg[8]_i_1_n_4
    SLICE_X3Y99          FDRE                                         r  u_display/scan_cnt_reg[11]/D
  -------------------------------------------------------------------    -------------------

                         (clock sys_clk rise edge)    0.000     0.000 r  
    E3                                                0.000     0.000 r  clk (IN)
                         net (fo=0)                   0.000     0.000    clk
    E3                   IBUF (Prop_ibuf_I_O)         0.438     0.438 r  clk_IBUF_inst/O
                         net (fo=1, routed)           0.699     1.136    clk_IBUF
    BUFGCTRL_X0Y16       BUFG (Prop_bufg_I_O)         0.029     1.165 r  clk_IBUF_BUFG_inst/O
                         net (fo=33, routed)          0.878     2.043    u_display/clk_IBUF_BUFG
    SLICE_X3Y99          FDRE                                         r  u_display/scan_cnt_reg[11]/C
                         clock pessimism             -0.518     1.524    
    SLICE_X3Y99          FDRE (Hold_fdre_C_D)         0.105     1.629    u_display/scan_cnt_reg[11]
  -------------------------------------------------------------------
                         required time                         -1.629    
                         arrival time                           1.891    
  -------------------------------------------------------------------
                         slack                                  0.261    

Slack (MET) :             0.261ns  (arrival time - required time)
  Source:                 u_display/scan_cnt_reg[3]/C
                            (rising edge-triggered cell FDRE clocked by sys_clk  {rise@0.000ns fall@5.000ns period=10.000ns})
  Destination:            u_display/scan_cnt_reg[3]/D
                            (rising edge-triggered cell FDRE clocked by sys_clk  {rise@0.000ns fall@5.000ns period=10.000ns})
  Path Group:             sys_clk
  Path Type:              Hold (Min at Fast Process Corner)
  Requirement:            0.000ns  (sys_clk rise@0.000ns - sys_clk rise@0.000ns)
  Data Path Delay:        0.366ns  (logic 0.249ns (67.994%)  route 0.117ns (32.006%))
  Logic Levels:           1  (CARRY4=1)
  Clock Path Skew:        0.000ns (DCD - SCD - CPR)
    Destination Clock Delay (DCD):    2.043ns
    Source Clock Delay      (SCD):    1.524ns
    Clock Pessimism Removal (CPR):    0.518ns

    Location             Delay type                Incr(ns)  Path(ns)    Netlist Resource(s)
  -------------------------------------------------------------------    -------------------
                         (clock sys_clk rise edge)    0.000     0.000 r  
    E3                                                0.000     0.000 r  clk (IN)
                         net (fo=0)                   0.000     0.000    clk
    E3                   IBUF (Prop_ibuf_I_O)         0.250     0.250 r  clk_IBUF_inst/O
                         net (fo=1, routed)           0.644     0.894    clk_IBUF
    BUFGCTRL_X0Y16       BUFG (Prop_bufg_I_O)         0.026     0.920 r  clk_IBUF_BUFG_inst/O
                         net (fo=33, routed)          0.605     1.524    u_display/clk_IBUF_BUFG
    SLICE_X3Y97          FDRE                                         r  u_display/scan_cnt_reg[3]/C
  -------------------------------------------------------------------    -------------------
    SLICE_X3Y97          FDRE (Prop_fdre_C_Q)         0.141     1.665 r  u_display/scan_cnt_reg[3]/Q
                         net (fo=2, routed)           0.117     1.783    u_display/scan_cnt_reg[3]
    SLICE_X3Y97          CARRY4 (Prop_carry4_S[3]_O[3])
                                                      0.108     1.891 r  u_display/scan_cnt_reg[0]_i_2/O[3]
                         net (fo=1, routed)           0.000     1.891    u_display/scan_cnt_reg[0]_i_2_n_4
    SLICE_X3Y97          FDRE                                         r  u_display/scan_cnt_reg[3]/D
  -------------------------------------------------------------------    -------------------

                         (clock sys_clk rise edge)    0.000     0.000 r  
    E3                                                0.000     0.000 r  clk (IN)
                         net (fo=0)                   0.000     0.000    clk
    E3                   IBUF (Prop_ibuf_I_O)         0.438     0.438 r  clk_IBUF_inst/O
                         net (fo=1, routed)           0.699     1.136    clk_IBUF
    BUFGCTRL_X0Y16       BUFG (Prop_bufg_I_O)         0.029     1.165 r  clk_IBUF_BUFG_inst/O
                         net (fo=33, routed)          0.878     2.043    u_display/clk_IBUF_BUFG
    SLICE_X3Y97          FDRE                                         r  u_display/scan_cnt_reg[3]/C
                         clock pessimism             -0.518     1.524    
    SLICE_X3Y97          FDRE (Hold_fdre_C_D)         0.105     1.629    u_display/scan_cnt_reg[3]
  -------------------------------------------------------------------
                         required time                         -1.629    
                         arrival time                           1.891    
  -------------------------------------------------------------------
                         slack                                  0.261    

Slack (MET) :             0.261ns  (arrival time - required time)
  Source:                 u_display/scan_cnt_reg[7]/C
                            (rising edge-triggered cell FDRE clocked by sys_clk  {rise@0.000ns fall@5.000ns period=10.000ns})
  Destination:            u_display/scan_cnt_reg[7]/D
                            (rising edge-triggered cell FDRE clocked by sys_clk  {rise@0.000ns fall@5.000ns period=10.000ns})
  Path Group:             sys_clk
  Path Type:              Hold (Min at Fast Process Corner)
  Requirement:            0.000ns  (sys_clk rise@0.000ns - sys_clk rise@0.000ns)
  Data Path Delay:        0.366ns  (logic 0.249ns (67.994%)  route 0.117ns (32.006%))
  Logic Levels:           1  (CARRY4=1)
  Clock Path Skew:        0.000ns (DCD - SCD - CPR)
    Destination Clock Delay (DCD):    2.043ns
    Source Clock Delay      (SCD):    1.524ns
    Clock Pessimism Removal (CPR):    0.518ns

    Location             Delay type                Incr(ns)  Path(ns)    Netlist Resource(s)
  -------------------------------------------------------------------    -------------------
                         (clock sys_clk rise edge)    0.000     0.000 r  
    E3                                                0.000     0.000 r  clk (IN)
                         net (fo=0)                   0.000     0.000    clk
    E3                   IBUF (Prop_ibuf_I_O)         0.250     0.250 r  clk_IBUF_inst/O
                         net (fo=1, routed)           0.644     0.894    clk_IBUF
    BUFGCTRL_X0Y16       BUFG (Prop_bufg_I_O)         0.026     0.920 r  clk_IBUF_BUFG_inst/O
                         net (fo=33, routed)          0.605     1.524    u_display/clk_IBUF_BUFG
    SLICE_X3Y98          FDRE                                         r  u_display/scan_cnt_reg[7]/C
  -------------------------------------------------------------------    -------------------
    SLICE_X3Y98          FDRE (Prop_fdre_C_Q)         0.141     1.665 r  u_display/scan_cnt_reg[7]/Q
                         net (fo=2, routed)           0.117     1.783    u_display/scan_cnt_reg[7]
    SLICE_X3Y98          CARRY4 (Prop_carry4_S[3]_O[3])
                                                      0.108     1.891 r  u_display/scan_cnt_reg[4]_i_1/O[3]
                         net (fo=1, routed)           0.000     1.891    u_display/scan_cnt_reg[4]_i_1_n_4
    SLICE_X3Y98          FDRE                                         r  u_display/scan_cnt_reg[7]/D
  -------------------------------------------------------------------    -------------------

                         (clock sys_clk rise edge)    0.000     0.000 r  
    E3                                                0.000     0.000 r  clk (IN)
                         net (fo=0)                   0.000     0.000    clk
    E3                   IBUF (Prop_ibuf_I_O)         0.438     0.438 r  clk_IBUF_inst/O
                         net (fo=1, routed)           0.699     1.136    clk_IBUF
    BUFGCTRL_X0Y16       BUFG (Prop_bufg_I_O)         0.029     1.165 r  clk_IBUF_BUFG_inst/O
                         net (fo=33, routed)          0.878     2.043    u_display/clk_IBUF_BUFG
    SLICE_X3Y98          FDRE                                         r  u_display/scan_cnt_reg[7]/C
                         clock pessimism             -0.518     1.524    
    SLICE_X3Y98          FDRE (Hold_fdre_C_D)         0.105     1.629    u_display/scan_cnt_reg[7]
  -------------------------------------------------------------------
                         required time                         -1.629    
                         arrival time                           1.891    
  -------------------------------------------------------------------
                         slack                                  0.261    

Slack (MET) :             0.263ns  (arrival time - required time)
  Source:                 fsm_clk_reg/C
                            (rising edge-triggered cell FDRE clocked by sys_clk  {rise@0.000ns fall@5.000ns period=10.000ns})
  Destination:            fsm_clk_reg/D
                            (rising edge-triggered cell FDRE clocked by sys_clk  {rise@0.000ns fall@5.000ns period=10.000ns})
  Path Group:             sys_clk
  Path Type:              Hold (Min at Fast Process Corner)
  Requirement:            0.000ns  (sys_clk rise@0.000ns - sys_clk rise@0.000ns)
  Data Path Delay:        0.354ns  (logic 0.186ns (52.498%)  route 0.168ns (47.502%))
  Logic Levels:           1  (LUT3=1)
  Clock Path Skew:        0.000ns (DCD - SCD - CPR)
    Destination Clock Delay (DCD):    2.000ns
    Source Clock Delay      (SCD):    1.484ns
    Clock Pessimism Removal (CPR):    0.515ns

    Location             Delay type                Incr(ns)  Path(ns)    Netlist Resource(s)
  -------------------------------------------------------------------    -------------------
                         (clock sys_clk rise edge)    0.000     0.000 r  
    E3                                                0.000     0.000 r  clk (IN)
                         net (fo=0)                   0.000     0.000    clk
    E3                   IBUF (Prop_ibuf_I_O)         0.250     0.250 r  clk_IBUF_inst/O
                         net (fo=1, routed)           0.644     0.894    clk_IBUF
    BUFGCTRL_X0Y16       BUFG (Prop_bufg_I_O)         0.026     0.920 r  clk_IBUF_BUFG_inst/O
                         net (fo=33, routed)          0.565     1.484    clk_IBUF_BUFG
    SLICE_X51Y96         FDRE                                         r  fsm_clk_reg/C
  -------------------------------------------------------------------    -------------------
    SLICE_X51Y96         FDRE (Prop_fdre_C_Q)         0.141     1.625 r  fsm_clk_reg/Q
                         net (fo=2, routed)           0.168     1.794    fsm_clk
    SLICE_X51Y96         LUT3 (Prop_lut3_I1_O)        0.045     1.839 r  fsm_clk_i_1/O
                         net (fo=1, routed)           0.000     1.839    fsm_clk_i_1_n_0
    SLICE_X51Y96         FDRE                                         r  fsm_clk_reg/D
  -------------------------------------------------------------------    -------------------

                         (clock sys_clk rise edge)    0.000     0.000 r  
    E3                                                0.000     0.000 r  clk (IN)
                         net (fo=0)                   0.000     0.000    clk
    E3                   IBUF (Prop_ibuf_I_O)         0.438     0.438 r  clk_IBUF_inst/O
                         net (fo=1, routed)           0.699     1.136    clk_IBUF
    BUFGCTRL_X0Y16       BUFG (Prop_bufg_I_O)         0.029     1.165 r  clk_IBUF_BUFG_inst/O
                         net (fo=33, routed)          0.835     2.000    clk_IBUF_BUFG
    SLICE_X51Y96         FDRE                                         r  fsm_clk_reg/C
                         clock pessimism             -0.515     1.484    
    SLICE_X51Y96         FDRE (Hold_fdre_C_D)         0.091     1.575    fsm_clk_reg
  -------------------------------------------------------------------
                         required time                         -1.575    
                         arrival time                           1.839    
  -------------------------------------------------------------------
                         slack                                  0.263    

Slack (MET) :             0.265ns  (arrival time - required time)
  Source:                 fsm_div_reg[10]/C
                            (rising edge-triggered cell FDRE clocked by sys_clk  {rise@0.000ns fall@5.000ns period=10.000ns})
  Destination:            fsm_div_reg[10]/D
                            (rising edge-triggered cell FDRE clocked by sys_clk  {rise@0.000ns fall@5.000ns period=10.000ns})
  Path Group:             sys_clk
  Path Type:              Hold (Min at Fast Process Corner)
  Requirement:            0.000ns  (sys_clk rise@0.000ns - sys_clk rise@0.000ns)
  Data Path Delay:        0.399ns  (logic 0.274ns (68.589%)  route 0.125ns (31.411%))
  Logic Levels:           1  (CARRY4=1)
  Clock Path Skew:        0.000ns (DCD - SCD - CPR)
    Destination Clock Delay (DCD):    2.000ns
    Source Clock Delay      (SCD):    1.484ns
    Clock Pessimism Removal (CPR):    0.515ns

    Location             Delay type                Incr(ns)  Path(ns)    Netlist Resource(s)
  -------------------------------------------------------------------    -------------------
                         (clock sys_clk rise edge)    0.000     0.000 r  
    E3                                                0.000     0.000 r  clk (IN)
                         net (fo=0)                   0.000     0.000    clk
    E3                   IBUF (Prop_ibuf_I_O)         0.250     0.250 r  clk_IBUF_inst/O
                         net (fo=1, routed)           0.644     0.894    clk_IBUF
    BUFGCTRL_X0Y16       BUFG (Prop_bufg_I_O)         0.026     0.920 r  clk_IBUF_BUFG_inst/O
                         net (fo=33, routed)          0.565     1.484    clk_IBUF_BUFG
    SLICE_X50Y96         FDRE                                         r  fsm_div_reg[10]/C
  -------------------------------------------------------------------    -------------------
    SLICE_X50Y96         FDRE (Prop_fdre_C_Q)         0.164     1.648 r  fsm_div_reg[10]/Q
                         net (fo=2, routed)           0.125     1.774    fsm_div_reg[10]
    SLICE_X50Y96         CARRY4 (Prop_carry4_S[2]_O[2])
                                                      0.110     1.884 r  fsm_div_reg[8]_i_1/O[2]
                         net (fo=1, routed)           0.000     1.884    fsm_div_reg[8]_i_1_n_5
    SLICE_X50Y96         FDRE                                         r  fsm_div_reg[10]/D
  -------------------------------------------------------------------    -------------------

                         (clock sys_clk rise edge)    0.000     0.000 r  
    E3                                                0.000     0.000 r  clk (IN)
                         net (fo=0)                   0.000     0.000    clk
    E3                   IBUF (Prop_ibuf_I_O)         0.438     0.438 r  clk_IBUF_inst/O
                         net (fo=1, routed)           0.699     1.136    clk_IBUF
    BUFGCTRL_X0Y16       BUFG (Prop_bufg_I_O)         0.029     1.165 r  clk_IBUF_BUFG_inst/O
                         net (fo=33, routed)          0.835     2.000    clk_IBUF_BUFG
    SLICE_X50Y96         FDRE                                         r  fsm_div_reg[10]/C
                         clock pessimism             -0.515     1.484    
    SLICE_X50Y96         FDRE (Hold_fdre_C_D)         0.134     1.618    fsm_div_reg[10]
  -------------------------------------------------------------------
                         required time                         -1.618    
                         arrival time                           1.884    
  -------------------------------------------------------------------
                         slack                                  0.265    

Slack (MET) :             0.266ns  (arrival time - required time)
  Source:                 fsm_div_reg[2]/C
                            (rising edge-triggered cell FDRE clocked by sys_clk  {rise@0.000ns fall@5.000ns period=10.000ns})
  Destination:            fsm_div_reg[2]/D
                            (rising edge-triggered cell FDRE clocked by sys_clk  {rise@0.000ns fall@5.000ns period=10.000ns})
  Path Group:             sys_clk
  Path Type:              Hold (Min at Fast Process Corner)
  Requirement:            0.000ns  (sys_clk rise@0.000ns - sys_clk rise@0.000ns)
  Data Path Delay:        0.400ns  (logic 0.274ns (68.524%)  route 0.126ns (31.476%))
  Logic Levels:           1  (CARRY4=1)
  Clock Path Skew:        0.000ns (DCD - SCD - CPR)
    Destination Clock Delay (DCD):    2.000ns
    Source Clock Delay      (SCD):    1.484ns
    Clock Pessimism Removal (CPR):    0.515ns

    Location             Delay type                Incr(ns)  Path(ns)    Netlist Resource(s)
  -------------------------------------------------------------------    -------------------
                         (clock sys_clk rise edge)    0.000     0.000 r  
    E3                                                0.000     0.000 r  clk (IN)
                         net (fo=0)                   0.000     0.000    clk
    E3                   IBUF (Prop_ibuf_I_O)         0.250     0.250 r  clk_IBUF_inst/O
                         net (fo=1, routed)           0.644     0.894    clk_IBUF
    BUFGCTRL_X0Y16       BUFG (Prop_bufg_I_O)         0.026     0.920 r  clk_IBUF_BUFG_inst/O
                         net (fo=33, routed)          0.565     1.484    clk_IBUF_BUFG
    SLICE_X50Y94         FDRE                                         r  fsm_div_reg[2]/C
  -------------------------------------------------------------------    -------------------
    SLICE_X50Y94         FDRE (Prop_fdre_C_Q)         0.164     1.648 r  fsm_div_reg[2]/Q
                         net (fo=2, routed)           0.126     1.774    fsm_div_reg[2]
    SLICE_X50Y94         CARRY4 (Prop_carry4_S[2]_O[2])
                                                      0.110     1.884 r  fsm_div_reg[0]_i_2/O[2]
                         net (fo=1, routed)           0.000     1.884    fsm_div_reg[0]_i_2_n_5
    SLICE_X50Y94         FDRE                                         r  fsm_div_reg[2]/D
  -------------------------------------------------------------------    -------------------

                         (clock sys_clk rise edge)    0.000     0.000 r  
    E3                                                0.000     0.000 r  clk (IN)
                         net (fo=0)                   0.000     0.000    clk
    E3                   IBUF (Prop_ibuf_I_O)         0.438     0.438 r  clk_IBUF_inst/O
                         net (fo=1, routed)           0.699     1.136    clk_IBUF
    BUFGCTRL_X0Y16       BUFG (Prop_bufg_I_O)         0.029     1.165 r  clk_IBUF_BUFG_inst/O
                         net (fo=33, routed)          0.835     2.000    clk_IBUF_BUFG
    SLICE_X50Y94         FDRE                                         r  fsm_div_reg[2]/C
                         clock pessimism             -0.515     1.484    
    SLICE_X50Y94         FDRE (Hold_fdre_C_D)         0.134     1.618    fsm_div_reg[2]
  -------------------------------------------------------------------
                         required time                         -1.618    
                         arrival time                           1.884    
  -------------------------------------------------------------------
                         slack                                  0.266    

Slack (MET) :             0.267ns  (arrival time - required time)
  Source:                 fsm_div_reg[6]/C
                            (rising edge-triggered cell FDRE clocked by sys_clk  {rise@0.000ns fall@5.000ns period=10.000ns})
  Destination:            fsm_div_reg[6]/D
                            (rising edge-triggered cell FDRE clocked by sys_clk  {rise@0.000ns fall@5.000ns period=10.000ns})
  Path Group:             sys_clk
  Path Type:              Hold (Min at Fast Process Corner)
  Requirement:            0.000ns  (sys_clk rise@0.000ns - sys_clk rise@0.000ns)
  Data Path Delay:        0.401ns  (logic 0.274ns (68.412%)  route 0.127ns (31.588%))
  Logic Levels:           1  (CARRY4=1)
  Clock Path Skew:        0.000ns (DCD - SCD - CPR)
    Destination Clock Delay (DCD):    2.000ns
    Source Clock Delay      (SCD):    1.484ns
    Clock Pessimism Removal (CPR):    0.515ns

    Location             Delay type                Incr(ns)  Path(ns)    Netlist Resource(s)
  -------------------------------------------------------------------    -------------------
                         (clock sys_clk rise edge)    0.000     0.000 r  
    E3                                                0.000     0.000 r  clk (IN)
                         net (fo=0)                   0.000     0.000    clk
    E3                   IBUF (Prop_ibuf_I_O)         0.250     0.250 r  clk_IBUF_inst/O
                         net (fo=1, routed)           0.644     0.894    clk_IBUF
    BUFGCTRL_X0Y16       BUFG (Prop_bufg_I_O)         0.026     0.920 r  clk_IBUF_BUFG_inst/O
                         net (fo=33, routed)          0.565     1.484    clk_IBUF_BUFG
    SLICE_X50Y95         FDRE                                         r  fsm_div_reg[6]/C
  -------------------------------------------------------------------    -------------------
    SLICE_X50Y95         FDRE (Prop_fdre_C_Q)         0.164     1.648 r  fsm_div_reg[6]/Q
                         net (fo=2, routed)           0.127     1.775    fsm_div_reg[6]
    SLICE_X50Y95         CARRY4 (Prop_carry4_S[2]_O[2])
                                                      0.110     1.885 r  fsm_div_reg[4]_i_1/O[2]
                         net (fo=1, routed)           0.000     1.885    fsm_div_reg[4]_i_1_n_5
    SLICE_X50Y95         FDRE                                         r  fsm_div_reg[6]/D
  -------------------------------------------------------------------    -------------------

                         (clock sys_clk rise edge)    0.000     0.000 r  
    E3                                                0.000     0.000 r  clk (IN)
                         net (fo=0)                   0.000     0.000    clk
    E3                   IBUF (Prop_ibuf_I_O)         0.438     0.438 r  clk_IBUF_inst/O
                         net (fo=1, routed)           0.699     1.136    clk_IBUF
    BUFGCTRL_X0Y16       BUFG (Prop_bufg_I_O)         0.029     1.165 r  clk_IBUF_BUFG_inst/O
                         net (fo=33, routed)          0.835     2.000    clk_IBUF_BUFG
    SLICE_X50Y95         FDRE                                         r  fsm_div_reg[6]/C
                         clock pessimism             -0.515     1.484    
    SLICE_X50Y95         FDRE (Hold_fdre_C_D)         0.134     1.618    fsm_div_reg[6]
  -------------------------------------------------------------------
                         required time                         -1.618    
                         arrival time                           1.885    
  -------------------------------------------------------------------
                         slack                                  0.267    





Pulse Width Checks
--------------------------------------------------------------------------------------
Clock Name:         sys_clk
Waveform(ns):       { 0.000 5.000 }
Period(ns):         10.000
Sources:            { clk }

Check Type        Corner  Lib Pin  Reference Pin  Required(ns)  Actual(ns)  Slack(ns)  Location        Pin
Min Period        n/a     BUFG/I   n/a            2.155         10.000      7.845      BUFGCTRL_X0Y16  clk_IBUF_BUFG_inst/I
Min Period        n/a     FDRE/C   n/a            1.000         10.000      9.000      SLICE_X51Y96    fsm_clk_reg/C
Min Period        n/a     FDRE/C   n/a            1.000         10.000      9.000      SLICE_X50Y94    fsm_div_reg[0]/C
Min Period        n/a     FDRE/C   n/a            1.000         10.000      9.000      SLICE_X50Y96    fsm_div_reg[10]/C
Min Period        n/a     FDRE/C   n/a            1.000         10.000      9.000      SLICE_X50Y96    fsm_div_reg[11]/C
Min Period        n/a     FDRE/C   n/a            1.000         10.000      9.000      SLICE_X50Y97    fsm_div_reg[12]/C
Min Period        n/a     FDRE/C   n/a            1.000         10.000      9.000      SLICE_X50Y97    fsm_div_reg[13]/C
Min Period        n/a     FDRE/C   n/a            1.000         10.000      9.000      SLICE_X50Y97    fsm_div_reg[14]/C
Min Period        n/a     FDRE/C   n/a            1.000         10.000      9.000      SLICE_X50Y94    fsm_div_reg[1]/C
Min Period        n/a     FDRE/C   n/a            1.000         10.000      9.000      SLICE_X50Y94    fsm_div_reg[2]/C
Low Pulse Width   Slow    FDRE/C   n/a            0.500         5.000       4.500      SLICE_X51Y96    fsm_clk_reg/C
Low Pulse Width   Fast    FDRE/C   n/a            0.500         5.000       4.500      SLICE_X51Y96    fsm_clk_reg/C
Low Pulse Width   Slow    FDRE/C   n/a            0.500         5.000       4.500      SLICE_X50Y94    fsm_div_reg[0]/C
Low Pulse Width   Fast    FDRE/C   n/a            0.500         5.000       4.500      SLICE_X50Y94    fsm_div_reg[0]/C
Low Pulse Width   Slow    FDRE/C   n/a            0.500         5.000       4.500      SLICE_X50Y96    fsm_div_reg[10]/C
Low Pulse Width   Fast    FDRE/C   n/a            0.500         5.000       4.500      SLICE_X50Y96    fsm_div_reg[10]/C
Low Pulse Width   Slow    FDRE/C   n/a            0.500         5.000       4.500      SLICE_X50Y96    fsm_div_reg[11]/C
Low Pulse Width   Fast    FDRE/C   n/a            0.500         5.000       4.500      SLICE_X50Y96    fsm_div_reg[11]/C
Low Pulse Width   Slow    FDRE/C   n/a            0.500         5.000       4.500      SLICE_X50Y97    fsm_div_reg[12]/C
Low Pulse Width   Fast    FDRE/C   n/a            0.500         5.000       4.500      SLICE_X50Y97    fsm_div_reg[12]/C
High Pulse Width  Slow    FDRE/C   n/a            0.500         5.000       4.500      SLICE_X51Y96    fsm_clk_reg/C
High Pulse Width  Fast    FDRE/C   n/a            0.500         5.000       4.500      SLICE_X51Y96    fsm_clk_reg/C
High Pulse Width  Slow    FDRE/C   n/a            0.500         5.000       4.500      SLICE_X50Y94    fsm_div_reg[0]/C
High Pulse Width  Fast    FDRE/C   n/a            0.500         5.000       4.500      SLICE_X50Y94    fsm_div_reg[0]/C
High Pulse Width  Slow    FDRE/C   n/a            0.500         5.000       4.500      SLICE_X50Y96    fsm_div_reg[10]/C
High Pulse Width  Fast    FDRE/C   n/a            0.500         5.000       4.500      SLICE_X50Y96    fsm_div_reg[10]/C
High Pulse Width  Slow    FDRE/C   n/a            0.500         5.000       4.500      SLICE_X50Y96    fsm_div_reg[11]/C
High Pulse Width  Fast    FDRE/C   n/a            0.500         5.000       4.500      SLICE_X50Y96    fsm_div_reg[11]/C
High Pulse Width  Slow    FDRE/C   n/a            0.500         5.000       4.500      SLICE_X50Y97    fsm_div_reg[12]/C
High Pulse Width  Fast    FDRE/C   n/a            0.500         5.000       4.500      SLICE_X50Y97    fsm_div_reg[12]/C



--------------------------------------------------------------------------------------
Path Group:  (none)
From Clock:  
  To Clock:  

Max Delay            75 Endpoints
Min Delay            75 Endpoints
--------------------------------------------------------------------------------------


Max Delay Paths
--------------------------------------------------------------------------------------
Slack:                    inf
  Source:                 csel[1]
                            (input port)
  Destination:            seg[0]
                            (output port)
  Path Group:             (none)
  Path Type:              Max at Slow Process Corner
  Data Path Delay:        21.427ns  (logic 7.824ns (36.512%)  route 13.604ns (63.488%))
  Logic Levels:           17  (IBUF=1 LUT4=2 LUT5=7 LUT6=6 OBUF=1)

    Location             Delay type                Incr(ns)  Path(ns)    Netlist Resource(s)
  -------------------------------------------------------------------    -------------------
    L16                                               0.000     0.000 r  csel[1] (IN)
                         net (fo=0)                   0.000     0.000    csel[1]
    L16                  IBUF (Prop_ibuf_I_O)         1.480     1.480 r  csel_IBUF[1]_inst/O
                         net (fo=3, routed)           1.832     3.312    u_fsm/alu_8b_final_i0/74377_i3/DIG_D_FF_1bit_i2/csel_IBUF[1]
    SLICE_X2Y101         LUT4 (Prop_lut4_I0_O)        0.124     3.436 r  u_fsm/alu_8b_final_i0/74377_i3/DIG_D_FF_1bit_i2/state_i_7__0/O
                         net (fo=1, routed)           0.286     3.722    u_fsm/alu_8b_final_i0/74377_i3/DIG_D_FF_1bit_i2/state_i_7__0_n_0
    SLICE_X2Y101         LUT6 (Prop_lut6_I0_O)        0.124     3.846 r  u_fsm/alu_8b_final_i0/74377_i3/DIG_D_FF_1bit_i2/state_i_6/O
                         net (fo=3, routed)           0.457     4.303    u_fsm/74377_i21/DIG_D_FF_1bit_i5/state_i_2__0_0
    SLICE_X3Y104         LUT6 (Prop_lut6_I5_O)        0.124     4.427 r  u_fsm/74377_i21/DIG_D_FF_1bit_i5/state_i_3/O
                         net (fo=1, routed)           0.404     4.831    u_fsm/74377_i21/DIG_D_FF_1bit_i5/state_i_3_n_0
    SLICE_X3Y105         LUT6 (Prop_lut6_I0_O)        0.124     4.955 r  u_fsm/74377_i21/DIG_D_FF_1bit_i5/state_i_2__0/O
                         net (fo=6, routed)           0.164     5.119    u_fsm/74377_i21/DIG_D_FF_1bit_i5/state_reg_1
    SLICE_X3Y105         LUT6 (Prop_lut6_I2_O)        0.124     5.243 r  u_fsm/74377_i21/DIG_D_FF_1bit_i5/state_i_13/O
                         net (fo=1, routed)           0.635     5.878    u_fsm/74377_i21/DIG_D_FF_1bit_i5/state_i_13_n_0
    SLICE_X3Y105         LUT6 (Prop_lut6_I0_O)        0.124     6.002 r  u_fsm/74377_i21/DIG_D_FF_1bit_i5/state_i_9/O
                         net (fo=4, routed)           0.962     6.964    u_fsm/74377_i21/DIG_D_FF_1bit_i5/state_i_9_n_0
    SLICE_X5Y102         LUT5 (Prop_lut5_I0_O)        0.152     7.116 r  u_fsm/74377_i21/DIG_D_FF_1bit_i5/state_i_5/O
                         net (fo=4, routed)           0.281     7.398    u_fsm/74377_i21/DIG_D_FF_1bit_i5/state_reg_3
    SLICE_X5Y102         LUT5 (Prop_lut5_I0_O)        0.325     7.723 f  u_fsm/74377_i21/DIG_D_FF_1bit_i5/state_i_12/O
                         net (fo=6, routed)           0.755     8.477    u_fsm/74377_i21/DIG_D_FF_1bit_i5/state_reg_11
    SLICE_X4Y105         LUT5 (Prop_lut5_I0_O)        0.332     8.809 r  u_fsm/74377_i21/DIG_D_FF_1bit_i5/seg_OBUF[6]_inst_i_45/O
                         net (fo=3, routed)           0.569     9.379    u_fsm/74377_i21/DIG_D_FF_1bit_i5/state_reg_8
    SLICE_X4Y102         LUT5 (Prop_lut5_I0_O)        0.124     9.503 r  u_fsm/74377_i21/DIG_D_FF_1bit_i5/seg_OBUF[6]_inst_i_46/O
                         net (fo=3, routed)           0.514    10.017    u_fsm/74377_i21/DIG_D_FF_1bit_i5/seg_OBUF[6]_inst_i_46_n_0
    SLICE_X5Y102         LUT5 (Prop_lut5_I0_O)        0.124    10.141 r  u_fsm/74377_i21/DIG_D_FF_1bit_i5/seg_OBUF[6]_inst_i_24/O
                         net (fo=2, routed)           0.670    10.811    u_fsm/74377_i21/DIG_D_FF_1bit_i5/seg_OBUF[6]_inst_i_24_n_0
    SLICE_X3Y103         LUT5 (Prop_lut5_I0_O)        0.152    10.963 r  u_fsm/74377_i21/DIG_D_FF_1bit_i5/seg_OBUF[6]_inst_i_23/O
                         net (fo=2, routed)           0.841    11.804    u_fsm/74377_i21/DIG_D_FF_1bit_i3/seg_OBUF[6]_inst_i_2
    SLICE_X2Y104         LUT5 (Prop_lut5_I2_O)        0.332    12.136 r  u_fsm/74377_i21/DIG_D_FF_1bit_i3/seg_OBUF[6]_inst_i_8/O
                         net (fo=1, routed)           0.670    12.806    u_fsm/74377_i21/DIG_D_FF_1bit_i5/seg_OBUF[1]_inst_i_1_0
    SLICE_X2Y104         LUT6 (Prop_lut6_I3_O)        0.124    12.930 r  u_fsm/74377_i21/DIG_D_FF_1bit_i5/seg_OBUF[6]_inst_i_2/O
                         net (fo=7, routed)           1.024    13.954    u_fsm/74377_i21/DIG_D_FF_1bit_i2/seg[4]
    SLICE_X1Y102         LUT4 (Prop_lut4_I1_O)        0.150    14.104 r  u_fsm/74377_i21/DIG_D_FF_1bit_i2/seg_OBUF[0]_inst_i_1/O
                         net (fo=1, routed)           3.538    17.642    seg_OBUF[0]
    T10                  OBUF (Prop_obuf_I_O)         3.785    21.427 r  seg_OBUF[0]_inst/O
                         net (fo=0)                   0.000    21.427    seg[0]
    T10                                                               r  seg[0] (OUT)
  -------------------------------------------------------------------    -------------------

Slack:                    inf
  Source:                 csel[1]
                            (input port)
  Destination:            seg[1]
                            (output port)
  Path Group:             (none)
  Path Type:              Max at Slow Process Corner
  Data Path Delay:        20.973ns  (logic 7.568ns (36.084%)  route 13.405ns (63.916%))
  Logic Levels:           17  (IBUF=1 LUT4=2 LUT5=7 LUT6=6 OBUF=1)

    Location             Delay type                Incr(ns)  Path(ns)    Netlist Resource(s)
  -------------------------------------------------------------------    -------------------
    L16                                               0.000     0.000 r  csel[1] (IN)
                         net (fo=0)                   0.000     0.000    csel[1]
    L16                  IBUF (Prop_ibuf_I_O)         1.480     1.480 r  csel_IBUF[1]_inst/O
                         net (fo=3, routed)           1.832     3.312    u_fsm/alu_8b_final_i0/74377_i3/DIG_D_FF_1bit_i2/csel_IBUF[1]
    SLICE_X2Y101         LUT4 (Prop_lut4_I0_O)        0.124     3.436 r  u_fsm/alu_8b_final_i0/74377_i3/DIG_D_FF_1bit_i2/state_i_7__0/O
                         net (fo=1, routed)           0.286     3.722    u_fsm/alu_8b_final_i0/74377_i3/DIG_D_FF_1bit_i2/state_i_7__0_n_0
    SLICE_X2Y101         LUT6 (Prop_lut6_I0_O)        0.124     3.846 r  u_fsm/alu_8b_final_i0/74377_i3/DIG_D_FF_1bit_i2/state_i_6/O
                         net (fo=3, routed)           0.457     4.303    u_fsm/74377_i21/DIG_D_FF_1bit_i5/state_i_2__0_0
    SLICE_X3Y104         LUT6 (Prop_lut6_I5_O)        0.124     4.427 r  u_fsm/74377_i21/DIG_D_FF_1bit_i5/state_i_3/O
                         net (fo=1, routed)           0.404     4.831    u_fsm/74377_i21/DIG_D_FF_1bit_i5/state_i_3_n_0
    SLICE_X3Y105         LUT6 (Prop_lut6_I0_O)        0.124     4.955 r  u_fsm/74377_i21/DIG_D_FF_1bit_i5/state_i_2__0/O
                         net (fo=6, routed)           0.164     5.119    u_fsm/74377_i21/DIG_D_FF_1bit_i5/state_reg_1
    SLICE_X3Y105         LUT6 (Prop_lut6_I2_O)        0.124     5.243 r  u_fsm/74377_i21/DIG_D_FF_1bit_i5/state_i_13/O
                         net (fo=1, routed)           0.635     5.878    u_fsm/74377_i21/DIG_D_FF_1bit_i5/state_i_13_n_0
    SLICE_X3Y105         LUT6 (Prop_lut6_I0_O)        0.124     6.002 r  u_fsm/74377_i21/DIG_D_FF_1bit_i5/state_i_9/O
                         net (fo=4, routed)           0.962     6.964    u_fsm/74377_i21/DIG_D_FF_1bit_i5/state_i_9_n_0
    SLICE_X5Y102         LUT5 (Prop_lut5_I0_O)        0.152     7.116 r  u_fsm/74377_i21/DIG_D_FF_1bit_i5/state_i_5/O
                         net (fo=4, routed)           0.281     7.398    u_fsm/74377_i21/DIG_D_FF_1bit_i5/state_reg_3
    SLICE_X5Y102         LUT5 (Prop_lut5_I0_O)        0.325     7.723 f  u_fsm/74377_i21/DIG_D_FF_1bit_i5/state_i_12/O
                         net (fo=6, routed)           0.755     8.477    u_fsm/74377_i21/DIG_D_FF_1bit_i5/state_reg_11
    SLICE_X4Y105         LUT5 (Prop_lut5_I0_O)        0.332     8.809 r  u_fsm/74377_i21/DIG_D_FF_1bit_i5/seg_OBUF[6]_inst_i_45/O
                         net (fo=3, routed)           0.569     9.379    u_fsm/74377_i21/DIG_D_FF_1bit_i5/state_reg_8
    SLICE_X4Y102         LUT5 (Prop_lut5_I0_O)        0.124     9.503 r  u_fsm/74377_i21/DIG_D_FF_1bit_i5/seg_OBUF[6]_inst_i_46/O
                         net (fo=3, routed)           0.514    10.017    u_fsm/74377_i21/DIG_D_FF_1bit_i5/seg_OBUF[6]_inst_i_46_n_0
    SLICE_X5Y102         LUT5 (Prop_lut5_I0_O)        0.124    10.141 r  u_fsm/74377_i21/DIG_D_FF_1bit_i5/seg_OBUF[6]_inst_i_24/O
                         net (fo=2, routed)           0.670    10.811    u_fsm/74377_i21/DIG_D_FF_1bit_i5/seg_OBUF[6]_inst_i_24_n_0
    SLICE_X3Y103         LUT5 (Prop_lut5_I0_O)        0.152    10.963 r  u_fsm/74377_i21/DIG_D_FF_1bit_i5/seg_OBUF[6]_inst_i_23/O
                         net (fo=2, routed)           0.841    11.804    u_fsm/74377_i21/DIG_D_FF_1bit_i3/seg_OBUF[6]_inst_i_2
    SLICE_X2Y104         LUT5 (Prop_lut5_I2_O)        0.332    12.136 r  u_fsm/74377_i21/DIG_D_FF_1bit_i3/seg_OBUF[6]_inst_i_8/O
                         net (fo=1, routed)           0.670    12.806    u_fsm/74377_i21/DIG_D_FF_1bit_i5/seg_OBUF[1]_inst_i_1_0
    SLICE_X2Y104         LUT6 (Prop_lut6_I3_O)        0.124    12.930 r  u_fsm/74377_i21/DIG_D_FF_1bit_i5/seg_OBUF[6]_inst_i_2/O
                         net (fo=7, routed)           0.947    13.877    u_fsm/74377_i22/DIG_D_FF_1bit_i3/seg[1]
    SLICE_X1Y102         LUT4 (Prop_lut4_I1_O)        0.124    14.001 r  u_fsm/74377_i22/DIG_D_FF_1bit_i3/seg_OBUF[1]_inst_i_1/O
                         net (fo=1, routed)           3.417    17.418    seg_OBUF[1]
    R10                  OBUF (Prop_obuf_I_O)         3.555    20.973 r  seg_OBUF[1]_inst/O
                         net (fo=0)                   0.000    20.973    seg[1]
    R10                                                               r  seg[1] (OUT)
  -------------------------------------------------------------------    -------------------

Slack:                    inf
  Source:                 csel[1]
                            (input port)
  Destination:            seg[5]
                            (output port)
  Path Group:             (none)
  Path Type:              Max at Slow Process Corner
  Data Path Delay:        20.938ns  (logic 7.809ns (37.296%)  route 13.129ns (62.704%))
  Logic Levels:           17  (IBUF=1 LUT4=2 LUT5=7 LUT6=6 OBUF=1)

    Location             Delay type                Incr(ns)  Path(ns)    Netlist Resource(s)
  -------------------------------------------------------------------    -------------------
    L16                                               0.000     0.000 r  csel[1] (IN)
                         net (fo=0)                   0.000     0.000    csel[1]
    L16                  IBUF (Prop_ibuf_I_O)         1.480     1.480 r  csel_IBUF[1]_inst/O
                         net (fo=3, routed)           1.832     3.312    u_fsm/alu_8b_final_i0/74377_i3/DIG_D_FF_1bit_i2/csel_IBUF[1]
    SLICE_X2Y101         LUT4 (Prop_lut4_I0_O)        0.124     3.436 r  u_fsm/alu_8b_final_i0/74377_i3/DIG_D_FF_1bit_i2/state_i_7__0/O
                         net (fo=1, routed)           0.286     3.722    u_fsm/alu_8b_final_i0/74377_i3/DIG_D_FF_1bit_i2/state_i_7__0_n_0
    SLICE_X2Y101         LUT6 (Prop_lut6_I0_O)        0.124     3.846 r  u_fsm/alu_8b_final_i0/74377_i3/DIG_D_FF_1bit_i2/state_i_6/O
                         net (fo=3, routed)           0.457     4.303    u_fsm/74377_i21/DIG_D_FF_1bit_i5/state_i_2__0_0
    SLICE_X3Y104         LUT6 (Prop_lut6_I5_O)        0.124     4.427 r  u_fsm/74377_i21/DIG_D_FF_1bit_i5/state_i_3/O
                         net (fo=1, routed)           0.404     4.831    u_fsm/74377_i21/DIG_D_FF_1bit_i5/state_i_3_n_0
    SLICE_X3Y105         LUT6 (Prop_lut6_I0_O)        0.124     4.955 r  u_fsm/74377_i21/DIG_D_FF_1bit_i5/state_i_2__0/O
                         net (fo=6, routed)           0.164     5.119    u_fsm/74377_i21/DIG_D_FF_1bit_i5/state_reg_1
    SLICE_X3Y105         LUT6 (Prop_lut6_I2_O)        0.124     5.243 r  u_fsm/74377_i21/DIG_D_FF_1bit_i5/state_i_13/O
                         net (fo=1, routed)           0.635     5.878    u_fsm/74377_i21/DIG_D_FF_1bit_i5/state_i_13_n_0
    SLICE_X3Y105         LUT6 (Prop_lut6_I0_O)        0.124     6.002 r  u_fsm/74377_i21/DIG_D_FF_1bit_i5/state_i_9/O
                         net (fo=4, routed)           0.962     6.964    u_fsm/74377_i21/DIG_D_FF_1bit_i5/state_i_9_n_0
    SLICE_X5Y102         LUT5 (Prop_lut5_I0_O)        0.152     7.116 r  u_fsm/74377_i21/DIG_D_FF_1bit_i5/state_i_5/O
                         net (fo=4, routed)           0.281     7.398    u_fsm/74377_i21/DIG_D_FF_1bit_i5/state_reg_3
    SLICE_X5Y102         LUT5 (Prop_lut5_I0_O)        0.325     7.723 f  u_fsm/74377_i21/DIG_D_FF_1bit_i5/state_i_12/O
                         net (fo=6, routed)           0.755     8.477    u_fsm/74377_i21/DIG_D_FF_1bit_i5/state_reg_11
    SLICE_X4Y105         LUT5 (Prop_lut5_I0_O)        0.332     8.809 r  u_fsm/74377_i21/DIG_D_FF_1bit_i5/seg_OBUF[6]_inst_i_45/O
                         net (fo=3, routed)           0.569     9.379    u_fsm/74377_i21/DIG_D_FF_1bit_i5/state_reg_8
    SLICE_X4Y102         LUT5 (Prop_lut5_I0_O)        0.124     9.503 r  u_fsm/74377_i21/DIG_D_FF_1bit_i5/seg_OBUF[6]_inst_i_46/O
                         net (fo=3, routed)           0.514    10.017    u_fsm/74377_i21/DIG_D_FF_1bit_i5/seg_OBUF[6]_inst_i_46_n_0
    SLICE_X5Y102         LUT5 (Prop_lut5_I0_O)        0.124    10.141 r  u_fsm/74377_i21/DIG_D_FF_1bit_i5/seg_OBUF[6]_inst_i_24/O
                         net (fo=2, routed)           0.670    10.811    u_fsm/74377_i21/DIG_D_FF_1bit_i5/seg_OBUF[6]_inst_i_24_n_0
    SLICE_X3Y103         LUT5 (Prop_lut5_I0_O)        0.152    10.963 r  u_fsm/74377_i21/DIG_D_FF_1bit_i5/seg_OBUF[6]_inst_i_23/O
                         net (fo=2, routed)           0.841    11.804    u_fsm/74377_i21/DIG_D_FF_1bit_i3/seg_OBUF[6]_inst_i_2
    SLICE_X2Y104         LUT5 (Prop_lut5_I2_O)        0.332    12.136 r  u_fsm/74377_i21/DIG_D_FF_1bit_i3/seg_OBUF[6]_inst_i_8/O
                         net (fo=1, routed)           0.670    12.806    u_fsm/74377_i21/DIG_D_FF_1bit_i5/seg_OBUF[1]_inst_i_1_0
    SLICE_X2Y104         LUT6 (Prop_lut6_I3_O)        0.124    12.930 r  u_fsm/74377_i21/DIG_D_FF_1bit_i5/seg_OBUF[6]_inst_i_2/O
                         net (fo=7, routed)           0.960    13.890    u_fsm/74377_i21/DIG_D_FF_1bit_i5/digit_sel_reg[0]
    SLICE_X0Y103         LUT4 (Prop_lut4_I0_O)        0.152    14.042 r  u_fsm/74377_i21/DIG_D_FF_1bit_i5/seg_OBUF[5]_inst_i_1/O
                         net (fo=1, routed)           3.128    17.170    seg_OBUF[5]
    T11                  OBUF (Prop_obuf_I_O)         3.769    20.938 r  seg_OBUF[5]_inst/O
                         net (fo=0)                   0.000    20.938    seg[5]
    T11                                                               r  seg[5] (OUT)
  -------------------------------------------------------------------    -------------------

Slack:                    inf
  Source:                 csel[1]
                            (input port)
  Destination:            seg[4]
                            (output port)
  Path Group:             (none)
  Path Type:              Max at Slow Process Corner
  Data Path Delay:        20.332ns  (logic 7.546ns (37.114%)  route 12.786ns (62.886%))
  Logic Levels:           17  (IBUF=1 LUT4=2 LUT5=7 LUT6=6 OBUF=1)

    Location             Delay type                Incr(ns)  Path(ns)    Netlist Resource(s)
  -------------------------------------------------------------------    -------------------
    L16                                               0.000     0.000 r  csel[1] (IN)
                         net (fo=0)                   0.000     0.000    csel[1]
    L16                  IBUF (Prop_ibuf_I_O)         1.480     1.480 r  csel_IBUF[1]_inst/O
                         net (fo=3, routed)           1.832     3.312    u_fsm/alu_8b_final_i0/74377_i3/DIG_D_FF_1bit_i2/csel_IBUF[1]
    SLICE_X2Y101         LUT4 (Prop_lut4_I0_O)        0.124     3.436 r  u_fsm/alu_8b_final_i0/74377_i3/DIG_D_FF_1bit_i2/state_i_7__0/O
                         net (fo=1, routed)           0.286     3.722    u_fsm/alu_8b_final_i0/74377_i3/DIG_D_FF_1bit_i2/state_i_7__0_n_0
    SLICE_X2Y101         LUT6 (Prop_lut6_I0_O)        0.124     3.846 r  u_fsm/alu_8b_final_i0/74377_i3/DIG_D_FF_1bit_i2/state_i_6/O
                         net (fo=3, routed)           0.457     4.303    u_fsm/74377_i21/DIG_D_FF_1bit_i5/state_i_2__0_0
    SLICE_X3Y104         LUT6 (Prop_lut6_I5_O)        0.124     4.427 r  u_fsm/74377_i21/DIG_D_FF_1bit_i5/state_i_3/O
                         net (fo=1, routed)           0.404     4.831    u_fsm/74377_i21/DIG_D_FF_1bit_i5/state_i_3_n_0
    SLICE_X3Y105         LUT6 (Prop_lut6_I0_O)        0.124     4.955 r  u_fsm/74377_i21/DIG_D_FF_1bit_i5/state_i_2__0/O
                         net (fo=6, routed)           0.164     5.119    u_fsm/74377_i21/DIG_D_FF_1bit_i5/state_reg_1
    SLICE_X3Y105         LUT6 (Prop_lut6_I2_O)        0.124     5.243 r  u_fsm/74377_i21/DIG_D_FF_1bit_i5/state_i_13/O
                         net (fo=1, routed)           0.635     5.878    u_fsm/74377_i21/DIG_D_FF_1bit_i5/state_i_13_n_0
    SLICE_X3Y105         LUT6 (Prop_lut6_I0_O)        0.124     6.002 r  u_fsm/74377_i21/DIG_D_FF_1bit_i5/state_i_9/O
                         net (fo=4, routed)           0.962     6.964    u_fsm/74377_i21/DIG_D_FF_1bit_i5/state_i_9_n_0
    SLICE_X5Y102         LUT5 (Prop_lut5_I0_O)        0.152     7.116 r  u_fsm/74377_i21/DIG_D_FF_1bit_i5/state_i_5/O
                         net (fo=4, routed)           0.281     7.398    u_fsm/74377_i21/DIG_D_FF_1bit_i5/state_reg_3
    SLICE_X5Y102         LUT5 (Prop_lut5_I0_O)        0.325     7.723 f  u_fsm/74377_i21/DIG_D_FF_1bit_i5/state_i_12/O
                         net (fo=6, routed)           0.755     8.477    u_fsm/74377_i21/DIG_D_FF_1bit_i5/state_reg_11
    SLICE_X4Y105         LUT5 (Prop_lut5_I0_O)        0.332     8.809 r  u_fsm/74377_i21/DIG_D_FF_1bit_i5/seg_OBUF[6]_inst_i_45/O
                         net (fo=3, routed)           0.569     9.379    u_fsm/74377_i21/DIG_D_FF_1bit_i5/state_reg_8
    SLICE_X4Y102         LUT5 (Prop_lut5_I0_O)        0.124     9.503 r  u_fsm/74377_i21/DIG_D_FF_1bit_i5/seg_OBUF[6]_inst_i_46/O
                         net (fo=3, routed)           0.514    10.017    u_fsm/74377_i21/DIG_D_FF_1bit_i5/seg_OBUF[6]_inst_i_46_n_0
    SLICE_X5Y102         LUT5 (Prop_lut5_I0_O)        0.124    10.141 r  u_fsm/74377_i21/DIG_D_FF_1bit_i5/seg_OBUF[6]_inst_i_24/O
                         net (fo=2, routed)           0.670    10.811    u_fsm/74377_i21/DIG_D_FF_1bit_i5/seg_OBUF[6]_inst_i_24_n_0
    SLICE_X3Y103         LUT5 (Prop_lut5_I0_O)        0.152    10.963 r  u_fsm/74377_i21/DIG_D_FF_1bit_i5/seg_OBUF[6]_inst_i_23/O
                         net (fo=2, routed)           0.841    11.804    u_fsm/74377_i21/DIG_D_FF_1bit_i3/seg_OBUF[6]_inst_i_2
    SLICE_X2Y104         LUT5 (Prop_lut5_I2_O)        0.332    12.136 r  u_fsm/74377_i21/DIG_D_FF_1bit_i3/seg_OBUF[6]_inst_i_8/O
                         net (fo=1, routed)           0.670    12.806    u_fsm/74377_i21/DIG_D_FF_1bit_i5/seg_OBUF[1]_inst_i_1_0
    SLICE_X2Y104         LUT6 (Prop_lut6_I3_O)        0.124    12.930 r  u_fsm/74377_i21/DIG_D_FF_1bit_i5/seg_OBUF[6]_inst_i_2/O
                         net (fo=7, routed)           1.024    13.954    u_fsm/74377_i21/DIG_D_FF_1bit_i2/seg[4]
    SLICE_X1Y102         LUT4 (Prop_lut4_I3_O)        0.124    14.078 r  u_fsm/74377_i21/DIG_D_FF_1bit_i2/seg_OBUF[4]_inst_i_1/O
                         net (fo=1, routed)           2.720    16.799    seg_OBUF[4]
    P15                  OBUF (Prop_obuf_I_O)         3.534    20.332 r  seg_OBUF[4]_inst/O
                         net (fo=0)                   0.000    20.332    seg[4]
    P15                                                               r  seg[4] (OUT)
  -------------------------------------------------------------------    -------------------

Slack:                    inf
  Source:                 csel[1]
                            (input port)
  Destination:            seg[6]
                            (output port)
  Path Group:             (none)
  Path Type:              Max at Slow Process Corner
  Data Path Delay:        19.852ns  (logic 7.782ns (39.199%)  route 12.071ns (60.801%))
  Logic Levels:           17  (IBUF=1 LUT4=2 LUT5=7 LUT6=6 OBUF=1)

    Location             Delay type                Incr(ns)  Path(ns)    Netlist Resource(s)
  -------------------------------------------------------------------    -------------------
    L16                                               0.000     0.000 r  csel[1] (IN)
                         net (fo=0)                   0.000     0.000    csel[1]
    L16                  IBUF (Prop_ibuf_I_O)         1.480     1.480 r  csel_IBUF[1]_inst/O
                         net (fo=3, routed)           1.832     3.312    u_fsm/alu_8b_final_i0/74377_i3/DIG_D_FF_1bit_i2/csel_IBUF[1]
    SLICE_X2Y101         LUT4 (Prop_lut4_I0_O)        0.124     3.436 r  u_fsm/alu_8b_final_i0/74377_i3/DIG_D_FF_1bit_i2/state_i_7__0/O
                         net (fo=1, routed)           0.286     3.722    u_fsm/alu_8b_final_i0/74377_i3/DIG_D_FF_1bit_i2/state_i_7__0_n_0
    SLICE_X2Y101         LUT6 (Prop_lut6_I0_O)        0.124     3.846 r  u_fsm/alu_8b_final_i0/74377_i3/DIG_D_FF_1bit_i2/state_i_6/O
                         net (fo=3, routed)           0.457     4.303    u_fsm/74377_i21/DIG_D_FF_1bit_i5/state_i_2__0_0
    SLICE_X3Y104         LUT6 (Prop_lut6_I5_O)        0.124     4.427 r  u_fsm/74377_i21/DIG_D_FF_1bit_i5/state_i_3/O
                         net (fo=1, routed)           0.404     4.831    u_fsm/74377_i21/DIG_D_FF_1bit_i5/state_i_3_n_0
    SLICE_X3Y105         LUT6 (Prop_lut6_I0_O)        0.124     4.955 r  u_fsm/74377_i21/DIG_D_FF_1bit_i5/state_i_2__0/O
                         net (fo=6, routed)           0.164     5.119    u_fsm/74377_i21/DIG_D_FF_1bit_i5/state_reg_1
    SLICE_X3Y105         LUT6 (Prop_lut6_I2_O)        0.124     5.243 r  u_fsm/74377_i21/DIG_D_FF_1bit_i5/state_i_13/O
                         net (fo=1, routed)           0.635     5.878    u_fsm/74377_i21/DIG_D_FF_1bit_i5/state_i_13_n_0
    SLICE_X3Y105         LUT6 (Prop_lut6_I0_O)        0.124     6.002 r  u_fsm/74377_i21/DIG_D_FF_1bit_i5/state_i_9/O
                         net (fo=4, routed)           0.962     6.964    u_fsm/74377_i21/DIG_D_FF_1bit_i5/state_i_9_n_0
    SLICE_X5Y102         LUT5 (Prop_lut5_I0_O)        0.152     7.116 r  u_fsm/74377_i21/DIG_D_FF_1bit_i5/state_i_5/O
                         net (fo=4, routed)           0.281     7.398    u_fsm/74377_i21/DIG_D_FF_1bit_i5/state_reg_3
    SLICE_X5Y102         LUT5 (Prop_lut5_I0_O)        0.325     7.723 f  u_fsm/74377_i21/DIG_D_FF_1bit_i5/state_i_12/O
                         net (fo=6, routed)           0.755     8.477    u_fsm/74377_i21/DIG_D_FF_1bit_i5/state_reg_11
    SLICE_X4Y105         LUT5 (Prop_lut5_I0_O)        0.332     8.809 r  u_fsm/74377_i21/DIG_D_FF_1bit_i5/seg_OBUF[6]_inst_i_45/O
                         net (fo=3, routed)           0.569     9.379    u_fsm/74377_i21/DIG_D_FF_1bit_i5/state_reg_8
    SLICE_X4Y102         LUT5 (Prop_lut5_I0_O)        0.124     9.503 r  u_fsm/74377_i21/DIG_D_FF_1bit_i5/seg_OBUF[6]_inst_i_46/O
                         net (fo=3, routed)           0.514    10.017    u_fsm/74377_i21/DIG_D_FF_1bit_i5/seg_OBUF[6]_inst_i_46_n_0
    SLICE_X5Y102         LUT5 (Prop_lut5_I0_O)        0.124    10.141 r  u_fsm/74377_i21/DIG_D_FF_1bit_i5/seg_OBUF[6]_inst_i_24/O
                         net (fo=2, routed)           0.670    10.811    u_fsm/74377_i21/DIG_D_FF_1bit_i5/seg_OBUF[6]_inst_i_24_n_0
    SLICE_X3Y103         LUT5 (Prop_lut5_I0_O)        0.152    10.963 r  u_fsm/74377_i21/DIG_D_FF_1bit_i5/seg_OBUF[6]_inst_i_23/O
                         net (fo=2, routed)           0.841    11.804    u_fsm/74377_i21/DIG_D_FF_1bit_i3/seg_OBUF[6]_inst_i_2
    SLICE_X2Y104         LUT5 (Prop_lut5_I2_O)        0.332    12.136 r  u_fsm/74377_i21/DIG_D_FF_1bit_i3/seg_OBUF[6]_inst_i_8/O
                         net (fo=1, routed)           0.670    12.806    u_fsm/74377_i21/DIG_D_FF_1bit_i5/seg_OBUF[1]_inst_i_1_0
    SLICE_X2Y104         LUT6 (Prop_lut6_I3_O)        0.124    12.930 r  u_fsm/74377_i21/DIG_D_FF_1bit_i5/seg_OBUF[6]_inst_i_2/O
                         net (fo=7, routed)           0.952    13.882    u_fsm/74377_i21/DIG_D_FF_1bit_i5/digit_sel_reg[0]
    SLICE_X1Y102         LUT4 (Prop_lut4_I0_O)        0.153    14.035 r  u_fsm/74377_i21/DIG_D_FF_1bit_i5/seg_OBUF[6]_inst_i_1/O
                         net (fo=1, routed)           2.077    16.112    seg_OBUF[6]
    L18                  OBUF (Prop_obuf_I_O)         3.740    19.852 r  seg_OBUF[6]_inst/O
                         net (fo=0)                   0.000    19.852    seg[6]
    L18                                                               r  seg[6] (OUT)
  -------------------------------------------------------------------    -------------------

Slack:                    inf
  Source:                 csel[1]
                            (input port)
  Destination:            seg[3]
                            (output port)
  Path Group:             (none)
  Path Type:              Max at Slow Process Corner
  Data Path Delay:        19.638ns  (logic 7.563ns (38.510%)  route 12.076ns (61.490%))
  Logic Levels:           17  (IBUF=1 LUT4=2 LUT5=7 LUT6=6 OBUF=1)

    Location             Delay type                Incr(ns)  Path(ns)    Netlist Resource(s)
  -------------------------------------------------------------------    -------------------
    L16                                               0.000     0.000 r  csel[1] (IN)
                         net (fo=0)                   0.000     0.000    csel[1]
    L16                  IBUF (Prop_ibuf_I_O)         1.480     1.480 r  csel_IBUF[1]_inst/O
                         net (fo=3, routed)           1.832     3.312    u_fsm/alu_8b_final_i0/74377_i3/DIG_D_FF_1bit_i2/csel_IBUF[1]
    SLICE_X2Y101         LUT4 (Prop_lut4_I0_O)        0.124     3.436 r  u_fsm/alu_8b_final_i0/74377_i3/DIG_D_FF_1bit_i2/state_i_7__0/O
                         net (fo=1, routed)           0.286     3.722    u_fsm/alu_8b_final_i0/74377_i3/DIG_D_FF_1bit_i2/state_i_7__0_n_0
    SLICE_X2Y101         LUT6 (Prop_lut6_I0_O)        0.124     3.846 r  u_fsm/alu_8b_final_i0/74377_i3/DIG_D_FF_1bit_i2/state_i_6/O
                         net (fo=3, routed)           0.457     4.303    u_fsm/74377_i21/DIG_D_FF_1bit_i5/state_i_2__0_0
    SLICE_X3Y104         LUT6 (Prop_lut6_I5_O)        0.124     4.427 r  u_fsm/74377_i21/DIG_D_FF_1bit_i5/state_i_3/O
                         net (fo=1, routed)           0.404     4.831    u_fsm/74377_i21/DIG_D_FF_1bit_i5/state_i_3_n_0
    SLICE_X3Y105         LUT6 (Prop_lut6_I0_O)        0.124     4.955 r  u_fsm/74377_i21/DIG_D_FF_1bit_i5/state_i_2__0/O
                         net (fo=6, routed)           0.164     5.119    u_fsm/74377_i21/DIG_D_FF_1bit_i5/state_reg_1
    SLICE_X3Y105         LUT6 (Prop_lut6_I2_O)        0.124     5.243 r  u_fsm/74377_i21/DIG_D_FF_1bit_i5/state_i_13/O
                         net (fo=1, routed)           0.635     5.878    u_fsm/74377_i21/DIG_D_FF_1bit_i5/state_i_13_n_0
    SLICE_X3Y105         LUT6 (Prop_lut6_I0_O)        0.124     6.002 r  u_fsm/74377_i21/DIG_D_FF_1bit_i5/state_i_9/O
                         net (fo=4, routed)           0.962     6.964    u_fsm/74377_i21/DIG_D_FF_1bit_i5/state_i_9_n_0
    SLICE_X5Y102         LUT5 (Prop_lut5_I0_O)        0.152     7.116 r  u_fsm/74377_i21/DIG_D_FF_1bit_i5/state_i_5/O
                         net (fo=4, routed)           0.281     7.398    u_fsm/74377_i21/DIG_D_FF_1bit_i5/state_reg_3
    SLICE_X5Y102         LUT5 (Prop_lut5_I0_O)        0.325     7.723 f  u_fsm/74377_i21/DIG_D_FF_1bit_i5/state_i_12/O
                         net (fo=6, routed)           0.755     8.477    u_fsm/74377_i21/DIG_D_FF_1bit_i5/state_reg_11
    SLICE_X4Y105         LUT5 (Prop_lut5_I0_O)        0.332     8.809 r  u_fsm/74377_i21/DIG_D_FF_1bit_i5/seg_OBUF[6]_inst_i_45/O
                         net (fo=3, routed)           0.569     9.379    u_fsm/74377_i21/DIG_D_FF_1bit_i5/state_reg_8
    SLICE_X4Y102         LUT5 (Prop_lut5_I0_O)        0.124     9.503 r  u_fsm/74377_i21/DIG_D_FF_1bit_i5/seg_OBUF[6]_inst_i_46/O
                         net (fo=3, routed)           0.514    10.017    u_fsm/74377_i21/DIG_D_FF_1bit_i5/seg_OBUF[6]_inst_i_46_n_0
    SLICE_X5Y102         LUT5 (Prop_lut5_I0_O)        0.124    10.141 r  u_fsm/74377_i21/DIG_D_FF_1bit_i5/seg_OBUF[6]_inst_i_24/O
                         net (fo=2, routed)           0.670    10.811    u_fsm/74377_i21/DIG_D_FF_1bit_i5/seg_OBUF[6]_inst_i_24_n_0
    SLICE_X3Y103         LUT5 (Prop_lut5_I0_O)        0.152    10.963 r  u_fsm/74377_i21/DIG_D_FF_1bit_i5/seg_OBUF[6]_inst_i_23/O
                         net (fo=2, routed)           0.841    11.804    u_fsm/74377_i21/DIG_D_FF_1bit_i3/seg_OBUF[6]_inst_i_2
    SLICE_X2Y104         LUT5 (Prop_lut5_I2_O)        0.332    12.136 r  u_fsm/74377_i21/DIG_D_FF_1bit_i3/seg_OBUF[6]_inst_i_8/O
                         net (fo=1, routed)           0.670    12.806    u_fsm/74377_i21/DIG_D_FF_1bit_i5/seg_OBUF[1]_inst_i_1_0
    SLICE_X2Y104         LUT6 (Prop_lut6_I3_O)        0.124    12.930 r  u_fsm/74377_i21/DIG_D_FF_1bit_i5/seg_OBUF[6]_inst_i_2/O
                         net (fo=7, routed)           0.960    13.890    u_fsm/74377_i21/DIG_D_FF_1bit_i5/digit_sel_reg[0]
    SLICE_X0Y103         LUT4 (Prop_lut4_I0_O)        0.124    14.014 r  u_fsm/74377_i21/DIG_D_FF_1bit_i5/seg_OBUF[3]_inst_i_1/O
                         net (fo=1, routed)           2.074    16.088    seg_OBUF[3]
    K13                  OBUF (Prop_obuf_I_O)         3.550    19.638 r  seg_OBUF[3]_inst/O
                         net (fo=0)                   0.000    19.638    seg[3]
    K13                                                               r  seg[3] (OUT)
  -------------------------------------------------------------------    -------------------

Slack:                    inf
  Source:                 csel[1]
                            (input port)
  Destination:            seg[2]
                            (output port)
  Path Group:             (none)
  Path Type:              Max at Slow Process Corner
  Data Path Delay:        19.308ns  (logic 7.506ns (38.874%)  route 11.802ns (61.126%))
  Logic Levels:           17  (IBUF=1 LUT4=2 LUT5=7 LUT6=6 OBUF=1)

    Location             Delay type                Incr(ns)  Path(ns)    Netlist Resource(s)
  -------------------------------------------------------------------    -------------------
    L16                                               0.000     0.000 r  csel[1] (IN)
                         net (fo=0)                   0.000     0.000    csel[1]
    L16                  IBUF (Prop_ibuf_I_O)         1.480     1.480 r  csel_IBUF[1]_inst/O
                         net (fo=3, routed)           1.832     3.312    u_fsm/alu_8b_final_i0/74377_i3/DIG_D_FF_1bit_i2/csel_IBUF[1]
    SLICE_X2Y101         LUT4 (Prop_lut4_I0_O)        0.124     3.436 r  u_fsm/alu_8b_final_i0/74377_i3/DIG_D_FF_1bit_i2/state_i_7__0/O
                         net (fo=1, routed)           0.286     3.722    u_fsm/alu_8b_final_i0/74377_i3/DIG_D_FF_1bit_i2/state_i_7__0_n_0
    SLICE_X2Y101         LUT6 (Prop_lut6_I0_O)        0.124     3.846 r  u_fsm/alu_8b_final_i0/74377_i3/DIG_D_FF_1bit_i2/state_i_6/O
                         net (fo=3, routed)           0.457     4.303    u_fsm/74377_i21/DIG_D_FF_1bit_i5/state_i_2__0_0
    SLICE_X3Y104         LUT6 (Prop_lut6_I5_O)        0.124     4.427 r  u_fsm/74377_i21/DIG_D_FF_1bit_i5/state_i_3/O
                         net (fo=1, routed)           0.404     4.831    u_fsm/74377_i21/DIG_D_FF_1bit_i5/state_i_3_n_0
    SLICE_X3Y105         LUT6 (Prop_lut6_I0_O)        0.124     4.955 r  u_fsm/74377_i21/DIG_D_FF_1bit_i5/state_i_2__0/O
                         net (fo=6, routed)           0.164     5.119    u_fsm/74377_i21/DIG_D_FF_1bit_i5/state_reg_1
    SLICE_X3Y105         LUT6 (Prop_lut6_I2_O)        0.124     5.243 r  u_fsm/74377_i21/DIG_D_FF_1bit_i5/state_i_13/O
                         net (fo=1, routed)           0.635     5.878    u_fsm/74377_i21/DIG_D_FF_1bit_i5/state_i_13_n_0
    SLICE_X3Y105         LUT6 (Prop_lut6_I0_O)        0.124     6.002 r  u_fsm/74377_i21/DIG_D_FF_1bit_i5/state_i_9/O
                         net (fo=4, routed)           0.962     6.964    u_fsm/74377_i21/DIG_D_FF_1bit_i5/state_i_9_n_0
    SLICE_X5Y102         LUT5 (Prop_lut5_I0_O)        0.152     7.116 r  u_fsm/74377_i21/DIG_D_FF_1bit_i5/state_i_5/O
                         net (fo=4, routed)           0.281     7.398    u_fsm/74377_i21/DIG_D_FF_1bit_i5/state_reg_3
    SLICE_X5Y102         LUT5 (Prop_lut5_I0_O)        0.325     7.723 f  u_fsm/74377_i21/DIG_D_FF_1bit_i5/state_i_12/O
                         net (fo=6, routed)           0.755     8.477    u_fsm/74377_i21/DIG_D_FF_1bit_i5/state_reg_11
    SLICE_X4Y105         LUT5 (Prop_lut5_I0_O)        0.332     8.809 r  u_fsm/74377_i21/DIG_D_FF_1bit_i5/seg_OBUF[6]_inst_i_45/O
                         net (fo=3, routed)           0.569     9.379    u_fsm/74377_i21/DIG_D_FF_1bit_i5/state_reg_8
    SLICE_X4Y102         LUT5 (Prop_lut5_I0_O)        0.124     9.503 r  u_fsm/74377_i21/DIG_D_FF_1bit_i5/seg_OBUF[6]_inst_i_46/O
                         net (fo=3, routed)           0.514    10.017    u_fsm/74377_i21/DIG_D_FF_1bit_i5/seg_OBUF[6]_inst_i_46_n_0
    SLICE_X5Y102         LUT5 (Prop_lut5_I0_O)        0.124    10.141 r  u_fsm/74377_i21/DIG_D_FF_1bit_i5/seg_OBUF[6]_inst_i_24/O
                         net (fo=2, routed)           0.670    10.811    u_fsm/74377_i21/DIG_D_FF_1bit_i5/seg_OBUF[6]_inst_i_24_n_0
    SLICE_X3Y103         LUT5 (Prop_lut5_I0_O)        0.152    10.963 r  u_fsm/74377_i21/DIG_D_FF_1bit_i5/seg_OBUF[6]_inst_i_23/O
                         net (fo=2, routed)           0.841    11.804    u_fsm/74377_i21/DIG_D_FF_1bit_i3/seg_OBUF[6]_inst_i_2
    SLICE_X2Y104         LUT5 (Prop_lut5_I2_O)        0.332    12.136 r  u_fsm/74377_i21/DIG_D_FF_1bit_i3/seg_OBUF[6]_inst_i_8/O
                         net (fo=1, routed)           0.670    12.806    u_fsm/74377_i21/DIG_D_FF_1bit_i5/seg_OBUF[1]_inst_i_1_0
    SLICE_X2Y104         LUT6 (Prop_lut6_I3_O)        0.124    12.930 f  u_fsm/74377_i21/DIG_D_FF_1bit_i5/seg_OBUF[6]_inst_i_2/O
                         net (fo=7, routed)           0.952    13.882    u_fsm/74377_i21/DIG_D_FF_1bit_i5/digit_sel_reg[0]
    SLICE_X1Y102         LUT4 (Prop_lut4_I0_O)        0.124    14.006 r  u_fsm/74377_i21/DIG_D_FF_1bit_i5/seg_OBUF[2]_inst_i_1/O
                         net (fo=1, routed)           1.809    15.815    seg_OBUF[2]
    K16                  OBUF (Prop_obuf_I_O)         3.493    19.308 r  seg_OBUF[2]_inst/O
                         net (fo=0)                   0.000    19.308    seg[2]
    K16                                                               r  seg[2] (OUT)
  -------------------------------------------------------------------    -------------------

Slack:                    inf
  Source:                 csel[1]
                            (input port)
  Destination:            u_fsm/74161_i2/DIG_D_FF_AS_Nbit_i2/state_reg[1]/D
  Path Group:             (none)
  Path Type:              Max at Slow Process Corner
  Data Path Delay:        13.701ns  (logic 3.788ns (27.645%)  route 9.913ns (72.355%))
  Logic Levels:           14  (IBUF=1 LUT3=2 LUT4=1 LUT5=3 LUT6=7)

    Location             Delay type                Incr(ns)  Path(ns)    Netlist Resource(s)
  -------------------------------------------------------------------    -------------------
    L16                                               0.000     0.000 r  csel[1] (IN)
                         net (fo=0)                   0.000     0.000    csel[1]
    L16                  IBUF (Prop_ibuf_I_O)         1.480     1.480 r  csel_IBUF[1]_inst/O
                         net (fo=3, routed)           1.832     3.312    u_fsm/alu_8b_final_i0/74377_i3/DIG_D_FF_1bit_i2/csel_IBUF[1]
    SLICE_X2Y101         LUT4 (Prop_lut4_I0_O)        0.124     3.436 f  u_fsm/alu_8b_final_i0/74377_i3/DIG_D_FF_1bit_i2/state_i_7__0/O
                         net (fo=1, routed)           0.286     3.722    u_fsm/alu_8b_final_i0/74377_i3/DIG_D_FF_1bit_i2/state_i_7__0_n_0
    SLICE_X2Y101         LUT6 (Prop_lut6_I0_O)        0.124     3.846 f  u_fsm/alu_8b_final_i0/74377_i3/DIG_D_FF_1bit_i2/state_i_6/O
                         net (fo=3, routed)           0.457     4.303    u_fsm/74377_i21/DIG_D_FF_1bit_i5/state_i_2__0_0
    SLICE_X3Y104         LUT6 (Prop_lut6_I5_O)        0.124     4.427 f  u_fsm/74377_i21/DIG_D_FF_1bit_i5/state_i_3/O
                         net (fo=1, routed)           0.404     4.831    u_fsm/74377_i21/DIG_D_FF_1bit_i5/state_i_3_n_0
    SLICE_X3Y105         LUT6 (Prop_lut6_I0_O)        0.124     4.955 f  u_fsm/74377_i21/DIG_D_FF_1bit_i5/state_i_2__0/O
                         net (fo=6, routed)           0.164     5.119    u_fsm/74377_i21/DIG_D_FF_1bit_i5/state_reg_1
    SLICE_X3Y105         LUT6 (Prop_lut6_I2_O)        0.124     5.243 f  u_fsm/74377_i21/DIG_D_FF_1bit_i5/state_i_13/O
                         net (fo=1, routed)           0.635     5.878    u_fsm/74377_i21/DIG_D_FF_1bit_i5/state_i_13_n_0
    SLICE_X3Y105         LUT6 (Prop_lut6_I0_O)        0.124     6.002 f  u_fsm/74377_i21/DIG_D_FF_1bit_i5/state_i_9/O
                         net (fo=4, routed)           0.962     6.964    u_fsm/74377_i21/DIG_D_FF_1bit_i5/state_i_9_n_0
    SLICE_X5Y102         LUT5 (Prop_lut5_I0_O)        0.152     7.116 f  u_fsm/74377_i21/DIG_D_FF_1bit_i5/state_i_5/O
                         net (fo=4, routed)           0.281     7.398    u_fsm/74377_i21/DIG_D_FF_1bit_i5/state_reg_3
    SLICE_X5Y102         LUT5 (Prop_lut5_I0_O)        0.325     7.723 r  u_fsm/74377_i21/DIG_D_FF_1bit_i5/state_i_12/O
                         net (fo=6, routed)           1.065     8.787    u_fsm/74377_i21/DIG_D_FF_1bit_i5/state_reg_11
    SLICE_X5Y102         LUT3 (Prop_lut3_I0_O)        0.362     9.149 f  u_fsm/74377_i21/DIG_D_FF_1bit_i5/state_i_8/O
                         net (fo=1, routed)           0.885    10.035    u_fsm/74377_i21/DIG_D_FF_1bit_i5/state_i_8_n_0
    SLICE_X5Y103         LUT6 (Prop_lut6_I5_O)        0.327    10.362 f  u_fsm/74377_i21/DIG_D_FF_1bit_i5/state_i_2/O
                         net (fo=1, routed)           0.444    10.805    u_fsm/74161_i4/DIG_D_FF_AS_Nbit_i2/state_reg
    SLICE_X7Y103         LUT6 (Prop_lut6_I0_O)        0.124    10.929 r  u_fsm/74161_i4/DIG_D_FF_AS_Nbit_i2/state_i_1__1/O
                         net (fo=23, routed)          1.363    12.292    u_fsm/74161_i1/DIG_D_FF_AS_Nbit_i2/state_reg[3]_1
    SLICE_X4Y100         LUT5 (Prop_lut5_I0_O)        0.124    12.416 r  u_fsm/74161_i1/DIG_D_FF_AS_Nbit_i2/state[3]_i_2__2/O
                         net (fo=4, routed)           1.134    13.551    u_fsm/74161_i2/DIG_D_FF_AS_Nbit_i2/state_reg[0]_0
    SLICE_X6Y104         LUT3 (Prop_lut3_I1_O)        0.150    13.701 r  u_fsm/74161_i2/DIG_D_FF_AS_Nbit_i2/state[1]_i_1/O
                         net (fo=1, routed)           0.000    13.701    u_fsm/74161_i2/DIG_D_FF_AS_Nbit_i2/s4[1]
    SLICE_X6Y104         FDCE                                         r  u_fsm/74161_i2/DIG_D_FF_AS_Nbit_i2/state_reg[1]/D
  -------------------------------------------------------------------    -------------------

Slack:                    inf
  Source:                 csel[1]
                            (input port)
  Destination:            u_fsm/74161_i2/DIG_D_FF_AS_Nbit_i2/state_reg[3]/D
  Path Group:             (none)
  Path Type:              Max at Slow Process Corner
  Data Path Delay:        13.698ns  (logic 3.788ns (27.651%)  route 9.910ns (72.349%))
  Logic Levels:           14  (IBUF=1 LUT3=1 LUT4=1 LUT5=4 LUT6=7)

    Location             Delay type                Incr(ns)  Path(ns)    Netlist Resource(s)
  -------------------------------------------------------------------    -------------------
    L16                                               0.000     0.000 r  csel[1] (IN)
                         net (fo=0)                   0.000     0.000    csel[1]
    L16                  IBUF (Prop_ibuf_I_O)         1.480     1.480 r  csel_IBUF[1]_inst/O
                         net (fo=3, routed)           1.832     3.312    u_fsm/alu_8b_final_i0/74377_i3/DIG_D_FF_1bit_i2/csel_IBUF[1]
    SLICE_X2Y101         LUT4 (Prop_lut4_I0_O)        0.124     3.436 f  u_fsm/alu_8b_final_i0/74377_i3/DIG_D_FF_1bit_i2/state_i_7__0/O
                         net (fo=1, routed)           0.286     3.722    u_fsm/alu_8b_final_i0/74377_i3/DIG_D_FF_1bit_i2/state_i_7__0_n_0
    SLICE_X2Y101         LUT6 (Prop_lut6_I0_O)        0.124     3.846 f  u_fsm/alu_8b_final_i0/74377_i3/DIG_D_FF_1bit_i2/state_i_6/O
                         net (fo=3, routed)           0.457     4.303    u_fsm/74377_i21/DIG_D_FF_1bit_i5/state_i_2__0_0
    SLICE_X3Y104         LUT6 (Prop_lut6_I5_O)        0.124     4.427 f  u_fsm/74377_i21/DIG_D_FF_1bit_i5/state_i_3/O
                         net (fo=1, routed)           0.404     4.831    u_fsm/74377_i21/DIG_D_FF_1bit_i5/state_i_3_n_0
    SLICE_X3Y105         LUT6 (Prop_lut6_I0_O)        0.124     4.955 f  u_fsm/74377_i21/DIG_D_FF_1bit_i5/state_i_2__0/O
                         net (fo=6, routed)           0.164     5.119    u_fsm/74377_i21/DIG_D_FF_1bit_i5/state_reg_1
    SLICE_X3Y105         LUT6 (Prop_lut6_I2_O)        0.124     5.243 f  u_fsm/74377_i21/DIG_D_FF_1bit_i5/state_i_13/O
                         net (fo=1, routed)           0.635     5.878    u_fsm/74377_i21/DIG_D_FF_1bit_i5/state_i_13_n_0
    SLICE_X3Y105         LUT6 (Prop_lut6_I0_O)        0.124     6.002 f  u_fsm/74377_i21/DIG_D_FF_1bit_i5/state_i_9/O
                         net (fo=4, routed)           0.962     6.964    u_fsm/74377_i21/DIG_D_FF_1bit_i5/state_i_9_n_0
    SLICE_X5Y102         LUT5 (Prop_lut5_I0_O)        0.152     7.116 f  u_fsm/74377_i21/DIG_D_FF_1bit_i5/state_i_5/O
                         net (fo=4, routed)           0.281     7.398    u_fsm/74377_i21/DIG_D_FF_1bit_i5/state_reg_3
    SLICE_X5Y102         LUT5 (Prop_lut5_I0_O)        0.325     7.723 r  u_fsm/74377_i21/DIG_D_FF_1bit_i5/state_i_12/O
                         net (fo=6, routed)           1.065     8.787    u_fsm/74377_i21/DIG_D_FF_1bit_i5/state_reg_11
    SLICE_X5Y102         LUT3 (Prop_lut3_I0_O)        0.362     9.149 f  u_fsm/74377_i21/DIG_D_FF_1bit_i5/state_i_8/O
                         net (fo=1, routed)           0.885    10.035    u_fsm/74377_i21/DIG_D_FF_1bit_i5/state_i_8_n_0
    SLICE_X5Y103         LUT6 (Prop_lut6_I5_O)        0.327    10.362 f  u_fsm/74377_i21/DIG_D_FF_1bit_i5/state_i_2/O
                         net (fo=1, routed)           0.444    10.805    u_fsm/74161_i4/DIG_D_FF_AS_Nbit_i2/state_reg
    SLICE_X7Y103         LUT6 (Prop_lut6_I0_O)        0.124    10.929 r  u_fsm/74161_i4/DIG_D_FF_AS_Nbit_i2/state_i_1__1/O
                         net (fo=23, routed)          1.363    12.292    u_fsm/74161_i1/DIG_D_FF_AS_Nbit_i2/state_reg[3]_1
    SLICE_X4Y100         LUT5 (Prop_lut5_I0_O)        0.124    12.416 r  u_fsm/74161_i1/DIG_D_FF_AS_Nbit_i2/state[3]_i_2__2/O
                         net (fo=4, routed)           1.131    13.548    u_fsm/74161_i2/DIG_D_FF_AS_Nbit_i2/state_reg[0]_0
    SLICE_X6Y104         LUT5 (Prop_lut5_I1_O)        0.150    13.698 r  u_fsm/74161_i2/DIG_D_FF_AS_Nbit_i2/state[3]_i_1/O
                         net (fo=1, routed)           0.000    13.698    u_fsm/74161_i2/DIG_D_FF_AS_Nbit_i2/s4[3]
    SLICE_X6Y104         FDCE                                         r  u_fsm/74161_i2/DIG_D_FF_AS_Nbit_i2/state_reg[3]/D
  -------------------------------------------------------------------    -------------------

Slack:                    inf
  Source:                 csel[1]
                            (input port)
  Destination:            u_fsm/74161_i2/DIG_D_FF_AS_Nbit_i2/state_reg[0]/D
  Path Group:             (none)
  Path Type:              Max at Slow Process Corner
  Data Path Delay:        13.675ns  (logic 3.762ns (27.508%)  route 9.913ns (72.492%))
  Logic Levels:           14  (IBUF=1 LUT2=1 LUT3=1 LUT4=1 LUT5=3 LUT6=7)

    Location             Delay type                Incr(ns)  Path(ns)    Netlist Resource(s)
  -------------------------------------------------------------------    -------------------
    L16                                               0.000     0.000 r  csel[1] (IN)
                         net (fo=0)                   0.000     0.000    csel[1]
    L16                  IBUF (Prop_ibuf_I_O)         1.480     1.480 r  csel_IBUF[1]_inst/O
                         net (fo=3, routed)           1.832     3.312    u_fsm/alu_8b_final_i0/74377_i3/DIG_D_FF_1bit_i2/csel_IBUF[1]
    SLICE_X2Y101         LUT4 (Prop_lut4_I0_O)        0.124     3.436 f  u_fsm/alu_8b_final_i0/74377_i3/DIG_D_FF_1bit_i2/state_i_7__0/O
                         net (fo=1, routed)           0.286     3.722    u_fsm/alu_8b_final_i0/74377_i3/DIG_D_FF_1bit_i2/state_i_7__0_n_0
    SLICE_X2Y101         LUT6 (Prop_lut6_I0_O)        0.124     3.846 f  u_fsm/alu_8b_final_i0/74377_i3/DIG_D_FF_1bit_i2/state_i_6/O
                         net (fo=3, routed)           0.457     4.303    u_fsm/74377_i21/DIG_D_FF_1bit_i5/state_i_2__0_0
    SLICE_X3Y104         LUT6 (Prop_lut6_I5_O)        0.124     4.427 f  u_fsm/74377_i21/DIG_D_FF_1bit_i5/state_i_3/O
                         net (fo=1, routed)           0.404     4.831    u_fsm/74377_i21/DIG_D_FF_1bit_i5/state_i_3_n_0
    SLICE_X3Y105         LUT6 (Prop_lut6_I0_O)        0.124     4.955 f  u_fsm/74377_i21/DIG_D_FF_1bit_i5/state_i_2__0/O
                         net (fo=6, routed)           0.164     5.119    u_fsm/74377_i21/DIG_D_FF_1bit_i5/state_reg_1
    SLICE_X3Y105         LUT6 (Prop_lut6_I2_O)        0.124     5.243 f  u_fsm/74377_i21/DIG_D_FF_1bit_i5/state_i_13/O
                         net (fo=1, routed)           0.635     5.878    u_fsm/74377_i21/DIG_D_FF_1bit_i5/state_i_13_n_0
    SLICE_X3Y105         LUT6 (Prop_lut6_I0_O)        0.124     6.002 f  u_fsm/74377_i21/DIG_D_FF_1bit_i5/state_i_9/O
                         net (fo=4, routed)           0.962     6.964    u_fsm/74377_i21/DIG_D_FF_1bit_i5/state_i_9_n_0
    SLICE_X5Y102         LUT5 (Prop_lut5_I0_O)        0.152     7.116 f  u_fsm/74377_i21/DIG_D_FF_1bit_i5/state_i_5/O
                         net (fo=4, routed)           0.281     7.398    u_fsm/74377_i21/DIG_D_FF_1bit_i5/state_reg_3
    SLICE_X5Y102         LUT5 (Prop_lut5_I0_O)        0.325     7.723 r  u_fsm/74377_i21/DIG_D_FF_1bit_i5/state_i_12/O
                         net (fo=6, routed)           1.065     8.787    u_fsm/74377_i21/DIG_D_FF_1bit_i5/state_reg_11
    SLICE_X5Y102         LUT3 (Prop_lut3_I0_O)        0.362     9.149 f  u_fsm/74377_i21/DIG_D_FF_1bit_i5/state_i_8/O
                         net (fo=1, routed)           0.885    10.035    u_fsm/74377_i21/DIG_D_FF_1bit_i5/state_i_8_n_0
    SLICE_X5Y103         LUT6 (Prop_lut6_I5_O)        0.327    10.362 f  u_fsm/74377_i21/DIG_D_FF_1bit_i5/state_i_2/O
                         net (fo=1, routed)           0.444    10.805    u_fsm/74161_i4/DIG_D_FF_AS_Nbit_i2/state_reg
    SLICE_X7Y103         LUT6 (Prop_lut6_I0_O)        0.124    10.929 r  u_fsm/74161_i4/DIG_D_FF_AS_Nbit_i2/state_i_1__1/O
                         net (fo=23, routed)          1.363    12.292    u_fsm/74161_i1/DIG_D_FF_AS_Nbit_i2/state_reg[3]_1
    SLICE_X4Y100         LUT5 (Prop_lut5_I0_O)        0.124    12.416 r  u_fsm/74161_i1/DIG_D_FF_AS_Nbit_i2/state[3]_i_2__2/O
                         net (fo=4, routed)           1.134    13.551    u_fsm/74161_i2/DIG_D_FF_AS_Nbit_i2/state_reg[0]_0
    SLICE_X6Y104         LUT2 (Prop_lut2_I1_O)        0.124    13.675 r  u_fsm/74161_i2/DIG_D_FF_AS_Nbit_i2/state[0]_i_1/O
                         net (fo=1, routed)           0.000    13.675    u_fsm/74161_i2/DIG_D_FF_AS_Nbit_i2/s4[0]
    SLICE_X6Y104         FDCE                                         r  u_fsm/74161_i2/DIG_D_FF_AS_Nbit_i2/state_reg[0]/D
  -------------------------------------------------------------------    -------------------





Min Delay Paths
--------------------------------------------------------------------------------------
Slack:                    inf
  Source:                 u_fsm/74161_i3/DIG_D_FF_AS_Nbit_i2/state_reg[1]/C
                            (rising edge-triggered cell FDCE)
  Destination:            u_fsm/74377_i22/DIG_D_FF_1bit_i1/state_reg/D
  Path Group:             (none)
  Path Type:              Min at Fast Process Corner
  Data Path Delay:        0.265ns  (logic 0.148ns (55.756%)  route 0.117ns (44.244%))
  Logic Levels:           1  (FDCE=1)

    Location             Delay type                Incr(ns)  Path(ns)    Netlist Resource(s)
  -------------------------------------------------------------------    -------------------
    SLICE_X6Y103         FDCE                         0.000     0.000 r  u_fsm/74161_i3/DIG_D_FF_AS_Nbit_i2/state_reg[1]/C
    SLICE_X6Y103         FDCE (Prop_fdce_C_Q)         0.148     0.148 r  u_fsm/74161_i3/DIG_D_FF_AS_Nbit_i2/state_reg[1]/Q
                         net (fo=6, routed)           0.117     0.265    u_fsm/74377_i22/DIG_D_FF_1bit_i1/Q[0]
    SLICE_X5Y103         FDRE                                         r  u_fsm/74377_i22/DIG_D_FF_1bit_i1/state_reg/D
  -------------------------------------------------------------------    -------------------

Slack:                    inf
  Source:                 u_fsm/74161_i2/DIG_D_FF_AS_Nbit_i2/state_reg[2]/C
                            (rising edge-triggered cell FDCE)
  Destination:            u_fsm/74377_i21/DIG_D_FF_1bit_i6/state_reg/D
  Path Group:             (none)
  Path Type:              Min at Fast Process Corner
  Data Path Delay:        0.287ns  (logic 0.164ns (57.142%)  route 0.123ns (42.858%))
  Logic Levels:           1  (FDCE=1)

    Location             Delay type                Incr(ns)  Path(ns)    Netlist Resource(s)
  -------------------------------------------------------------------    -------------------
    SLICE_X6Y104         FDCE                         0.000     0.000 r  u_fsm/74161_i2/DIG_D_FF_AS_Nbit_i2/state_reg[2]/C
    SLICE_X6Y104         FDCE (Prop_fdce_C_Q)         0.164     0.164 r  u_fsm/74161_i2/DIG_D_FF_AS_Nbit_i2/state_reg[2]/Q
                         net (fo=5, routed)           0.123     0.287    u_fsm/74377_i21/DIG_D_FF_1bit_i6/state_reg_2[0]
    SLICE_X5Y104         FDRE                                         r  u_fsm/74377_i21/DIG_D_FF_1bit_i6/state_reg/D
  -------------------------------------------------------------------    -------------------

Slack:                    inf
  Source:                 u_fsm/74161_i3/DIG_D_FF_AS_Nbit_i2/state_reg[2]/C
                            (rising edge-triggered cell FDCE)
  Destination:            u_fsm/74377_i22/DIG_D_FF_1bit_i2/state_reg/D
  Path Group:             (none)
  Path Type:              Min at Fast Process Corner
  Data Path Delay:        0.287ns  (logic 0.164ns (57.142%)  route 0.123ns (42.858%))
  Logic Levels:           1  (FDCE=1)

    Location             Delay type                Incr(ns)  Path(ns)    Netlist Resource(s)
  -------------------------------------------------------------------    -------------------
    SLICE_X6Y103         FDCE                         0.000     0.000 r  u_fsm/74161_i3/DIG_D_FF_AS_Nbit_i2/state_reg[2]/C
    SLICE_X6Y103         FDCE (Prop_fdce_C_Q)         0.164     0.164 r  u_fsm/74161_i3/DIG_D_FF_AS_Nbit_i2/state_reg[2]/Q
                         net (fo=5, routed)           0.123     0.287    u_fsm/74377_i22/DIG_D_FF_1bit_i2/Q[0]
    SLICE_X5Y103         FDRE                                         r  u_fsm/74377_i22/DIG_D_FF_1bit_i2/state_reg/D
  -------------------------------------------------------------------    -------------------

Slack:                    inf
  Source:                 u_fsm/74161_i2/DIG_D_FF_AS_Nbit_i2/state_reg[3]/C
                            (rising edge-triggered cell FDCE)
  Destination:            u_fsm/74377_i21/DIG_D_FF_1bit_i7/state_reg/D
  Path Group:             (none)
  Path Type:              Min at Fast Process Corner
  Data Path Delay:        0.296ns  (logic 0.148ns (49.949%)  route 0.148ns (50.051%))
  Logic Levels:           1  (FDCE=1)

    Location             Delay type                Incr(ns)  Path(ns)    Netlist Resource(s)
  -------------------------------------------------------------------    -------------------
    SLICE_X6Y104         FDCE                         0.000     0.000 r  u_fsm/74161_i2/DIG_D_FF_AS_Nbit_i2/state_reg[3]/C
    SLICE_X6Y104         FDCE (Prop_fdce_C_Q)         0.148     0.148 r  u_fsm/74161_i2/DIG_D_FF_AS_Nbit_i2/state_reg[3]/Q
                         net (fo=4, routed)           0.148     0.296    u_fsm/74377_i21/DIG_D_FF_1bit_i7/state_reg_2[0]
    SLICE_X5Y104         FDRE                                         r  u_fsm/74377_i21/DIG_D_FF_1bit_i7/state_reg/D
  -------------------------------------------------------------------    -------------------

Slack:                    inf
  Source:                 u_fsm/74161_i3/DIG_D_FF_AS_Nbit_i2/state_reg[3]/C
                            (rising edge-triggered cell FDCE)
  Destination:            u_fsm/74377_i22/DIG_D_FF_1bit_i3/state_reg/D
  Path Group:             (none)
  Path Type:              Min at Fast Process Corner
  Data Path Delay:        0.297ns  (logic 0.148ns (49.781%)  route 0.149ns (50.219%))
  Logic Levels:           1  (FDCE=1)

    Location             Delay type                Incr(ns)  Path(ns)    Netlist Resource(s)
  -------------------------------------------------------------------    -------------------
    SLICE_X6Y103         FDCE                         0.000     0.000 r  u_fsm/74161_i3/DIG_D_FF_AS_Nbit_i2/state_reg[3]/C
    SLICE_X6Y103         FDCE (Prop_fdce_C_Q)         0.148     0.148 r  u_fsm/74161_i3/DIG_D_FF_AS_Nbit_i2/state_reg[3]/Q
                         net (fo=4, routed)           0.149     0.297    u_fsm/74377_i22/DIG_D_FF_1bit_i3/Q[0]
    SLICE_X5Y103         FDRE                                         r  u_fsm/74377_i22/DIG_D_FF_1bit_i3/state_reg/D
  -------------------------------------------------------------------    -------------------

Slack:                    inf
  Source:                 u_fsm/74161_i2/DIG_D_FF_AS_Nbit_i2/state_reg[0]/C
                            (rising edge-triggered cell FDCE)
  Destination:            u_fsm/74377_i21/DIG_D_FF_1bit_i4/state_reg/D
  Path Group:             (none)
  Path Type:              Min at Fast Process Corner
  Data Path Delay:        0.308ns  (logic 0.164ns (53.187%)  route 0.144ns (46.813%))
  Logic Levels:           1  (FDCE=1)

    Location             Delay type                Incr(ns)  Path(ns)    Netlist Resource(s)
  -------------------------------------------------------------------    -------------------
    SLICE_X6Y104         FDCE                         0.000     0.000 r  u_fsm/74161_i2/DIG_D_FF_AS_Nbit_i2/state_reg[0]/C
    SLICE_X6Y104         FDCE (Prop_fdce_C_Q)         0.164     0.164 r  u_fsm/74161_i2/DIG_D_FF_AS_Nbit_i2/state_reg[0]/Q
                         net (fo=7, routed)           0.144     0.308    u_fsm/74377_i21/DIG_D_FF_1bit_i4/state_reg_3[0]
    SLICE_X7Y103         FDRE                                         r  u_fsm/74377_i21/DIG_D_FF_1bit_i4/state_reg/D
  -------------------------------------------------------------------    -------------------

Slack:                    inf
  Source:                 u_fsm/74161_i1/DIG_D_FF_AS_Nbit_i2/state_reg[1]/C
                            (rising edge-triggered cell FDCE)
  Destination:            u_fsm/74377_i21/DIG_D_FF_1bit_i1/state_reg/D
  Path Group:             (none)
  Path Type:              Min at Fast Process Corner
  Data Path Delay:        0.323ns  (logic 0.141ns (43.645%)  route 0.182ns (56.355%))
  Logic Levels:           1  (FDCE=1)

    Location             Delay type                Incr(ns)  Path(ns)    Netlist Resource(s)
  -------------------------------------------------------------------    -------------------
    SLICE_X4Y100         FDCE                         0.000     0.000 r  u_fsm/74161_i1/DIG_D_FF_AS_Nbit_i2/state_reg[1]/C
    SLICE_X4Y100         FDCE (Prop_fdce_C_Q)         0.141     0.141 r  u_fsm/74161_i1/DIG_D_FF_AS_Nbit_i2/state_reg[1]/Q
                         net (fo=6, routed)           0.182     0.323    u_fsm/74377_i21/DIG_D_FF_1bit_i1/Q[0]
    SLICE_X4Y101         FDRE                                         r  u_fsm/74377_i21/DIG_D_FF_1bit_i1/state_reg/D
  -------------------------------------------------------------------    -------------------

Slack:                    inf
  Source:                 u_fsm/74161_i1/DIG_D_FF_AS_Nbit_i2/state_reg[3]/C
                            (rising edge-triggered cell FDCE)
  Destination:            u_fsm/74377_i21/DIG_D_FF_1bit_i3/state_reg/D
  Path Group:             (none)
  Path Type:              Min at Fast Process Corner
  Data Path Delay:        0.332ns  (logic 0.141ns (42.504%)  route 0.191ns (57.496%))
  Logic Levels:           1  (FDCE=1)

    Location             Delay type                Incr(ns)  Path(ns)    Netlist Resource(s)
  -------------------------------------------------------------------    -------------------
    SLICE_X4Y100         FDCE                         0.000     0.000 r  u_fsm/74161_i1/DIG_D_FF_AS_Nbit_i2/state_reg[3]/C
    SLICE_X4Y100         FDCE (Prop_fdce_C_Q)         0.141     0.141 r  u_fsm/74161_i1/DIG_D_FF_AS_Nbit_i2/state_reg[3]/Q
                         net (fo=4, routed)           0.191     0.332    u_fsm/74377_i21/DIG_D_FF_1bit_i3/Q[0]
    SLICE_X4Y102         FDRE                                         r  u_fsm/74377_i21/DIG_D_FF_1bit_i3/state_reg/D
  -------------------------------------------------------------------    -------------------

Slack:                    inf
  Source:                 u_fsm/74161_i1/DIG_D_FF_AS_Nbit_i2/state_reg[2]/C
                            (rising edge-triggered cell FDCE)
  Destination:            u_fsm/74377_i21/DIG_D_FF_1bit_i2/state_reg/D
  Path Group:             (none)
  Path Type:              Min at Fast Process Corner
  Data Path Delay:        0.332ns  (logic 0.128ns (38.566%)  route 0.204ns (61.434%))
  Logic Levels:           1  (FDCE=1)

    Location             Delay type                Incr(ns)  Path(ns)    Netlist Resource(s)
  -------------------------------------------------------------------    -------------------
    SLICE_X4Y100         FDCE                         0.000     0.000 r  u_fsm/74161_i1/DIG_D_FF_AS_Nbit_i2/state_reg[2]/C
    SLICE_X4Y100         FDCE (Prop_fdce_C_Q)         0.128     0.128 r  u_fsm/74161_i1/DIG_D_FF_AS_Nbit_i2/state_reg[2]/Q
                         net (fo=5, routed)           0.204     0.332    u_fsm/74377_i21/DIG_D_FF_1bit_i2/Q[0]
    SLICE_X4Y102         FDRE                                         r  u_fsm/74377_i21/DIG_D_FF_1bit_i2/state_reg/D
  -------------------------------------------------------------------    -------------------

Slack:                    inf
  Source:                 u_fsm/74161_i1/DIG_D_FF_AS_Nbit_i2/state_reg[0]/C
                            (rising edge-triggered cell FDCE)
  Destination:            u_fsm/74377_i21/DIG_D_FF_1bit_i0/state_reg/D
  Path Group:             (none)
  Path Type:              Min at Fast Process Corner
  Data Path Delay:        0.343ns  (logic 0.141ns (41.104%)  route 0.202ns (58.896%))
  Logic Levels:           1  (FDCE=1)

    Location             Delay type                Incr(ns)  Path(ns)    Netlist Resource(s)
  -------------------------------------------------------------------    -------------------
    SLICE_X4Y100         FDCE                         0.000     0.000 r  u_fsm/74161_i1/DIG_D_FF_AS_Nbit_i2/state_reg[0]/C
    SLICE_X4Y100         FDCE (Prop_fdce_C_Q)         0.141     0.141 r  u_fsm/74161_i1/DIG_D_FF_AS_Nbit_i2/state_reg[0]/Q
                         net (fo=7, routed)           0.202     0.343    u_fsm/74377_i21/DIG_D_FF_1bit_i0/Q[0]
    SLICE_X4Y101         FDRE                                         r  u_fsm/74377_i21/DIG_D_FF_1bit_i0/state_reg/D
  -------------------------------------------------------------------    -------------------





--------------------------------------------------------------------------------------
Path Group:  (none)
From Clock:  sys_clk
  To Clock:  

Max Delay            15 Endpoints
Min Delay            15 Endpoints
--------------------------------------------------------------------------------------


Max Delay Paths
--------------------------------------------------------------------------------------
Slack:                    inf
  Source:                 u_display/digit_sel_reg[2]/C
                            (rising edge-triggered cell FDRE clocked by sys_clk  {rise@0.000ns fall@5.000ns period=10.000ns})
  Destination:            seg[0]
                            (output port)
  Path Group:             (none)
  Path Type:              Max at Slow Process Corner
  Data Path Delay:        13.247ns  (logic 5.149ns (38.869%)  route 8.098ns (61.131%))
  Logic Levels:           7  (LUT4=1 LUT6=5 OBUF=1)
  Clock Uncertainty:      0.025ns  ((TSJ^2 + TIJ^2)^1/2 + DJ) / 2 + PE
    Total System Jitter     (TSJ):    0.050ns
    Total Input Jitter      (TIJ):    0.000ns
    Discrete Jitter          (DJ):    0.000ns
    Phase Error              (PE):    0.000ns

    Location             Delay type                Incr(ns)  Path(ns)    Netlist Resource(s)
  -------------------------------------------------------------------    -------------------
                         (clock sys_clk rise edge)    0.000     0.000 r  
    E3                                                0.000     0.000 r  clk (IN)
                         net (fo=0)                   0.000     0.000    clk
    E3                   IBUF (Prop_ibuf_I_O)         1.482     1.482 r  clk_IBUF_inst/O
                         net (fo=1, routed)           2.025     3.506    clk_IBUF
    BUFGCTRL_X0Y16       BUFG (Prop_bufg_I_O)         0.096     3.602 r  clk_IBUF_BUFG_inst/O
                         net (fo=33, routed)          1.710     5.312    u_display/clk_IBUF_BUFG
    SLICE_X0Y102         FDRE                                         r  u_display/digit_sel_reg[2]/C
  -------------------------------------------------------------------    -------------------
    SLICE_X0Y102         FDRE (Prop_fdre_C_Q)         0.419     5.731 r  u_display/digit_sel_reg[2]/Q
                         net (fo=21, routed)          1.373     7.105    u_fsm/74377_i21/DIG_D_FF_1bit_i3/digit_sel[2]
    SLICE_X5Y104         LUT6 (Prop_lut6_I2_O)        0.297     7.402 f  u_fsm/74377_i21/DIG_D_FF_1bit_i3/seg_OBUF[6]_inst_i_61/O
                         net (fo=1, routed)           0.664     8.065    u_fsm/74377_i21/DIG_D_FF_1bit_i3/seg_OBUF[6]_inst_i_61_n_0
    SLICE_X4Y104         LUT6 (Prop_lut6_I0_O)        0.124     8.189 f  u_fsm/74377_i21/DIG_D_FF_1bit_i3/seg_OBUF[6]_inst_i_51/O
                         net (fo=1, routed)           0.488     8.677    u_fsm/74377_i21/DIG_D_FF_1bit_i3/seg_OBUF[6]_inst_i_51_n_0
    SLICE_X4Y104         LUT6 (Prop_lut6_I0_O)        0.124     8.801 f  u_fsm/74377_i21/DIG_D_FF_1bit_i3/seg_OBUF[6]_inst_i_33/O
                         net (fo=1, routed)           0.413     9.215    u_fsm/74377_i21/DIG_D_FF_1bit_i3/seg_OBUF[6]_inst_i_33_n_0
    SLICE_X3Y104         LUT6 (Prop_lut6_I0_O)        0.124     9.339 f  u_fsm/74377_i21/DIG_D_FF_1bit_i3/seg_OBUF[6]_inst_i_17/O
                         net (fo=1, routed)           0.794    10.133    u_fsm/74377_i21/DIG_D_FF_1bit_i2/seg_OBUF[1]_inst_i_1_1
    SLICE_X2Y103         LUT6 (Prop_lut6_I5_O)        0.124    10.257 r  u_fsm/74377_i21/DIG_D_FF_1bit_i2/seg_OBUF[6]_inst_i_4/O
                         net (fo=7, routed)           0.828    11.084    u_fsm/74377_i21/DIG_D_FF_1bit_i2/state_reg_1
    SLICE_X1Y102         LUT4 (Prop_lut4_I0_O)        0.152    11.236 r  u_fsm/74377_i21/DIG_D_FF_1bit_i2/seg_OBUF[0]_inst_i_1/O
                         net (fo=1, routed)           3.538    14.775    seg_OBUF[0]
    T10                  OBUF (Prop_obuf_I_O)         3.785    18.560 r  seg_OBUF[0]_inst/O
                         net (fo=0)                   0.000    18.560    seg[0]
    T10                                                               r  seg[0] (OUT)
  -------------------------------------------------------------------    -------------------

Slack:                    inf
  Source:                 u_display/digit_sel_reg[2]/C
                            (rising edge-triggered cell FDRE clocked by sys_clk  {rise@0.000ns fall@5.000ns period=10.000ns})
  Destination:            seg[5]
                            (output port)
  Path Group:             (none)
  Path Type:              Max at Slow Process Corner
  Data Path Delay:        12.569ns  (logic 5.131ns (40.822%)  route 7.438ns (59.178%))
  Logic Levels:           7  (LUT4=1 LUT6=5 OBUF=1)
  Clock Uncertainty:      0.025ns  ((TSJ^2 + TIJ^2)^1/2 + DJ) / 2 + PE
    Total System Jitter     (TSJ):    0.050ns
    Total Input Jitter      (TIJ):    0.000ns
    Discrete Jitter          (DJ):    0.000ns
    Phase Error              (PE):    0.000ns

    Location             Delay type                Incr(ns)  Path(ns)    Netlist Resource(s)
  -------------------------------------------------------------------    -------------------
                         (clock sys_clk rise edge)    0.000     0.000 r  
    E3                                                0.000     0.000 r  clk (IN)
                         net (fo=0)                   0.000     0.000    clk
    E3                   IBUF (Prop_ibuf_I_O)         1.482     1.482 r  clk_IBUF_inst/O
                         net (fo=1, routed)           2.025     3.506    clk_IBUF
    BUFGCTRL_X0Y16       BUFG (Prop_bufg_I_O)         0.096     3.602 r  clk_IBUF_BUFG_inst/O
                         net (fo=33, routed)          1.710     5.312    u_display/clk_IBUF_BUFG
    SLICE_X0Y102         FDRE                                         r  u_display/digit_sel_reg[2]/C
  -------------------------------------------------------------------    -------------------
    SLICE_X0Y102         FDRE (Prop_fdre_C_Q)         0.419     5.731 r  u_display/digit_sel_reg[2]/Q
                         net (fo=21, routed)          1.373     7.105    u_fsm/74377_i21/DIG_D_FF_1bit_i3/digit_sel[2]
    SLICE_X5Y104         LUT6 (Prop_lut6_I2_O)        0.297     7.402 f  u_fsm/74377_i21/DIG_D_FF_1bit_i3/seg_OBUF[6]_inst_i_61/O
                         net (fo=1, routed)           0.664     8.065    u_fsm/74377_i21/DIG_D_FF_1bit_i3/seg_OBUF[6]_inst_i_61_n_0
    SLICE_X4Y104         LUT6 (Prop_lut6_I0_O)        0.124     8.189 f  u_fsm/74377_i21/DIG_D_FF_1bit_i3/seg_OBUF[6]_inst_i_51/O
                         net (fo=1, routed)           0.488     8.677    u_fsm/74377_i21/DIG_D_FF_1bit_i3/seg_OBUF[6]_inst_i_51_n_0
    SLICE_X4Y104         LUT6 (Prop_lut6_I0_O)        0.124     8.801 f  u_fsm/74377_i21/DIG_D_FF_1bit_i3/seg_OBUF[6]_inst_i_33/O
                         net (fo=1, routed)           0.413     9.215    u_fsm/74377_i21/DIG_D_FF_1bit_i3/seg_OBUF[6]_inst_i_33_n_0
    SLICE_X3Y104         LUT6 (Prop_lut6_I0_O)        0.124     9.339 f  u_fsm/74377_i21/DIG_D_FF_1bit_i3/seg_OBUF[6]_inst_i_17/O
                         net (fo=1, routed)           0.794    10.133    u_fsm/74377_i21/DIG_D_FF_1bit_i2/seg_OBUF[1]_inst_i_1_1
    SLICE_X2Y103         LUT6 (Prop_lut6_I5_O)        0.124    10.257 r  u_fsm/74377_i21/DIG_D_FF_1bit_i2/seg_OBUF[6]_inst_i_4/O
                         net (fo=7, routed)           0.578    10.835    u_fsm/74377_i21/DIG_D_FF_1bit_i5/seg[6]_0
    SLICE_X0Y103         LUT4 (Prop_lut4_I2_O)        0.150    10.985 r  u_fsm/74377_i21/DIG_D_FF_1bit_i5/seg_OBUF[5]_inst_i_1/O
                         net (fo=1, routed)           3.128    14.112    seg_OBUF[5]
    T11                  OBUF (Prop_obuf_I_O)         3.769    17.881 r  seg_OBUF[5]_inst/O
                         net (fo=0)                   0.000    17.881    seg[5]
    T11                                                               r  seg[5] (OUT)
  -------------------------------------------------------------------    -------------------

Slack:                    inf
  Source:                 u_display/digit_sel_reg[0]/C
                            (rising edge-triggered cell FDRE clocked by sys_clk  {rise@0.000ns fall@5.000ns period=10.000ns})
  Destination:            seg[1]
                            (output port)
  Path Group:             (none)
  Path Type:              Max at Slow Process Corner
  Data Path Delay:        12.405ns  (logic 4.631ns (37.335%)  route 7.774ns (62.665%))
  Logic Levels:           6  (LUT4=2 LUT6=3 OBUF=1)
  Clock Uncertainty:      0.025ns  ((TSJ^2 + TIJ^2)^1/2 + DJ) / 2 + PE
    Total System Jitter     (TSJ):    0.050ns
    Total Input Jitter      (TIJ):    0.000ns
    Discrete Jitter          (DJ):    0.000ns
    Phase Error              (PE):    0.000ns

    Location             Delay type                Incr(ns)  Path(ns)    Netlist Resource(s)
  -------------------------------------------------------------------    -------------------
                         (clock sys_clk rise edge)    0.000     0.000 r  
    E3                                                0.000     0.000 r  clk (IN)
                         net (fo=0)                   0.000     0.000    clk
    E3                   IBUF (Prop_ibuf_I_O)         1.482     1.482 r  clk_IBUF_inst/O
                         net (fo=1, routed)           2.025     3.506    clk_IBUF
    BUFGCTRL_X0Y16       BUFG (Prop_bufg_I_O)         0.096     3.602 r  clk_IBUF_BUFG_inst/O
                         net (fo=33, routed)          1.710     5.312    u_display/clk_IBUF_BUFG
    SLICE_X1Y102         FDRE                                         r  u_display/digit_sel_reg[0]/C
  -------------------------------------------------------------------    -------------------
    SLICE_X1Y102         FDRE (Prop_fdre_C_Q)         0.456     5.768 r  u_display/digit_sel_reg[0]/Q
                         net (fo=30, routed)          1.320     7.089    u_fsm/74377_i21/DIG_D_FF_1bit_i5/digit_sel[0]
    SLICE_X4Y103         LUT6 (Prop_lut6_I5_O)        0.124     7.213 r  u_fsm/74377_i21/DIG_D_FF_1bit_i5/seg_OBUF[6]_inst_i_41/O
                         net (fo=1, routed)           0.636     7.849    u_fsm/74377_i21/DIG_D_FF_1bit_i5/seg_OBUF[6]_inst_i_41_n_0
    SLICE_X5Y104         LUT6 (Prop_lut6_I0_O)        0.124     7.973 r  u_fsm/74377_i21/DIG_D_FF_1bit_i5/seg_OBUF[6]_inst_i_21/O
                         net (fo=1, routed)           0.495     8.468    u_fsm/74377_i21/DIG_D_FF_1bit_i5/seg_OBUF[6]_inst_i_21_n_0
    SLICE_X4Y104         LUT4 (Prop_lut4_I0_O)        0.124     8.592 r  u_fsm/74377_i21/DIG_D_FF_1bit_i5/seg_OBUF[6]_inst_i_6/O
                         net (fo=1, routed)           0.959     9.551    u_fsm/74377_i21/DIG_D_FF_1bit_i5/seg_OBUF[6]_inst_i_6_n_0
    SLICE_X2Y104         LUT6 (Prop_lut6_I0_O)        0.124     9.675 r  u_fsm/74377_i21/DIG_D_FF_1bit_i5/seg_OBUF[6]_inst_i_2/O
                         net (fo=7, routed)           0.947    10.621    u_fsm/74377_i22/DIG_D_FF_1bit_i3/seg[1]
    SLICE_X1Y102         LUT4 (Prop_lut4_I1_O)        0.124    10.745 r  u_fsm/74377_i22/DIG_D_FF_1bit_i3/seg_OBUF[1]_inst_i_1/O
                         net (fo=1, routed)           3.417    14.162    seg_OBUF[1]
    R10                  OBUF (Prop_obuf_I_O)         3.555    17.718 r  seg_OBUF[1]_inst/O
                         net (fo=0)                   0.000    17.718    seg[1]
    R10                                                               r  seg[1] (OUT)
  -------------------------------------------------------------------    -------------------

Slack:                    inf
  Source:                 u_display/digit_sel_reg[2]/C
                            (rising edge-triggered cell FDRE clocked by sys_clk  {rise@0.000ns fall@5.000ns period=10.000ns})
  Destination:            seg[4]
                            (output port)
  Path Group:             (none)
  Path Type:              Max at Slow Process Corner
  Data Path Delay:        12.150ns  (logic 4.870ns (40.078%)  route 7.280ns (59.922%))
  Logic Levels:           7  (LUT4=1 LUT6=5 OBUF=1)
  Clock Uncertainty:      0.025ns  ((TSJ^2 + TIJ^2)^1/2 + DJ) / 2 + PE
    Total System Jitter     (TSJ):    0.050ns
    Total Input Jitter      (TIJ):    0.000ns
    Discrete Jitter          (DJ):    0.000ns
    Phase Error              (PE):    0.000ns

    Location             Delay type                Incr(ns)  Path(ns)    Netlist Resource(s)
  -------------------------------------------------------------------    -------------------
                         (clock sys_clk rise edge)    0.000     0.000 r  
    E3                                                0.000     0.000 r  clk (IN)
                         net (fo=0)                   0.000     0.000    clk
    E3                   IBUF (Prop_ibuf_I_O)         1.482     1.482 r  clk_IBUF_inst/O
                         net (fo=1, routed)           2.025     3.506    clk_IBUF
    BUFGCTRL_X0Y16       BUFG (Prop_bufg_I_O)         0.096     3.602 r  clk_IBUF_BUFG_inst/O
                         net (fo=33, routed)          1.710     5.312    u_display/clk_IBUF_BUFG
    SLICE_X0Y102         FDRE                                         r  u_display/digit_sel_reg[2]/C
  -------------------------------------------------------------------    -------------------
    SLICE_X0Y102         FDRE (Prop_fdre_C_Q)         0.419     5.731 r  u_display/digit_sel_reg[2]/Q
                         net (fo=21, routed)          1.373     7.105    u_fsm/74377_i21/DIG_D_FF_1bit_i3/digit_sel[2]
    SLICE_X5Y104         LUT6 (Prop_lut6_I2_O)        0.297     7.402 f  u_fsm/74377_i21/DIG_D_FF_1bit_i3/seg_OBUF[6]_inst_i_61/O
                         net (fo=1, routed)           0.664     8.065    u_fsm/74377_i21/DIG_D_FF_1bit_i3/seg_OBUF[6]_inst_i_61_n_0
    SLICE_X4Y104         LUT6 (Prop_lut6_I0_O)        0.124     8.189 f  u_fsm/74377_i21/DIG_D_FF_1bit_i3/seg_OBUF[6]_inst_i_51/O
                         net (fo=1, routed)           0.488     8.677    u_fsm/74377_i21/DIG_D_FF_1bit_i3/seg_OBUF[6]_inst_i_51_n_0
    SLICE_X4Y104         LUT6 (Prop_lut6_I0_O)        0.124     8.801 f  u_fsm/74377_i21/DIG_D_FF_1bit_i3/seg_OBUF[6]_inst_i_33/O
                         net (fo=1, routed)           0.413     9.215    u_fsm/74377_i21/DIG_D_FF_1bit_i3/seg_OBUF[6]_inst_i_33_n_0
    SLICE_X3Y104         LUT6 (Prop_lut6_I0_O)        0.124     9.339 f  u_fsm/74377_i21/DIG_D_FF_1bit_i3/seg_OBUF[6]_inst_i_17/O
                         net (fo=1, routed)           0.794    10.133    u_fsm/74377_i21/DIG_D_FF_1bit_i2/seg_OBUF[1]_inst_i_1_1
    SLICE_X2Y103         LUT6 (Prop_lut6_I5_O)        0.124    10.257 r  u_fsm/74377_i21/DIG_D_FF_1bit_i2/seg_OBUF[6]_inst_i_4/O
                         net (fo=7, routed)           0.828    11.084    u_fsm/74377_i21/DIG_D_FF_1bit_i2/state_reg_1
    SLICE_X1Y102         LUT4 (Prop_lut4_I0_O)        0.124    11.208 r  u_fsm/74377_i21/DIG_D_FF_1bit_i2/seg_OBUF[4]_inst_i_1/O
                         net (fo=1, routed)           2.720    13.929    seg_OBUF[4]
    P15                  OBUF (Prop_obuf_I_O)         3.534    17.462 r  seg_OBUF[4]_inst/O
                         net (fo=0)                   0.000    17.462    seg[4]
    P15                                                               r  seg[4] (OUT)
  -------------------------------------------------------------------    -------------------

Slack:                    inf
  Source:                 u_display/digit_sel_reg[2]/C
                            (rising edge-triggered cell FDRE clocked by sys_clk  {rise@0.000ns fall@5.000ns period=10.000ns})
  Destination:            seg[6]
                            (output port)
  Path Group:             (none)
  Path Type:              Max at Slow Process Corner
  Data Path Delay:        11.744ns  (logic 5.106ns (43.479%)  route 6.638ns (56.521%))
  Logic Levels:           7  (LUT4=1 LUT6=5 OBUF=1)
  Clock Uncertainty:      0.025ns  ((TSJ^2 + TIJ^2)^1/2 + DJ) / 2 + PE
    Total System Jitter     (TSJ):    0.050ns
    Total Input Jitter      (TIJ):    0.000ns
    Discrete Jitter          (DJ):    0.000ns
    Phase Error              (PE):    0.000ns

    Location             Delay type                Incr(ns)  Path(ns)    Netlist Resource(s)
  -------------------------------------------------------------------    -------------------
                         (clock sys_clk rise edge)    0.000     0.000 r  
    E3                                                0.000     0.000 r  clk (IN)
                         net (fo=0)                   0.000     0.000    clk
    E3                   IBUF (Prop_ibuf_I_O)         1.482     1.482 r  clk_IBUF_inst/O
                         net (fo=1, routed)           2.025     3.506    clk_IBUF
    BUFGCTRL_X0Y16       BUFG (Prop_bufg_I_O)         0.096     3.602 r  clk_IBUF_BUFG_inst/O
                         net (fo=33, routed)          1.710     5.312    u_display/clk_IBUF_BUFG
    SLICE_X0Y102         FDRE                                         r  u_display/digit_sel_reg[2]/C
  -------------------------------------------------------------------    -------------------
    SLICE_X0Y102         FDRE (Prop_fdre_C_Q)         0.419     5.731 r  u_display/digit_sel_reg[2]/Q
                         net (fo=21, routed)          1.373     7.105    u_fsm/74377_i21/DIG_D_FF_1bit_i3/digit_sel[2]
    SLICE_X5Y104         LUT6 (Prop_lut6_I2_O)        0.297     7.402 f  u_fsm/74377_i21/DIG_D_FF_1bit_i3/seg_OBUF[6]_inst_i_61/O
                         net (fo=1, routed)           0.664     8.065    u_fsm/74377_i21/DIG_D_FF_1bit_i3/seg_OBUF[6]_inst_i_61_n_0
    SLICE_X4Y104         LUT6 (Prop_lut6_I0_O)        0.124     8.189 f  u_fsm/74377_i21/DIG_D_FF_1bit_i3/seg_OBUF[6]_inst_i_51/O
                         net (fo=1, routed)           0.488     8.677    u_fsm/74377_i21/DIG_D_FF_1bit_i3/seg_OBUF[6]_inst_i_51_n_0
    SLICE_X4Y104         LUT6 (Prop_lut6_I0_O)        0.124     8.801 f  u_fsm/74377_i21/DIG_D_FF_1bit_i3/seg_OBUF[6]_inst_i_33/O
                         net (fo=1, routed)           0.413     9.215    u_fsm/74377_i21/DIG_D_FF_1bit_i3/seg_OBUF[6]_inst_i_33_n_0
    SLICE_X3Y104         LUT6 (Prop_lut6_I0_O)        0.124     9.339 f  u_fsm/74377_i21/DIG_D_FF_1bit_i3/seg_OBUF[6]_inst_i_17/O
                         net (fo=1, routed)           0.794    10.133    u_fsm/74377_i21/DIG_D_FF_1bit_i2/seg_OBUF[1]_inst_i_1_1
    SLICE_X2Y103         LUT6 (Prop_lut6_I5_O)        0.124    10.257 r  u_fsm/74377_i21/DIG_D_FF_1bit_i2/seg_OBUF[6]_inst_i_4/O
                         net (fo=7, routed)           0.829    11.085    u_fsm/74377_i21/DIG_D_FF_1bit_i5/seg[6]_0
    SLICE_X1Y102         LUT4 (Prop_lut4_I2_O)        0.154    11.239 r  u_fsm/74377_i21/DIG_D_FF_1bit_i5/seg_OBUF[6]_inst_i_1/O
                         net (fo=1, routed)           2.077    13.316    seg_OBUF[6]
    L18                  OBUF (Prop_obuf_I_O)         3.740    17.057 r  seg_OBUF[6]_inst/O
                         net (fo=0)                   0.000    17.057    seg[6]
    L18                                                               r  seg[6] (OUT)
  -------------------------------------------------------------------    -------------------

Slack:                    inf
  Source:                 u_display/digit_sel_reg[2]/C
                            (rising edge-triggered cell FDRE clocked by sys_clk  {rise@0.000ns fall@5.000ns period=10.000ns})
  Destination:            seg[3]
                            (output port)
  Path Group:             (none)
  Path Type:              Max at Slow Process Corner
  Data Path Delay:        11.271ns  (logic 4.886ns (43.354%)  route 6.384ns (56.646%))
  Logic Levels:           7  (LUT4=1 LUT6=5 OBUF=1)
  Clock Uncertainty:      0.025ns  ((TSJ^2 + TIJ^2)^1/2 + DJ) / 2 + PE
    Total System Jitter     (TSJ):    0.050ns
    Total Input Jitter      (TIJ):    0.000ns
    Discrete Jitter          (DJ):    0.000ns
    Phase Error              (PE):    0.000ns

    Location             Delay type                Incr(ns)  Path(ns)    Netlist Resource(s)
  -------------------------------------------------------------------    -------------------
                         (clock sys_clk rise edge)    0.000     0.000 r  
    E3                                                0.000     0.000 r  clk (IN)
                         net (fo=0)                   0.000     0.000    clk
    E3                   IBUF (Prop_ibuf_I_O)         1.482     1.482 r  clk_IBUF_inst/O
                         net (fo=1, routed)           2.025     3.506    clk_IBUF
    BUFGCTRL_X0Y16       BUFG (Prop_bufg_I_O)         0.096     3.602 r  clk_IBUF_BUFG_inst/O
                         net (fo=33, routed)          1.710     5.312    u_display/clk_IBUF_BUFG
    SLICE_X0Y102         FDRE                                         r  u_display/digit_sel_reg[2]/C
  -------------------------------------------------------------------    -------------------
    SLICE_X0Y102         FDRE (Prop_fdre_C_Q)         0.419     5.731 r  u_display/digit_sel_reg[2]/Q
                         net (fo=21, routed)          1.373     7.105    u_fsm/74377_i21/DIG_D_FF_1bit_i3/digit_sel[2]
    SLICE_X5Y104         LUT6 (Prop_lut6_I2_O)        0.297     7.402 f  u_fsm/74377_i21/DIG_D_FF_1bit_i3/seg_OBUF[6]_inst_i_61/O
                         net (fo=1, routed)           0.664     8.065    u_fsm/74377_i21/DIG_D_FF_1bit_i3/seg_OBUF[6]_inst_i_61_n_0
    SLICE_X4Y104         LUT6 (Prop_lut6_I0_O)        0.124     8.189 f  u_fsm/74377_i21/DIG_D_FF_1bit_i3/seg_OBUF[6]_inst_i_51/O
                         net (fo=1, routed)           0.488     8.677    u_fsm/74377_i21/DIG_D_FF_1bit_i3/seg_OBUF[6]_inst_i_51_n_0
    SLICE_X4Y104         LUT6 (Prop_lut6_I0_O)        0.124     8.801 f  u_fsm/74377_i21/DIG_D_FF_1bit_i3/seg_OBUF[6]_inst_i_33/O
                         net (fo=1, routed)           0.413     9.215    u_fsm/74377_i21/DIG_D_FF_1bit_i3/seg_OBUF[6]_inst_i_33_n_0
    SLICE_X3Y104         LUT6 (Prop_lut6_I0_O)        0.124     9.339 f  u_fsm/74377_i21/DIG_D_FF_1bit_i3/seg_OBUF[6]_inst_i_17/O
                         net (fo=1, routed)           0.794    10.133    u_fsm/74377_i21/DIG_D_FF_1bit_i2/seg_OBUF[1]_inst_i_1_1
    SLICE_X2Y103         LUT6 (Prop_lut6_I5_O)        0.124    10.257 r  u_fsm/74377_i21/DIG_D_FF_1bit_i2/seg_OBUF[6]_inst_i_4/O
                         net (fo=7, routed)           0.578    10.835    u_fsm/74377_i21/DIG_D_FF_1bit_i5/seg[6]_0
    SLICE_X0Y103         LUT4 (Prop_lut4_I2_O)        0.124    10.959 r  u_fsm/74377_i21/DIG_D_FF_1bit_i5/seg_OBUF[3]_inst_i_1/O
                         net (fo=1, routed)           2.074    13.033    seg_OBUF[3]
    K13                  OBUF (Prop_obuf_I_O)         3.550    16.583 r  seg_OBUF[3]_inst/O
                         net (fo=0)                   0.000    16.583    seg[3]
    K13                                                               r  seg[3] (OUT)
  -------------------------------------------------------------------    -------------------

Slack:                    inf
  Source:                 u_display/digit_sel_reg[2]/C
                            (rising edge-triggered cell FDRE clocked by sys_clk  {rise@0.000ns fall@5.000ns period=10.000ns})
  Destination:            seg[2]
                            (output port)
  Path Group:             (none)
  Path Type:              Max at Slow Process Corner
  Data Path Delay:        11.199ns  (logic 4.829ns (43.121%)  route 6.370ns (56.879%))
  Logic Levels:           7  (LUT4=1 LUT6=5 OBUF=1)
  Clock Uncertainty:      0.025ns  ((TSJ^2 + TIJ^2)^1/2 + DJ) / 2 + PE
    Total System Jitter     (TSJ):    0.050ns
    Total Input Jitter      (TIJ):    0.000ns
    Discrete Jitter          (DJ):    0.000ns
    Phase Error              (PE):    0.000ns

    Location             Delay type                Incr(ns)  Path(ns)    Netlist Resource(s)
  -------------------------------------------------------------------    -------------------
                         (clock sys_clk rise edge)    0.000     0.000 r  
    E3                                                0.000     0.000 r  clk (IN)
                         net (fo=0)                   0.000     0.000    clk
    E3                   IBUF (Prop_ibuf_I_O)         1.482     1.482 r  clk_IBUF_inst/O
                         net (fo=1, routed)           2.025     3.506    clk_IBUF
    BUFGCTRL_X0Y16       BUFG (Prop_bufg_I_O)         0.096     3.602 r  clk_IBUF_BUFG_inst/O
                         net (fo=33, routed)          1.710     5.312    u_display/clk_IBUF_BUFG
    SLICE_X0Y102         FDRE                                         r  u_display/digit_sel_reg[2]/C
  -------------------------------------------------------------------    -------------------
    SLICE_X0Y102         FDRE (Prop_fdre_C_Q)         0.419     5.731 r  u_display/digit_sel_reg[2]/Q
                         net (fo=21, routed)          1.373     7.105    u_fsm/74377_i21/DIG_D_FF_1bit_i3/digit_sel[2]
    SLICE_X5Y104         LUT6 (Prop_lut6_I2_O)        0.297     7.402 f  u_fsm/74377_i21/DIG_D_FF_1bit_i3/seg_OBUF[6]_inst_i_61/O
                         net (fo=1, routed)           0.664     8.065    u_fsm/74377_i21/DIG_D_FF_1bit_i3/seg_OBUF[6]_inst_i_61_n_0
    SLICE_X4Y104         LUT6 (Prop_lut6_I0_O)        0.124     8.189 f  u_fsm/74377_i21/DIG_D_FF_1bit_i3/seg_OBUF[6]_inst_i_51/O
                         net (fo=1, routed)           0.488     8.677    u_fsm/74377_i21/DIG_D_FF_1bit_i3/seg_OBUF[6]_inst_i_51_n_0
    SLICE_X4Y104         LUT6 (Prop_lut6_I0_O)        0.124     8.801 f  u_fsm/74377_i21/DIG_D_FF_1bit_i3/seg_OBUF[6]_inst_i_33/O
                         net (fo=1, routed)           0.413     9.215    u_fsm/74377_i21/DIG_D_FF_1bit_i3/seg_OBUF[6]_inst_i_33_n_0
    SLICE_X3Y104         LUT6 (Prop_lut6_I0_O)        0.124     9.339 f  u_fsm/74377_i21/DIG_D_FF_1bit_i3/seg_OBUF[6]_inst_i_17/O
                         net (fo=1, routed)           0.794    10.133    u_fsm/74377_i21/DIG_D_FF_1bit_i2/seg_OBUF[1]_inst_i_1_1
    SLICE_X2Y103         LUT6 (Prop_lut6_I5_O)        0.124    10.257 r  u_fsm/74377_i21/DIG_D_FF_1bit_i2/seg_OBUF[6]_inst_i_4/O
                         net (fo=7, routed)           0.829    11.085    u_fsm/74377_i21/DIG_D_FF_1bit_i5/seg[6]_0
    SLICE_X1Y102         LUT4 (Prop_lut4_I2_O)        0.124    11.209 r  u_fsm/74377_i21/DIG_D_FF_1bit_i5/seg_OBUF[2]_inst_i_1/O
                         net (fo=1, routed)           1.809    13.018    seg_OBUF[2]
    K16                  OBUF (Prop_obuf_I_O)         3.493    16.511 r  seg_OBUF[2]_inst/O
                         net (fo=0)                   0.000    16.511    seg[2]
    K16                                                               r  seg[2] (OUT)
  -------------------------------------------------------------------    -------------------

Slack:                    inf
  Source:                 u_display/digit_sel_reg[2]/C
                            (rising edge-triggered cell FDRE clocked by sys_clk  {rise@0.000ns fall@5.000ns period=10.000ns})
  Destination:            an[6]
                            (output port)
  Path Group:             (none)
  Path Type:              Max at Slow Process Corner
  Data Path Delay:        9.643ns  (logic 4.464ns (46.286%)  route 5.180ns (53.714%))
  Logic Levels:           2  (LUT3=1 OBUF=1)
  Clock Uncertainty:      0.025ns  ((TSJ^2 + TIJ^2)^1/2 + DJ) / 2 + PE
    Total System Jitter     (TSJ):    0.050ns
    Total Input Jitter      (TIJ):    0.000ns
    Discrete Jitter          (DJ):    0.000ns
    Phase Error              (PE):    0.000ns

    Location             Delay type                Incr(ns)  Path(ns)    Netlist Resource(s)
  -------------------------------------------------------------------    -------------------
                         (clock sys_clk rise edge)    0.000     0.000 r  
    E3                                                0.000     0.000 r  clk (IN)
                         net (fo=0)                   0.000     0.000    clk
    E3                   IBUF (Prop_ibuf_I_O)         1.482     1.482 r  clk_IBUF_inst/O
                         net (fo=1, routed)           2.025     3.506    clk_IBUF
    BUFGCTRL_X0Y16       BUFG (Prop_bufg_I_O)         0.096     3.602 r  clk_IBUF_BUFG_inst/O
                         net (fo=33, routed)          1.710     5.312    u_display/clk_IBUF_BUFG
    SLICE_X0Y102         FDRE                                         r  u_display/digit_sel_reg[2]/C
  -------------------------------------------------------------------    -------------------
    SLICE_X0Y102         FDRE (Prop_fdre_C_Q)         0.419     5.731 f  u_display/digit_sel_reg[2]/Q
                         net (fo=21, routed)          0.990     6.722    u_display/digit_sel[2]
    SLICE_X0Y103         LUT3 (Prop_lut3_I0_O)        0.325     7.047 r  u_display/an_OBUF[6]_inst_i_1/O
                         net (fo=1, routed)           4.190    11.236    an_OBUF[6]
    K2                   OBUF (Prop_obuf_I_O)         3.720    14.956 r  an_OBUF[6]_inst/O
                         net (fo=0)                   0.000    14.956    an[6]
    K2                                                                r  an[6] (OUT)
  -------------------------------------------------------------------    -------------------

Slack:                    inf
  Source:                 u_display/digit_sel_reg[1]/C
                            (rising edge-triggered cell FDRE clocked by sys_clk  {rise@0.000ns fall@5.000ns period=10.000ns})
  Destination:            an[7]
                            (output port)
  Path Group:             (none)
  Path Type:              Max at Slow Process Corner
  Data Path Delay:        9.549ns  (logic 4.363ns (45.693%)  route 5.186ns (54.307%))
  Logic Levels:           2  (LUT3=1 OBUF=1)
  Clock Uncertainty:      0.025ns  ((TSJ^2 + TIJ^2)^1/2 + DJ) / 2 + PE
    Total System Jitter     (TSJ):    0.050ns
    Total Input Jitter      (TIJ):    0.000ns
    Discrete Jitter          (DJ):    0.000ns
    Phase Error              (PE):    0.000ns

    Location             Delay type                Incr(ns)  Path(ns)    Netlist Resource(s)
  -------------------------------------------------------------------    -------------------
                         (clock sys_clk rise edge)    0.000     0.000 r  
    E3                                                0.000     0.000 r  clk (IN)
                         net (fo=0)                   0.000     0.000    clk
    E3                   IBUF (Prop_ibuf_I_O)         1.482     1.482 r  clk_IBUF_inst/O
                         net (fo=1, routed)           2.025     3.506    clk_IBUF
    BUFGCTRL_X0Y16       BUFG (Prop_bufg_I_O)         0.096     3.602 r  clk_IBUF_BUFG_inst/O
                         net (fo=33, routed)          1.710     5.312    u_display/clk_IBUF_BUFG
    SLICE_X0Y102         FDRE                                         r  u_display/digit_sel_reg[1]/C
  -------------------------------------------------------------------    -------------------
    SLICE_X0Y102         FDRE (Prop_fdre_C_Q)         0.456     5.768 f  u_display/digit_sel_reg[1]/Q
                         net (fo=27, routed)          1.635     7.404    u_display/digit_sel[1]
    SLICE_X0Y104         LUT3 (Prop_lut3_I1_O)        0.152     7.556 r  u_display/an_OBUF[7]_inst_i_1/O
                         net (fo=2, routed)           3.550    11.106    an_OBUF[7]
    U13                  OBUF (Prop_obuf_I_O)         3.755    14.862 r  an_OBUF[7]_inst/O
                         net (fo=0)                   0.000    14.862    an[7]
    U13                                                               r  an[7] (OUT)
  -------------------------------------------------------------------    -------------------

Slack:                    inf
  Source:                 u_display/digit_sel_reg[2]/C
                            (rising edge-triggered cell FDRE clocked by sys_clk  {rise@0.000ns fall@5.000ns period=10.000ns})
  Destination:            an[2]
                            (output port)
  Path Group:             (none)
  Path Type:              Max at Slow Process Corner
  Data Path Delay:        8.675ns  (logic 4.290ns (49.457%)  route 4.385ns (50.543%))
  Logic Levels:           2  (LUT3=1 OBUF=1)
  Clock Uncertainty:      0.025ns  ((TSJ^2 + TIJ^2)^1/2 + DJ) / 2 + PE
    Total System Jitter     (TSJ):    0.050ns
    Total Input Jitter      (TIJ):    0.000ns
    Discrete Jitter          (DJ):    0.000ns
    Phase Error              (PE):    0.000ns

    Location             Delay type                Incr(ns)  Path(ns)    Netlist Resource(s)
  -------------------------------------------------------------------    -------------------
                         (clock sys_clk rise edge)    0.000     0.000 r  
    E3                                                0.000     0.000 r  clk (IN)
                         net (fo=0)                   0.000     0.000    clk
    E3                   IBUF (Prop_ibuf_I_O)         1.482     1.482 r  clk_IBUF_inst/O
                         net (fo=1, routed)           2.025     3.506    clk_IBUF
    BUFGCTRL_X0Y16       BUFG (Prop_bufg_I_O)         0.096     3.602 r  clk_IBUF_BUFG_inst/O
                         net (fo=33, routed)          1.710     5.312    u_display/clk_IBUF_BUFG
    SLICE_X0Y102         FDRE                                         r  u_display/digit_sel_reg[2]/C
  -------------------------------------------------------------------    -------------------
    SLICE_X0Y102         FDRE (Prop_fdre_C_Q)         0.419     5.731 r  u_display/digit_sel_reg[2]/Q
                         net (fo=21, routed)          0.990     6.722    u_display/digit_sel[2]
    SLICE_X0Y103         LUT3 (Prop_lut3_I0_O)        0.297     7.019 r  u_display/an_OBUF[2]_inst_i_1/O
                         net (fo=1, routed)           3.394    10.413    an_OBUF[2]
    T9                   OBUF (Prop_obuf_I_O)         3.574    13.987 r  an_OBUF[2]_inst/O
                         net (fo=0)                   0.000    13.987    an[2]
    T9                                                                r  an[2] (OUT)
  -------------------------------------------------------------------    -------------------





Min Delay Paths
--------------------------------------------------------------------------------------
Slack:                    inf
  Source:                 u_display/digit_sel_reg[2]/C
                            (rising edge-triggered cell FDRE clocked by sys_clk  {rise@0.000ns fall@5.000ns period=10.000ns})
  Destination:            an[1]
                            (output port)
  Path Group:             (none)
  Path Type:              Min at Fast Process Corner
  Data Path Delay:        1.925ns  (logic 1.462ns (75.972%)  route 0.463ns (24.028%))
  Logic Levels:           2  (LUT3=1 OBUF=1)
  Clock Uncertainty:      0.025ns  ((TSJ^2 + TIJ^2)^1/2 + DJ) / 2 + PE
    Total System Jitter     (TSJ):    0.050ns
    Total Input Jitter      (TIJ):    0.000ns
    Discrete Jitter          (DJ):    0.000ns
    Phase Error              (PE):    0.000ns

    Location             Delay type                Incr(ns)  Path(ns)    Netlist Resource(s)
  -------------------------------------------------------------------    -------------------
                         (clock sys_clk rise edge)    0.000     0.000 r  
    E3                                                0.000     0.000 r  clk (IN)
                         net (fo=0)                   0.000     0.000    clk
    E3                   IBUF (Prop_ibuf_I_O)         0.250     0.250 r  clk_IBUF_inst/O
                         net (fo=1, routed)           0.644     0.894    clk_IBUF
    BUFGCTRL_X0Y16       BUFG (Prop_bufg_I_O)         0.026     0.920 r  clk_IBUF_BUFG_inst/O
                         net (fo=33, routed)          0.599     1.518    u_display/clk_IBUF_BUFG
    SLICE_X0Y102         FDRE                                         r  u_display/digit_sel_reg[2]/C
  -------------------------------------------------------------------    -------------------
    SLICE_X0Y102         FDRE (Prop_fdre_C_Q)         0.128     1.646 r  u_display/digit_sel_reg[2]/Q
                         net (fo=21, routed)          0.144     1.790    u_display/digit_sel[2]
    SLICE_X0Y102         LUT3 (Prop_lut3_I0_O)        0.098     1.888 r  u_display/an_OBUF[1]_inst_i_1/O
                         net (fo=1, routed)           0.319     2.207    an_OBUF[1]
    J18                  OBUF (Prop_obuf_I_O)         1.236     3.443 r  an_OBUF[1]_inst/O
                         net (fo=0)                   0.000     3.443    an[1]
    J18                                                               r  an[1] (OUT)
  -------------------------------------------------------------------    -------------------

Slack:                    inf
  Source:                 u_display/digit_sel_reg[2]/C
                            (rising edge-triggered cell FDRE clocked by sys_clk  {rise@0.000ns fall@5.000ns period=10.000ns})
  Destination:            an[0]
                            (output port)
  Path Group:             (none)
  Path Type:              Min at Fast Process Corner
  Data Path Delay:        2.064ns  (logic 1.533ns (74.288%)  route 0.531ns (25.712%))
  Logic Levels:           2  (LUT3=1 OBUF=1)
  Clock Uncertainty:      0.025ns  ((TSJ^2 + TIJ^2)^1/2 + DJ) / 2 + PE
    Total System Jitter     (TSJ):    0.050ns
    Total Input Jitter      (TIJ):    0.000ns
    Discrete Jitter          (DJ):    0.000ns
    Phase Error              (PE):    0.000ns

    Location             Delay type                Incr(ns)  Path(ns)    Netlist Resource(s)
  -------------------------------------------------------------------    -------------------
                         (clock sys_clk rise edge)    0.000     0.000 r  
    E3                                                0.000     0.000 r  clk (IN)
                         net (fo=0)                   0.000     0.000    clk
    E3                   IBUF (Prop_ibuf_I_O)         0.250     0.250 r  clk_IBUF_inst/O
                         net (fo=1, routed)           0.644     0.894    clk_IBUF
    BUFGCTRL_X0Y16       BUFG (Prop_bufg_I_O)         0.026     0.920 r  clk_IBUF_BUFG_inst/O
                         net (fo=33, routed)          0.599     1.518    u_display/clk_IBUF_BUFG
    SLICE_X0Y102         FDRE                                         r  u_display/digit_sel_reg[2]/C
  -------------------------------------------------------------------    -------------------
    SLICE_X0Y102         FDRE (Prop_fdre_C_Q)         0.128     1.646 r  u_display/digit_sel_reg[2]/Q
                         net (fo=21, routed)          0.145     1.791    u_display/digit_sel[2]
    SLICE_X0Y102         LUT3 (Prop_lut3_I0_O)        0.102     1.893 r  u_display/an_OBUF[0]_inst_i_1/O
                         net (fo=1, routed)           0.386     2.279    an_OBUF[0]
    J17                  OBUF (Prop_obuf_I_O)         1.303     3.582 r  an_OBUF[0]_inst/O
                         net (fo=0)                   0.000     3.582    an[0]
    J17                                                               r  an[0] (OUT)
  -------------------------------------------------------------------    -------------------

Slack:                    inf
  Source:                 u_display/digit_sel_reg[2]/C
                            (rising edge-triggered cell FDRE clocked by sys_clk  {rise@0.000ns fall@5.000ns period=10.000ns})
  Destination:            an[4]
                            (output port)
  Path Group:             (none)
  Path Type:              Min at Fast Process Corner
  Data Path Delay:        2.223ns  (logic 1.477ns (66.417%)  route 0.747ns (33.583%))
  Logic Levels:           2  (LUT3=1 OBUF=1)
  Clock Uncertainty:      0.025ns  ((TSJ^2 + TIJ^2)^1/2 + DJ) / 2 + PE
    Total System Jitter     (TSJ):    0.050ns
    Total Input Jitter      (TIJ):    0.000ns
    Discrete Jitter          (DJ):    0.000ns
    Phase Error              (PE):    0.000ns

    Location             Delay type                Incr(ns)  Path(ns)    Netlist Resource(s)
  -------------------------------------------------------------------    -------------------
                         (clock sys_clk rise edge)    0.000     0.000 r  
    E3                                                0.000     0.000 r  clk (IN)
                         net (fo=0)                   0.000     0.000    clk
    E3                   IBUF (Prop_ibuf_I_O)         0.250     0.250 r  clk_IBUF_inst/O
                         net (fo=1, routed)           0.644     0.894    clk_IBUF
    BUFGCTRL_X0Y16       BUFG (Prop_bufg_I_O)         0.026     0.920 r  clk_IBUF_BUFG_inst/O
                         net (fo=33, routed)          0.599     1.518    u_display/clk_IBUF_BUFG
    SLICE_X0Y102         FDRE                                         r  u_display/digit_sel_reg[2]/C
  -------------------------------------------------------------------    -------------------
    SLICE_X0Y102         FDRE (Prop_fdre_C_Q)         0.128     1.646 f  u_display/digit_sel_reg[2]/Q
                         net (fo=21, routed)          0.145     1.791    u_display/digit_sel[2]
    SLICE_X0Y102         LUT3 (Prop_lut3_I2_O)        0.098     1.889 r  u_display/an_OBUF[4]_inst_i_1/O
                         net (fo=1, routed)           0.602     2.491    an_OBUF[4]
    P14                  OBUF (Prop_obuf_I_O)         1.251     3.742 r  an_OBUF[4]_inst/O
                         net (fo=0)                   0.000     3.742    an[4]
    P14                                                               r  an[4] (OUT)
  -------------------------------------------------------------------    -------------------

Slack:                    inf
  Source:                 u_display/digit_sel_reg[2]/C
                            (rising edge-triggered cell FDRE clocked by sys_clk  {rise@0.000ns fall@5.000ns period=10.000ns})
  Destination:            an[3]
                            (output port)
  Path Group:             (none)
  Path Type:              Min at Fast Process Corner
  Data Path Delay:        2.227ns  (logic 1.479ns (66.408%)  route 0.748ns (33.592%))
  Logic Levels:           2  (LUT3=1 OBUF=1)
  Clock Uncertainty:      0.025ns  ((TSJ^2 + TIJ^2)^1/2 + DJ) / 2 + PE
    Total System Jitter     (TSJ):    0.050ns
    Total Input Jitter      (TIJ):    0.000ns
    Discrete Jitter          (DJ):    0.000ns
    Phase Error              (PE):    0.000ns

    Location             Delay type                Incr(ns)  Path(ns)    Netlist Resource(s)
  -------------------------------------------------------------------    -------------------
                         (clock sys_clk rise edge)    0.000     0.000 r  
    E3                                                0.000     0.000 r  clk (IN)
                         net (fo=0)                   0.000     0.000    clk
    E3                   IBUF (Prop_ibuf_I_O)         0.250     0.250 r  clk_IBUF_inst/O
                         net (fo=1, routed)           0.644     0.894    clk_IBUF
    BUFGCTRL_X0Y16       BUFG (Prop_bufg_I_O)         0.026     0.920 r  clk_IBUF_BUFG_inst/O
                         net (fo=33, routed)          0.599     1.518    u_display/clk_IBUF_BUFG
    SLICE_X0Y102         FDRE                                         r  u_display/digit_sel_reg[2]/C
  -------------------------------------------------------------------    -------------------
    SLICE_X0Y102         FDRE (Prop_fdre_C_Q)         0.128     1.646 r  u_display/digit_sel_reg[2]/Q
                         net (fo=21, routed)          0.323     1.969    u_display/digit_sel[2]
    SLICE_X0Y104         LUT3 (Prop_lut3_I0_O)        0.098     2.067 r  u_display/an_OBUF[3]_inst_i_1/O
                         net (fo=1, routed)           0.425     2.492    an_OBUF[3]
    J14                  OBUF (Prop_obuf_I_O)         1.253     3.745 r  an_OBUF[3]_inst/O
                         net (fo=0)                   0.000     3.745    an[3]
    J14                                                               r  an[3] (OUT)
  -------------------------------------------------------------------    -------------------

Slack:                    inf
  Source:                 u_display/digit_sel_reg[0]/C
                            (rising edge-triggered cell FDRE clocked by sys_clk  {rise@0.000ns fall@5.000ns period=10.000ns})
  Destination:            seg[2]
                            (output port)
  Path Group:             (none)
  Path Type:              Min at Fast Process Corner
  Data Path Delay:        2.361ns  (logic 1.470ns (62.271%)  route 0.891ns (37.729%))
  Logic Levels:           4  (LUT2=1 LUT4=1 LUT6=1 OBUF=1)
  Clock Uncertainty:      0.025ns  ((TSJ^2 + TIJ^2)^1/2 + DJ) / 2 + PE
    Total System Jitter     (TSJ):    0.050ns
    Total Input Jitter      (TIJ):    0.000ns
    Discrete Jitter          (DJ):    0.000ns
    Phase Error              (PE):    0.000ns

    Location             Delay type                Incr(ns)  Path(ns)    Netlist Resource(s)
  -------------------------------------------------------------------    -------------------
                         (clock sys_clk rise edge)    0.000     0.000 r  
    E3                                                0.000     0.000 r  clk (IN)
                         net (fo=0)                   0.000     0.000    clk
    E3                   IBUF (Prop_ibuf_I_O)         0.250     0.250 r  clk_IBUF_inst/O
                         net (fo=1, routed)           0.644     0.894    clk_IBUF
    BUFGCTRL_X0Y16       BUFG (Prop_bufg_I_O)         0.026     0.920 r  clk_IBUF_BUFG_inst/O
                         net (fo=33, routed)          0.599     1.518    u_display/clk_IBUF_BUFG
    SLICE_X1Y102         FDRE                                         r  u_display/digit_sel_reg[0]/C
  -------------------------------------------------------------------    -------------------
    SLICE_X1Y102         FDRE (Prop_fdre_C_Q)         0.141     1.659 r  u_display/digit_sel_reg[0]/Q
                         net (fo=30, routed)          0.180     1.840    u_display/digit_sel[0]
    SLICE_X1Y102         LUT2 (Prop_lut2_I0_O)        0.045     1.885 r  u_display/seg_OBUF[6]_inst_i_12/O
                         net (fo=2, routed)           0.109     1.993    u_fsm/74377_i22/DIG_D_FF_1bit_i3/seg_OBUF[0]_inst_i_1
    SLICE_X2Y102         LUT6 (Prop_lut6_I3_O)        0.045     2.038 r  u_fsm/74377_i22/DIG_D_FF_1bit_i3/seg_OBUF[6]_inst_i_3/O
                         net (fo=7, routed)           0.210     2.249    u_fsm/74377_i21/DIG_D_FF_1bit_i5/seg[6]
    SLICE_X1Y102         LUT4 (Prop_lut4_I1_O)        0.045     2.294 r  u_fsm/74377_i21/DIG_D_FF_1bit_i5/seg_OBUF[2]_inst_i_1/O
                         net (fo=1, routed)           0.392     2.685    seg_OBUF[2]
    K16                  OBUF (Prop_obuf_I_O)         1.194     3.880 r  seg_OBUF[2]_inst/O
                         net (fo=0)                   0.000     3.880    seg[2]
    K16                                                               r  seg[2] (OUT)
  -------------------------------------------------------------------    -------------------

Slack:                    inf
  Source:                 u_display/digit_sel_reg[0]/C
                            (rising edge-triggered cell FDRE clocked by sys_clk  {rise@0.000ns fall@5.000ns period=10.000ns})
  Destination:            seg[3]
                            (output port)
  Path Group:             (none)
  Path Type:              Min at Fast Process Corner
  Data Path Delay:        2.468ns  (logic 1.527ns (61.872%)  route 0.941ns (38.128%))
  Logic Levels:           4  (LUT2=1 LUT4=1 LUT6=1 OBUF=1)
  Clock Uncertainty:      0.025ns  ((TSJ^2 + TIJ^2)^1/2 + DJ) / 2 + PE
    Total System Jitter     (TSJ):    0.050ns
    Total Input Jitter      (TIJ):    0.000ns
    Discrete Jitter          (DJ):    0.000ns
    Phase Error              (PE):    0.000ns

    Location             Delay type                Incr(ns)  Path(ns)    Netlist Resource(s)
  -------------------------------------------------------------------    -------------------
                         (clock sys_clk rise edge)    0.000     0.000 r  
    E3                                                0.000     0.000 r  clk (IN)
                         net (fo=0)                   0.000     0.000    clk
    E3                   IBUF (Prop_ibuf_I_O)         0.250     0.250 r  clk_IBUF_inst/O
                         net (fo=1, routed)           0.644     0.894    clk_IBUF
    BUFGCTRL_X0Y16       BUFG (Prop_bufg_I_O)         0.026     0.920 r  clk_IBUF_BUFG_inst/O
                         net (fo=33, routed)          0.599     1.518    u_display/clk_IBUF_BUFG
    SLICE_X1Y102         FDRE                                         r  u_display/digit_sel_reg[0]/C
  -------------------------------------------------------------------    -------------------
    SLICE_X1Y102         FDRE (Prop_fdre_C_Q)         0.141     1.659 r  u_display/digit_sel_reg[0]/Q
                         net (fo=30, routed)          0.180     1.840    u_display/digit_sel[0]
    SLICE_X1Y102         LUT2 (Prop_lut2_I0_O)        0.045     1.885 r  u_display/seg_OBUF[6]_inst_i_12/O
                         net (fo=2, routed)           0.109     1.993    u_fsm/74377_i22/DIG_D_FF_1bit_i3/seg_OBUF[0]_inst_i_1
    SLICE_X2Y102         LUT6 (Prop_lut6_I3_O)        0.045     2.038 r  u_fsm/74377_i22/DIG_D_FF_1bit_i3/seg_OBUF[6]_inst_i_3/O
                         net (fo=7, routed)           0.155     2.193    u_fsm/74377_i21/DIG_D_FF_1bit_i5/seg[6]
    SLICE_X0Y103         LUT4 (Prop_lut4_I1_O)        0.045     2.238 r  u_fsm/74377_i21/DIG_D_FF_1bit_i5/seg_OBUF[3]_inst_i_1/O
                         net (fo=1, routed)           0.497     2.735    seg_OBUF[3]
    K13                  OBUF (Prop_obuf_I_O)         1.251     3.986 r  seg_OBUF[3]_inst/O
                         net (fo=0)                   0.000     3.986    seg[3]
    K13                                                               r  seg[3] (OUT)
  -------------------------------------------------------------------    -------------------

Slack:                    inf
  Source:                 u_display/digit_sel_reg[2]/C
                            (rising edge-triggered cell FDRE clocked by sys_clk  {rise@0.000ns fall@5.000ns period=10.000ns})
  Destination:            an[5]
                            (output port)
  Path Group:             (none)
  Path Type:              Min at Fast Process Corner
  Data Path Delay:        2.489ns  (logic 1.543ns (62.016%)  route 0.945ns (37.984%))
  Logic Levels:           2  (LUT3=1 OBUF=1)
  Clock Uncertainty:      0.025ns  ((TSJ^2 + TIJ^2)^1/2 + DJ) / 2 + PE
    Total System Jitter     (TSJ):    0.050ns
    Total Input Jitter      (TIJ):    0.000ns
    Discrete Jitter          (DJ):    0.000ns
    Phase Error              (PE):    0.000ns

    Location             Delay type                Incr(ns)  Path(ns)    Netlist Resource(s)
  -------------------------------------------------------------------    -------------------
                         (clock sys_clk rise edge)    0.000     0.000 r  
    E3                                                0.000     0.000 r  clk (IN)
                         net (fo=0)                   0.000     0.000    clk
    E3                   IBUF (Prop_ibuf_I_O)         0.250     0.250 r  clk_IBUF_inst/O
                         net (fo=1, routed)           0.644     0.894    clk_IBUF
    BUFGCTRL_X0Y16       BUFG (Prop_bufg_I_O)         0.026     0.920 r  clk_IBUF_BUFG_inst/O
                         net (fo=33, routed)          0.599     1.518    u_display/clk_IBUF_BUFG
    SLICE_X0Y102         FDRE                                         r  u_display/digit_sel_reg[2]/C
  -------------------------------------------------------------------    -------------------
    SLICE_X0Y102         FDRE (Prop_fdre_C_Q)         0.128     1.646 f  u_display/digit_sel_reg[2]/Q
                         net (fo=21, routed)          0.144     1.790    u_display/digit_sel[2]
    SLICE_X0Y102         LUT3 (Prop_lut3_I0_O)        0.101     1.891 r  u_display/an_OBUF[5]_inst_i_1/O
                         net (fo=1, routed)           0.801     2.693    an_OBUF[5]
    T14                  OBUF (Prop_obuf_I_O)         1.314     4.007 r  an_OBUF[5]_inst/O
                         net (fo=0)                   0.000     4.007    an[5]
    T14                                                               r  an[5] (OUT)
  -------------------------------------------------------------------    -------------------

Slack:                    inf
  Source:                 u_display/digit_sel_reg[0]/C
                            (rising edge-triggered cell FDRE clocked by sys_clk  {rise@0.000ns fall@5.000ns period=10.000ns})
  Destination:            seg[6]
                            (output port)
  Path Group:             (none)
  Path Type:              Min at Fast Process Corner
  Data Path Delay:        2.576ns  (logic 1.579ns (61.292%)  route 0.997ns (38.708%))
  Logic Levels:           4  (LUT2=1 LUT4=1 LUT6=1 OBUF=1)
  Clock Uncertainty:      0.025ns  ((TSJ^2 + TIJ^2)^1/2 + DJ) / 2 + PE
    Total System Jitter     (TSJ):    0.050ns
    Total Input Jitter      (TIJ):    0.000ns
    Discrete Jitter          (DJ):    0.000ns
    Phase Error              (PE):    0.000ns

    Location             Delay type                Incr(ns)  Path(ns)    Netlist Resource(s)
  -------------------------------------------------------------------    -------------------
                         (clock sys_clk rise edge)    0.000     0.000 r  
    E3                                                0.000     0.000 r  clk (IN)
                         net (fo=0)                   0.000     0.000    clk
    E3                   IBUF (Prop_ibuf_I_O)         0.250     0.250 r  clk_IBUF_inst/O
                         net (fo=1, routed)           0.644     0.894    clk_IBUF
    BUFGCTRL_X0Y16       BUFG (Prop_bufg_I_O)         0.026     0.920 r  clk_IBUF_BUFG_inst/O
                         net (fo=33, routed)          0.599     1.518    u_display/clk_IBUF_BUFG
    SLICE_X1Y102         FDRE                                         r  u_display/digit_sel_reg[0]/C
  -------------------------------------------------------------------    -------------------
    SLICE_X1Y102         FDRE (Prop_fdre_C_Q)         0.141     1.659 r  u_display/digit_sel_reg[0]/Q
                         net (fo=30, routed)          0.180     1.840    u_display/digit_sel[0]
    SLICE_X1Y102         LUT2 (Prop_lut2_I0_O)        0.045     1.885 r  u_display/seg_OBUF[6]_inst_i_12/O
                         net (fo=2, routed)           0.109     1.993    u_fsm/74377_i22/DIG_D_FF_1bit_i3/seg_OBUF[0]_inst_i_1
    SLICE_X2Y102         LUT6 (Prop_lut6_I3_O)        0.045     2.038 r  u_fsm/74377_i22/DIG_D_FF_1bit_i3/seg_OBUF[6]_inst_i_3/O
                         net (fo=7, routed)           0.210     2.249    u_fsm/74377_i21/DIG_D_FF_1bit_i5/seg[6]
    SLICE_X1Y102         LUT4 (Prop_lut4_I1_O)        0.045     2.294 r  u_fsm/74377_i21/DIG_D_FF_1bit_i5/seg_OBUF[6]_inst_i_1/O
                         net (fo=1, routed)           0.498     2.792    seg_OBUF[6]
    L18                  OBUF (Prop_obuf_I_O)         1.303     4.095 r  seg_OBUF[6]_inst/O
                         net (fo=0)                   0.000     4.095    seg[6]
    L18                                                               r  seg[6] (OUT)
  -------------------------------------------------------------------    -------------------

Slack:                    inf
  Source:                 u_display/digit_sel_reg[1]/C
                            (rising edge-triggered cell FDRE clocked by sys_clk  {rise@0.000ns fall@5.000ns period=10.000ns})
  Destination:            an[2]
                            (output port)
  Path Group:             (none)
  Path Type:              Min at Fast Process Corner
  Data Path Delay:        2.843ns  (logic 1.461ns (51.381%)  route 1.382ns (48.619%))
  Logic Levels:           2  (LUT3=1 OBUF=1)
  Clock Uncertainty:      0.025ns  ((TSJ^2 + TIJ^2)^1/2 + DJ) / 2 + PE
    Total System Jitter     (TSJ):    0.050ns
    Total Input Jitter      (TIJ):    0.000ns
    Discrete Jitter          (DJ):    0.000ns
    Phase Error              (PE):    0.000ns

    Location             Delay type                Incr(ns)  Path(ns)    Netlist Resource(s)
  -------------------------------------------------------------------    -------------------
                         (clock sys_clk rise edge)    0.000     0.000 r  
    E3                                                0.000     0.000 r  clk (IN)
                         net (fo=0)                   0.000     0.000    clk
    E3                   IBUF (Prop_ibuf_I_O)         0.250     0.250 r  clk_IBUF_inst/O
                         net (fo=1, routed)           0.644     0.894    clk_IBUF
    BUFGCTRL_X0Y16       BUFG (Prop_bufg_I_O)         0.026     0.920 r  clk_IBUF_BUFG_inst/O
                         net (fo=33, routed)          0.599     1.518    u_display/clk_IBUF_BUFG
    SLICE_X0Y102         FDRE                                         r  u_display/digit_sel_reg[1]/C
  -------------------------------------------------------------------    -------------------
    SLICE_X0Y102         FDRE (Prop_fdre_C_Q)         0.141     1.659 f  u_display/digit_sel_reg[1]/Q
                         net (fo=27, routed)          0.313     1.972    u_display/digit_sel[1]
    SLICE_X0Y103         LUT3 (Prop_lut3_I1_O)        0.045     2.017 r  u_display/an_OBUF[2]_inst_i_1/O
                         net (fo=1, routed)           1.069     3.087    an_OBUF[2]
    T9                   OBUF (Prop_obuf_I_O)         1.275     4.362 r  an_OBUF[2]_inst/O
                         net (fo=0)                   0.000     4.362    an[2]
    T9                                                                r  an[2] (OUT)
  -------------------------------------------------------------------    -------------------

Slack:                    inf
  Source:                 u_display/digit_sel_reg[0]/C
                            (rising edge-triggered cell FDRE clocked by sys_clk  {rise@0.000ns fall@5.000ns period=10.000ns})
  Destination:            seg[4]
                            (output port)
  Path Group:             (none)
  Path Type:              Min at Fast Process Corner
  Data Path Delay:        2.884ns  (logic 1.510ns (52.371%)  route 1.374ns (47.629%))
  Logic Levels:           4  (LUT2=1 LUT4=1 LUT6=1 OBUF=1)
  Clock Uncertainty:      0.025ns  ((TSJ^2 + TIJ^2)^1/2 + DJ) / 2 + PE
    Total System Jitter     (TSJ):    0.050ns
    Total Input Jitter      (TIJ):    0.000ns
    Discrete Jitter          (DJ):    0.000ns
    Phase Error              (PE):    0.000ns

    Location             Delay type                Incr(ns)  Path(ns)    Netlist Resource(s)
  -------------------------------------------------------------------    -------------------
                         (clock sys_clk rise edge)    0.000     0.000 r  
    E3                                                0.000     0.000 r  clk (IN)
                         net (fo=0)                   0.000     0.000    clk
    E3                   IBUF (Prop_ibuf_I_O)         0.250     0.250 r  clk_IBUF_inst/O
                         net (fo=1, routed)           0.644     0.894    clk_IBUF
    BUFGCTRL_X0Y16       BUFG (Prop_bufg_I_O)         0.026     0.920 r  clk_IBUF_BUFG_inst/O
                         net (fo=33, routed)          0.599     1.518    u_display/clk_IBUF_BUFG
    SLICE_X1Y102         FDRE                                         r  u_display/digit_sel_reg[0]/C
  -------------------------------------------------------------------    -------------------
    SLICE_X1Y102         FDRE (Prop_fdre_C_Q)         0.141     1.659 f  u_display/digit_sel_reg[0]/Q
                         net (fo=30, routed)          0.180     1.840    u_display/digit_sel[0]
    SLICE_X1Y102         LUT2 (Prop_lut2_I0_O)        0.045     1.885 f  u_display/seg_OBUF[6]_inst_i_12/O
                         net (fo=2, routed)           0.109     1.993    u_fsm/74377_i22/DIG_D_FF_1bit_i3/seg_OBUF[0]_inst_i_1
    SLICE_X2Y102         LUT6 (Prop_lut6_I3_O)        0.045     2.038 f  u_fsm/74377_i22/DIG_D_FF_1bit_i3/seg_OBUF[6]_inst_i_3/O
                         net (fo=7, routed)           0.294     2.333    u_fsm/74377_i21/DIG_D_FF_1bit_i2/seg[4]_0
    SLICE_X1Y102         LUT4 (Prop_lut4_I1_O)        0.045     2.378 r  u_fsm/74377_i21/DIG_D_FF_1bit_i2/seg_OBUF[4]_inst_i_1/O
                         net (fo=1, routed)           0.790     3.168    seg_OBUF[4]
    P15                  OBUF (Prop_obuf_I_O)         1.234     4.402 r  seg_OBUF[4]_inst/O
                         net (fo=0)                   0.000     4.402    seg[4]
    P15                                                               r  seg[4] (OUT)
  -------------------------------------------------------------------    -------------------





--------------------------------------------------------------------------------------
Path Group:  (none)
From Clock:  
  To Clock:  sys_clk

Max Delay            16 Endpoints
Min Delay            16 Endpoints
--------------------------------------------------------------------------------------


Max Delay Paths
--------------------------------------------------------------------------------------
Slack:                    inf
  Source:                 RST
                            (input port)
  Destination:            fsm_div_reg[0]/R
                            (rising edge-triggered cell FDRE clocked by sys_clk  {rise@0.000ns fall@5.000ns period=10.000ns})
  Path Group:             (none)
  Path Type:              Setup (Max at Slow Process Corner)
  Data Path Delay:        5.290ns  (logic 1.648ns (31.156%)  route 3.642ns (68.844%))
  Logic Levels:           2  (IBUF=1 LUT2=1)
  Clock Path Skew:        4.934ns (DCD - SCD + CPR)
    Destination Clock Delay (DCD):    4.934ns
    Source Clock Delay      (SCD):    0.000ns
    Clock Pessimism Removal (CPR):    0.000ns
  Clock Uncertainty:      0.025ns  ((TSJ^2 + TIJ^2)^1/2 + DJ) / 2 + PE
    Total System Jitter     (TSJ):    0.050ns
    Total Input Jitter      (TIJ):    0.000ns
    Discrete Jitter          (DJ):    0.000ns
    Phase Error              (PE):    0.000ns

    Location             Delay type                Incr(ns)  Path(ns)    Netlist Resource(s)
  -------------------------------------------------------------------    -------------------
    V10                                               0.000     0.000 f  RST (IN)
                         net (fo=0)                   0.000     0.000    RST
    V10                  IBUF (Prop_ibuf_I_O)         1.524     1.524 f  RST_IBUF_inst/O
                         net (fo=4, routed)           2.896     4.420    RST_IBUF
    SLICE_X51Y96         LUT2 (Prop_lut2_I1_O)        0.124     4.544 r  fsm_div[0]_i_1/O
                         net (fo=15, routed)          0.746     5.290    fsm_div[0]_i_1_n_0
    SLICE_X50Y94         FDRE                                         r  fsm_div_reg[0]/R
  -------------------------------------------------------------------    -------------------

                         (clock sys_clk rise edge)    0.000     0.000 r  
    E3                                                0.000     0.000 r  clk (IN)
                         net (fo=0)                   0.000     0.000    clk
    E3                   IBUF (Prop_ibuf_I_O)         1.411     1.411 r  clk_IBUF_inst/O
                         net (fo=1, routed)           1.920     3.331    clk_IBUF
    BUFGCTRL_X0Y16       BUFG (Prop_bufg_I_O)         0.091     3.422 r  clk_IBUF_BUFG_inst/O
                         net (fo=33, routed)          1.511     4.934    clk_IBUF_BUFG
    SLICE_X50Y94         FDRE                                         r  fsm_div_reg[0]/C

Slack:                    inf
  Source:                 RST
                            (input port)
  Destination:            fsm_div_reg[1]/R
                            (rising edge-triggered cell FDRE clocked by sys_clk  {rise@0.000ns fall@5.000ns period=10.000ns})
  Path Group:             (none)
  Path Type:              Setup (Max at Slow Process Corner)
  Data Path Delay:        5.290ns  (logic 1.648ns (31.156%)  route 3.642ns (68.844%))
  Logic Levels:           2  (IBUF=1 LUT2=1)
  Clock Path Skew:        4.934ns (DCD - SCD + CPR)
    Destination Clock Delay (DCD):    4.934ns
    Source Clock Delay      (SCD):    0.000ns
    Clock Pessimism Removal (CPR):    0.000ns
  Clock Uncertainty:      0.025ns  ((TSJ^2 + TIJ^2)^1/2 + DJ) / 2 + PE
    Total System Jitter     (TSJ):    0.050ns
    Total Input Jitter      (TIJ):    0.000ns
    Discrete Jitter          (DJ):    0.000ns
    Phase Error              (PE):    0.000ns

    Location             Delay type                Incr(ns)  Path(ns)    Netlist Resource(s)
  -------------------------------------------------------------------    -------------------
    V10                                               0.000     0.000 f  RST (IN)
                         net (fo=0)                   0.000     0.000    RST
    V10                  IBUF (Prop_ibuf_I_O)         1.524     1.524 f  RST_IBUF_inst/O
                         net (fo=4, routed)           2.896     4.420    RST_IBUF
    SLICE_X51Y96         LUT2 (Prop_lut2_I1_O)        0.124     4.544 r  fsm_div[0]_i_1/O
                         net (fo=15, routed)          0.746     5.290    fsm_div[0]_i_1_n_0
    SLICE_X50Y94         FDRE                                         r  fsm_div_reg[1]/R
  -------------------------------------------------------------------    -------------------

                         (clock sys_clk rise edge)    0.000     0.000 r  
    E3                                                0.000     0.000 r  clk (IN)
                         net (fo=0)                   0.000     0.000    clk
    E3                   IBUF (Prop_ibuf_I_O)         1.411     1.411 r  clk_IBUF_inst/O
                         net (fo=1, routed)           1.920     3.331    clk_IBUF
    BUFGCTRL_X0Y16       BUFG (Prop_bufg_I_O)         0.091     3.422 r  clk_IBUF_BUFG_inst/O
                         net (fo=33, routed)          1.511     4.934    clk_IBUF_BUFG
    SLICE_X50Y94         FDRE                                         r  fsm_div_reg[1]/C

Slack:                    inf
  Source:                 RST
                            (input port)
  Destination:            fsm_div_reg[2]/R
                            (rising edge-triggered cell FDRE clocked by sys_clk  {rise@0.000ns fall@5.000ns period=10.000ns})
  Path Group:             (none)
  Path Type:              Setup (Max at Slow Process Corner)
  Data Path Delay:        5.290ns  (logic 1.648ns (31.156%)  route 3.642ns (68.844%))
  Logic Levels:           2  (IBUF=1 LUT2=1)
  Clock Path Skew:        4.934ns (DCD - SCD + CPR)
    Destination Clock Delay (DCD):    4.934ns
    Source Clock Delay      (SCD):    0.000ns
    Clock Pessimism Removal (CPR):    0.000ns
  Clock Uncertainty:      0.025ns  ((TSJ^2 + TIJ^2)^1/2 + DJ) / 2 + PE
    Total System Jitter     (TSJ):    0.050ns
    Total Input Jitter      (TIJ):    0.000ns
    Discrete Jitter          (DJ):    0.000ns
    Phase Error              (PE):    0.000ns

    Location             Delay type                Incr(ns)  Path(ns)    Netlist Resource(s)
  -------------------------------------------------------------------    -------------------
    V10                                               0.000     0.000 f  RST (IN)
                         net (fo=0)                   0.000     0.000    RST
    V10                  IBUF (Prop_ibuf_I_O)         1.524     1.524 f  RST_IBUF_inst/O
                         net (fo=4, routed)           2.896     4.420    RST_IBUF
    SLICE_X51Y96         LUT2 (Prop_lut2_I1_O)        0.124     4.544 r  fsm_div[0]_i_1/O
                         net (fo=15, routed)          0.746     5.290    fsm_div[0]_i_1_n_0
    SLICE_X50Y94         FDRE                                         r  fsm_div_reg[2]/R
  -------------------------------------------------------------------    -------------------

                         (clock sys_clk rise edge)    0.000     0.000 r  
    E3                                                0.000     0.000 r  clk (IN)
                         net (fo=0)                   0.000     0.000    clk
    E3                   IBUF (Prop_ibuf_I_O)         1.411     1.411 r  clk_IBUF_inst/O
                         net (fo=1, routed)           1.920     3.331    clk_IBUF
    BUFGCTRL_X0Y16       BUFG (Prop_bufg_I_O)         0.091     3.422 r  clk_IBUF_BUFG_inst/O
                         net (fo=33, routed)          1.511     4.934    clk_IBUF_BUFG
    SLICE_X50Y94         FDRE                                         r  fsm_div_reg[2]/C

Slack:                    inf
  Source:                 RST
                            (input port)
  Destination:            fsm_div_reg[3]/R
                            (rising edge-triggered cell FDRE clocked by sys_clk  {rise@0.000ns fall@5.000ns period=10.000ns})
  Path Group:             (none)
  Path Type:              Setup (Max at Slow Process Corner)
  Data Path Delay:        5.290ns  (logic 1.648ns (31.156%)  route 3.642ns (68.844%))
  Logic Levels:           2  (IBUF=1 LUT2=1)
  Clock Path Skew:        4.934ns (DCD - SCD + CPR)
    Destination Clock Delay (DCD):    4.934ns
    Source Clock Delay      (SCD):    0.000ns
    Clock Pessimism Removal (CPR):    0.000ns
  Clock Uncertainty:      0.025ns  ((TSJ^2 + TIJ^2)^1/2 + DJ) / 2 + PE
    Total System Jitter     (TSJ):    0.050ns
    Total Input Jitter      (TIJ):    0.000ns
    Discrete Jitter          (DJ):    0.000ns
    Phase Error              (PE):    0.000ns

    Location             Delay type                Incr(ns)  Path(ns)    Netlist Resource(s)
  -------------------------------------------------------------------    -------------------
    V10                                               0.000     0.000 f  RST (IN)
                         net (fo=0)                   0.000     0.000    RST
    V10                  IBUF (Prop_ibuf_I_O)         1.524     1.524 f  RST_IBUF_inst/O
                         net (fo=4, routed)           2.896     4.420    RST_IBUF
    SLICE_X51Y96         LUT2 (Prop_lut2_I1_O)        0.124     4.544 r  fsm_div[0]_i_1/O
                         net (fo=15, routed)          0.746     5.290    fsm_div[0]_i_1_n_0
    SLICE_X50Y94         FDRE                                         r  fsm_div_reg[3]/R
  -------------------------------------------------------------------    -------------------

                         (clock sys_clk rise edge)    0.000     0.000 r  
    E3                                                0.000     0.000 r  clk (IN)
                         net (fo=0)                   0.000     0.000    clk
    E3                   IBUF (Prop_ibuf_I_O)         1.411     1.411 r  clk_IBUF_inst/O
                         net (fo=1, routed)           1.920     3.331    clk_IBUF
    BUFGCTRL_X0Y16       BUFG (Prop_bufg_I_O)         0.091     3.422 r  clk_IBUF_BUFG_inst/O
                         net (fo=33, routed)          1.511     4.934    clk_IBUF_BUFG
    SLICE_X50Y94         FDRE                                         r  fsm_div_reg[3]/C

Slack:                    inf
  Source:                 RST
                            (input port)
  Destination:            fsm_div_reg[12]/R
                            (rising edge-triggered cell FDRE clocked by sys_clk  {rise@0.000ns fall@5.000ns period=10.000ns})
  Path Group:             (none)
  Path Type:              Setup (Max at Slow Process Corner)
  Data Path Delay:        5.276ns  (logic 1.648ns (31.238%)  route 3.628ns (68.762%))
  Logic Levels:           2  (IBUF=1 LUT2=1)
  Clock Path Skew:        4.935ns (DCD - SCD + CPR)
    Destination Clock Delay (DCD):    4.935ns
    Source Clock Delay      (SCD):    0.000ns
    Clock Pessimism Removal (CPR):    0.000ns
  Clock Uncertainty:      0.025ns  ((TSJ^2 + TIJ^2)^1/2 + DJ) / 2 + PE
    Total System Jitter     (TSJ):    0.050ns
    Total Input Jitter      (TIJ):    0.000ns
    Discrete Jitter          (DJ):    0.000ns
    Phase Error              (PE):    0.000ns

    Location             Delay type                Incr(ns)  Path(ns)    Netlist Resource(s)
  -------------------------------------------------------------------    -------------------
    V10                                               0.000     0.000 f  RST (IN)
                         net (fo=0)                   0.000     0.000    RST
    V10                  IBUF (Prop_ibuf_I_O)         1.524     1.524 f  RST_IBUF_inst/O
                         net (fo=4, routed)           2.896     4.420    RST_IBUF
    SLICE_X51Y96         LUT2 (Prop_lut2_I1_O)        0.124     4.544 r  fsm_div[0]_i_1/O
                         net (fo=15, routed)          0.732     5.276    fsm_div[0]_i_1_n_0
    SLICE_X50Y97         FDRE                                         r  fsm_div_reg[12]/R
  -------------------------------------------------------------------    -------------------

                         (clock sys_clk rise edge)    0.000     0.000 r  
    E3                                                0.000     0.000 r  clk (IN)
                         net (fo=0)                   0.000     0.000    clk
    E3                   IBUF (Prop_ibuf_I_O)         1.411     1.411 r  clk_IBUF_inst/O
                         net (fo=1, routed)           1.920     3.331    clk_IBUF
    BUFGCTRL_X0Y16       BUFG (Prop_bufg_I_O)         0.091     3.422 r  clk_IBUF_BUFG_inst/O
                         net (fo=33, routed)          1.512     4.935    clk_IBUF_BUFG
    SLICE_X50Y97         FDRE                                         r  fsm_div_reg[12]/C

Slack:                    inf
  Source:                 RST
                            (input port)
  Destination:            fsm_div_reg[13]/R
                            (rising edge-triggered cell FDRE clocked by sys_clk  {rise@0.000ns fall@5.000ns period=10.000ns})
  Path Group:             (none)
  Path Type:              Setup (Max at Slow Process Corner)
  Data Path Delay:        5.276ns  (logic 1.648ns (31.238%)  route 3.628ns (68.762%))
  Logic Levels:           2  (IBUF=1 LUT2=1)
  Clock Path Skew:        4.935ns (DCD - SCD + CPR)
    Destination Clock Delay (DCD):    4.935ns
    Source Clock Delay      (SCD):    0.000ns
    Clock Pessimism Removal (CPR):    0.000ns
  Clock Uncertainty:      0.025ns  ((TSJ^2 + TIJ^2)^1/2 + DJ) / 2 + PE
    Total System Jitter     (TSJ):    0.050ns
    Total Input Jitter      (TIJ):    0.000ns
    Discrete Jitter          (DJ):    0.000ns
    Phase Error              (PE):    0.000ns

    Location             Delay type                Incr(ns)  Path(ns)    Netlist Resource(s)
  -------------------------------------------------------------------    -------------------
    V10                                               0.000     0.000 f  RST (IN)
                         net (fo=0)                   0.000     0.000    RST
    V10                  IBUF (Prop_ibuf_I_O)         1.524     1.524 f  RST_IBUF_inst/O
                         net (fo=4, routed)           2.896     4.420    RST_IBUF
    SLICE_X51Y96         LUT2 (Prop_lut2_I1_O)        0.124     4.544 r  fsm_div[0]_i_1/O
                         net (fo=15, routed)          0.732     5.276    fsm_div[0]_i_1_n_0
    SLICE_X50Y97         FDRE                                         r  fsm_div_reg[13]/R
  -------------------------------------------------------------------    -------------------

                         (clock sys_clk rise edge)    0.000     0.000 r  
    E3                                                0.000     0.000 r  clk (IN)
                         net (fo=0)                   0.000     0.000    clk
    E3                   IBUF (Prop_ibuf_I_O)         1.411     1.411 r  clk_IBUF_inst/O
                         net (fo=1, routed)           1.920     3.331    clk_IBUF
    BUFGCTRL_X0Y16       BUFG (Prop_bufg_I_O)         0.091     3.422 r  clk_IBUF_BUFG_inst/O
                         net (fo=33, routed)          1.512     4.935    clk_IBUF_BUFG
    SLICE_X50Y97         FDRE                                         r  fsm_div_reg[13]/C

Slack:                    inf
  Source:                 RST
                            (input port)
  Destination:            fsm_div_reg[14]/R
                            (rising edge-triggered cell FDRE clocked by sys_clk  {rise@0.000ns fall@5.000ns period=10.000ns})
  Path Group:             (none)
  Path Type:              Setup (Max at Slow Process Corner)
  Data Path Delay:        5.276ns  (logic 1.648ns (31.238%)  route 3.628ns (68.762%))
  Logic Levels:           2  (IBUF=1 LUT2=1)
  Clock Path Skew:        4.935ns (DCD - SCD + CPR)
    Destination Clock Delay (DCD):    4.935ns
    Source Clock Delay      (SCD):    0.000ns
    Clock Pessimism Removal (CPR):    0.000ns
  Clock Uncertainty:      0.025ns  ((TSJ^2 + TIJ^2)^1/2 + DJ) / 2 + PE
    Total System Jitter     (TSJ):    0.050ns
    Total Input Jitter      (TIJ):    0.000ns
    Discrete Jitter          (DJ):    0.000ns
    Phase Error              (PE):    0.000ns

    Location             Delay type                Incr(ns)  Path(ns)    Netlist Resource(s)
  -------------------------------------------------------------------    -------------------
    V10                                               0.000     0.000 f  RST (IN)
                         net (fo=0)                   0.000     0.000    RST
    V10                  IBUF (Prop_ibuf_I_O)         1.524     1.524 f  RST_IBUF_inst/O
                         net (fo=4, routed)           2.896     4.420    RST_IBUF
    SLICE_X51Y96         LUT2 (Prop_lut2_I1_O)        0.124     4.544 r  fsm_div[0]_i_1/O
                         net (fo=15, routed)          0.732     5.276    fsm_div[0]_i_1_n_0
    SLICE_X50Y97         FDRE                                         r  fsm_div_reg[14]/R
  -------------------------------------------------------------------    -------------------

                         (clock sys_clk rise edge)    0.000     0.000 r  
    E3                                                0.000     0.000 r  clk (IN)
                         net (fo=0)                   0.000     0.000    clk
    E3                   IBUF (Prop_ibuf_I_O)         1.411     1.411 r  clk_IBUF_inst/O
                         net (fo=1, routed)           1.920     3.331    clk_IBUF
    BUFGCTRL_X0Y16       BUFG (Prop_bufg_I_O)         0.091     3.422 r  clk_IBUF_BUFG_inst/O
                         net (fo=33, routed)          1.512     4.935    clk_IBUF_BUFG
    SLICE_X50Y97         FDRE                                         r  fsm_div_reg[14]/C

Slack:                    inf
  Source:                 RST
                            (input port)
  Destination:            fsm_div_reg[4]/R
                            (rising edge-triggered cell FDRE clocked by sys_clk  {rise@0.000ns fall@5.000ns period=10.000ns})
  Path Group:             (none)
  Path Type:              Setup (Max at Slow Process Corner)
  Data Path Delay:        5.149ns  (logic 1.648ns (32.009%)  route 3.501ns (67.991%))
  Logic Levels:           2  (IBUF=1 LUT2=1)
  Clock Path Skew:        4.934ns (DCD - SCD + CPR)
    Destination Clock Delay (DCD):    4.934ns
    Source Clock Delay      (SCD):    0.000ns
    Clock Pessimism Removal (CPR):    0.000ns
  Clock Uncertainty:      0.025ns  ((TSJ^2 + TIJ^2)^1/2 + DJ) / 2 + PE
    Total System Jitter     (TSJ):    0.050ns
    Total Input Jitter      (TIJ):    0.000ns
    Discrete Jitter          (DJ):    0.000ns
    Phase Error              (PE):    0.000ns

    Location             Delay type                Incr(ns)  Path(ns)    Netlist Resource(s)
  -------------------------------------------------------------------    -------------------
    V10                                               0.000     0.000 f  RST (IN)
                         net (fo=0)                   0.000     0.000    RST
    V10                  IBUF (Prop_ibuf_I_O)         1.524     1.524 f  RST_IBUF_inst/O
                         net (fo=4, routed)           2.896     4.420    RST_IBUF
    SLICE_X51Y96         LUT2 (Prop_lut2_I1_O)        0.124     4.544 r  fsm_div[0]_i_1/O
                         net (fo=15, routed)          0.605     5.149    fsm_div[0]_i_1_n_0
    SLICE_X50Y95         FDRE                                         r  fsm_div_reg[4]/R
  -------------------------------------------------------------------    -------------------

                         (clock sys_clk rise edge)    0.000     0.000 r  
    E3                                                0.000     0.000 r  clk (IN)
                         net (fo=0)                   0.000     0.000    clk
    E3                   IBUF (Prop_ibuf_I_O)         1.411     1.411 r  clk_IBUF_inst/O
                         net (fo=1, routed)           1.920     3.331    clk_IBUF
    BUFGCTRL_X0Y16       BUFG (Prop_bufg_I_O)         0.091     3.422 r  clk_IBUF_BUFG_inst/O
                         net (fo=33, routed)          1.511     4.934    clk_IBUF_BUFG
    SLICE_X50Y95         FDRE                                         r  fsm_div_reg[4]/C

Slack:                    inf
  Source:                 RST
                            (input port)
  Destination:            fsm_div_reg[5]/R
                            (rising edge-triggered cell FDRE clocked by sys_clk  {rise@0.000ns fall@5.000ns period=10.000ns})
  Path Group:             (none)
  Path Type:              Setup (Max at Slow Process Corner)
  Data Path Delay:        5.149ns  (logic 1.648ns (32.009%)  route 3.501ns (67.991%))
  Logic Levels:           2  (IBUF=1 LUT2=1)
  Clock Path Skew:        4.934ns (DCD - SCD + CPR)
    Destination Clock Delay (DCD):    4.934ns
    Source Clock Delay      (SCD):    0.000ns
    Clock Pessimism Removal (CPR):    0.000ns
  Clock Uncertainty:      0.025ns  ((TSJ^2 + TIJ^2)^1/2 + DJ) / 2 + PE
    Total System Jitter     (TSJ):    0.050ns
    Total Input Jitter      (TIJ):    0.000ns
    Discrete Jitter          (DJ):    0.000ns
    Phase Error              (PE):    0.000ns

    Location             Delay type                Incr(ns)  Path(ns)    Netlist Resource(s)
  -------------------------------------------------------------------    -------------------
    V10                                               0.000     0.000 f  RST (IN)
                         net (fo=0)                   0.000     0.000    RST
    V10                  IBUF (Prop_ibuf_I_O)         1.524     1.524 f  RST_IBUF_inst/O
                         net (fo=4, routed)           2.896     4.420    RST_IBUF
    SLICE_X51Y96         LUT2 (Prop_lut2_I1_O)        0.124     4.544 r  fsm_div[0]_i_1/O
                         net (fo=15, routed)          0.605     5.149    fsm_div[0]_i_1_n_0
    SLICE_X50Y95         FDRE                                         r  fsm_div_reg[5]/R
  -------------------------------------------------------------------    -------------------

                         (clock sys_clk rise edge)    0.000     0.000 r  
    E3                                                0.000     0.000 r  clk (IN)
                         net (fo=0)                   0.000     0.000    clk
    E3                   IBUF (Prop_ibuf_I_O)         1.411     1.411 r  clk_IBUF_inst/O
                         net (fo=1, routed)           1.920     3.331    clk_IBUF
    BUFGCTRL_X0Y16       BUFG (Prop_bufg_I_O)         0.091     3.422 r  clk_IBUF_BUFG_inst/O
                         net (fo=33, routed)          1.511     4.934    clk_IBUF_BUFG
    SLICE_X50Y95         FDRE                                         r  fsm_div_reg[5]/C

Slack:                    inf
  Source:                 RST
                            (input port)
  Destination:            fsm_div_reg[6]/R
                            (rising edge-triggered cell FDRE clocked by sys_clk  {rise@0.000ns fall@5.000ns period=10.000ns})
  Path Group:             (none)
  Path Type:              Setup (Max at Slow Process Corner)
  Data Path Delay:        5.149ns  (logic 1.648ns (32.009%)  route 3.501ns (67.991%))
  Logic Levels:           2  (IBUF=1 LUT2=1)
  Clock Path Skew:        4.934ns (DCD - SCD + CPR)
    Destination Clock Delay (DCD):    4.934ns
    Source Clock Delay      (SCD):    0.000ns
    Clock Pessimism Removal (CPR):    0.000ns
  Clock Uncertainty:      0.025ns  ((TSJ^2 + TIJ^2)^1/2 + DJ) / 2 + PE
    Total System Jitter     (TSJ):    0.050ns
    Total Input Jitter      (TIJ):    0.000ns
    Discrete Jitter          (DJ):    0.000ns
    Phase Error              (PE):    0.000ns

    Location             Delay type                Incr(ns)  Path(ns)    Netlist Resource(s)
  -------------------------------------------------------------------    -------------------
    V10                                               0.000     0.000 f  RST (IN)
                         net (fo=0)                   0.000     0.000    RST
    V10                  IBUF (Prop_ibuf_I_O)         1.524     1.524 f  RST_IBUF_inst/O
                         net (fo=4, routed)           2.896     4.420    RST_IBUF
    SLICE_X51Y96         LUT2 (Prop_lut2_I1_O)        0.124     4.544 r  fsm_div[0]_i_1/O
                         net (fo=15, routed)          0.605     5.149    fsm_div[0]_i_1_n_0
    SLICE_X50Y95         FDRE                                         r  fsm_div_reg[6]/R
  -------------------------------------------------------------------    -------------------

                         (clock sys_clk rise edge)    0.000     0.000 r  
    E3                                                0.000     0.000 r  clk (IN)
                         net (fo=0)                   0.000     0.000    clk
    E3                   IBUF (Prop_ibuf_I_O)         1.411     1.411 r  clk_IBUF_inst/O
                         net (fo=1, routed)           1.920     3.331    clk_IBUF
    BUFGCTRL_X0Y16       BUFG (Prop_bufg_I_O)         0.091     3.422 r  clk_IBUF_BUFG_inst/O
                         net (fo=33, routed)          1.511     4.934    clk_IBUF_BUFG
    SLICE_X50Y95         FDRE                                         r  fsm_div_reg[6]/C





Min Delay Paths
--------------------------------------------------------------------------------------
Slack:                    inf
  Source:                 RST
                            (input port)
  Destination:            fsm_clk_reg/D
                            (rising edge-triggered cell FDRE clocked by sys_clk  {rise@0.000ns fall@5.000ns period=10.000ns})
  Path Group:             (none)
  Path Type:              Hold (Min at Fast Process Corner)
  Data Path Delay:        1.680ns  (logic 0.337ns (20.037%)  route 1.343ns (79.963%))
  Logic Levels:           2  (IBUF=1 LUT3=1)
  Clock Path Skew:        2.000ns (DCD - SCD - CPR)
    Destination Clock Delay (DCD):    2.000ns
    Source Clock Delay      (SCD):    0.000ns
    Clock Pessimism Removal (CPR):    -0.000ns

    Location             Delay type                Incr(ns)  Path(ns)    Netlist Resource(s)
  -------------------------------------------------------------------    -------------------
    V10                                               0.000     0.000 r  RST (IN)
                         net (fo=0)                   0.000     0.000    RST
    V10                  IBUF (Prop_ibuf_I_O)         0.292     0.292 r  RST_IBUF_inst/O
                         net (fo=4, routed)           1.343     1.635    RST_IBUF
    SLICE_X51Y96         LUT3 (Prop_lut3_I0_O)        0.045     1.680 r  fsm_clk_i_1/O
                         net (fo=1, routed)           0.000     1.680    fsm_clk_i_1_n_0
    SLICE_X51Y96         FDRE                                         r  fsm_clk_reg/D
  -------------------------------------------------------------------    -------------------

                         (clock sys_clk rise edge)    0.000     0.000 r  
    E3                                                0.000     0.000 r  clk (IN)
                         net (fo=0)                   0.000     0.000    clk
    E3                   IBUF (Prop_ibuf_I_O)         0.438     0.438 r  clk_IBUF_inst/O
                         net (fo=1, routed)           0.699     1.136    clk_IBUF
    BUFGCTRL_X0Y16       BUFG (Prop_bufg_I_O)         0.029     1.165 r  clk_IBUF_BUFG_inst/O
                         net (fo=33, routed)          0.835     2.000    clk_IBUF_BUFG
    SLICE_X51Y96         FDRE                                         r  fsm_clk_reg/C

Slack:                    inf
  Source:                 RST
                            (input port)
  Destination:            fsm_div_reg[10]/R
                            (rising edge-triggered cell FDRE clocked by sys_clk  {rise@0.000ns fall@5.000ns period=10.000ns})
  Path Group:             (none)
  Path Type:              Hold (Min at Fast Process Corner)
  Data Path Delay:        1.716ns  (logic 0.337ns (19.614%)  route 1.379ns (80.386%))
  Logic Levels:           2  (IBUF=1 LUT2=1)
  Clock Path Skew:        2.000ns (DCD - SCD - CPR)
    Destination Clock Delay (DCD):    2.000ns
    Source Clock Delay      (SCD):    0.000ns
    Clock Pessimism Removal (CPR):    -0.000ns

    Location             Delay type                Incr(ns)  Path(ns)    Netlist Resource(s)
  -------------------------------------------------------------------    -------------------
    V10                                               0.000     0.000 f  RST (IN)
                         net (fo=0)                   0.000     0.000    RST
    V10                  IBUF (Prop_ibuf_I_O)         0.292     0.292 f  RST_IBUF_inst/O
                         net (fo=4, routed)           1.260     1.552    RST_IBUF
    SLICE_X51Y96         LUT2 (Prop_lut2_I1_O)        0.045     1.597 r  fsm_div[0]_i_1/O
                         net (fo=15, routed)          0.119     1.716    fsm_div[0]_i_1_n_0
    SLICE_X50Y96         FDRE                                         r  fsm_div_reg[10]/R
  -------------------------------------------------------------------    -------------------

                         (clock sys_clk rise edge)    0.000     0.000 r  
    E3                                                0.000     0.000 r  clk (IN)
                         net (fo=0)                   0.000     0.000    clk
    E3                   IBUF (Prop_ibuf_I_O)         0.438     0.438 r  clk_IBUF_inst/O
                         net (fo=1, routed)           0.699     1.136    clk_IBUF
    BUFGCTRL_X0Y16       BUFG (Prop_bufg_I_O)         0.029     1.165 r  clk_IBUF_BUFG_inst/O
                         net (fo=33, routed)          0.835     2.000    clk_IBUF_BUFG
    SLICE_X50Y96         FDRE                                         r  fsm_div_reg[10]/C

Slack:                    inf
  Source:                 RST
                            (input port)
  Destination:            fsm_div_reg[11]/R
                            (rising edge-triggered cell FDRE clocked by sys_clk  {rise@0.000ns fall@5.000ns period=10.000ns})
  Path Group:             (none)
  Path Type:              Hold (Min at Fast Process Corner)
  Data Path Delay:        1.716ns  (logic 0.337ns (19.614%)  route 1.379ns (80.386%))
  Logic Levels:           2  (IBUF=1 LUT2=1)
  Clock Path Skew:        2.000ns (DCD - SCD - CPR)
    Destination Clock Delay (DCD):    2.000ns
    Source Clock Delay      (SCD):    0.000ns
    Clock Pessimism Removal (CPR):    -0.000ns

    Location             Delay type                Incr(ns)  Path(ns)    Netlist Resource(s)
  -------------------------------------------------------------------    -------------------
    V10                                               0.000     0.000 f  RST (IN)
                         net (fo=0)                   0.000     0.000    RST
    V10                  IBUF (Prop_ibuf_I_O)         0.292     0.292 f  RST_IBUF_inst/O
                         net (fo=4, routed)           1.260     1.552    RST_IBUF
    SLICE_X51Y96         LUT2 (Prop_lut2_I1_O)        0.045     1.597 r  fsm_div[0]_i_1/O
                         net (fo=15, routed)          0.119     1.716    fsm_div[0]_i_1_n_0
    SLICE_X50Y96         FDRE                                         r  fsm_div_reg[11]/R
  -------------------------------------------------------------------    -------------------

                         (clock sys_clk rise edge)    0.000     0.000 r  
    E3                                                0.000     0.000 r  clk (IN)
                         net (fo=0)                   0.000     0.000    clk
    E3                   IBUF (Prop_ibuf_I_O)         0.438     0.438 r  clk_IBUF_inst/O
                         net (fo=1, routed)           0.699     1.136    clk_IBUF
    BUFGCTRL_X0Y16       BUFG (Prop_bufg_I_O)         0.029     1.165 r  clk_IBUF_BUFG_inst/O
                         net (fo=33, routed)          0.835     2.000    clk_IBUF_BUFG
    SLICE_X50Y96         FDRE                                         r  fsm_div_reg[11]/C

Slack:                    inf
  Source:                 RST
                            (input port)
  Destination:            fsm_div_reg[8]/R
                            (rising edge-triggered cell FDRE clocked by sys_clk  {rise@0.000ns fall@5.000ns period=10.000ns})
  Path Group:             (none)
  Path Type:              Hold (Min at Fast Process Corner)
  Data Path Delay:        1.716ns  (logic 0.337ns (19.614%)  route 1.379ns (80.386%))
  Logic Levels:           2  (IBUF=1 LUT2=1)
  Clock Path Skew:        2.000ns (DCD - SCD - CPR)
    Destination Clock Delay (DCD):    2.000ns
    Source Clock Delay      (SCD):    0.000ns
    Clock Pessimism Removal (CPR):    -0.000ns

    Location             Delay type                Incr(ns)  Path(ns)    Netlist Resource(s)
  -------------------------------------------------------------------    -------------------
    V10                                               0.000     0.000 f  RST (IN)
                         net (fo=0)                   0.000     0.000    RST
    V10                  IBUF (Prop_ibuf_I_O)         0.292     0.292 f  RST_IBUF_inst/O
                         net (fo=4, routed)           1.260     1.552    RST_IBUF
    SLICE_X51Y96         LUT2 (Prop_lut2_I1_O)        0.045     1.597 r  fsm_div[0]_i_1/O
                         net (fo=15, routed)          0.119     1.716    fsm_div[0]_i_1_n_0
    SLICE_X50Y96         FDRE                                         r  fsm_div_reg[8]/R
  -------------------------------------------------------------------    -------------------

                         (clock sys_clk rise edge)    0.000     0.000 r  
    E3                                                0.000     0.000 r  clk (IN)
                         net (fo=0)                   0.000     0.000    clk
    E3                   IBUF (Prop_ibuf_I_O)         0.438     0.438 r  clk_IBUF_inst/O
                         net (fo=1, routed)           0.699     1.136    clk_IBUF
    BUFGCTRL_X0Y16       BUFG (Prop_bufg_I_O)         0.029     1.165 r  clk_IBUF_BUFG_inst/O
                         net (fo=33, routed)          0.835     2.000    clk_IBUF_BUFG
    SLICE_X50Y96         FDRE                                         r  fsm_div_reg[8]/C

Slack:                    inf
  Source:                 RST
                            (input port)
  Destination:            fsm_div_reg[9]/R
                            (rising edge-triggered cell FDRE clocked by sys_clk  {rise@0.000ns fall@5.000ns period=10.000ns})
  Path Group:             (none)
  Path Type:              Hold (Min at Fast Process Corner)
  Data Path Delay:        1.716ns  (logic 0.337ns (19.614%)  route 1.379ns (80.386%))
  Logic Levels:           2  (IBUF=1 LUT2=1)
  Clock Path Skew:        2.000ns (DCD - SCD - CPR)
    Destination Clock Delay (DCD):    2.000ns
    Source Clock Delay      (SCD):    0.000ns
    Clock Pessimism Removal (CPR):    -0.000ns

    Location             Delay type                Incr(ns)  Path(ns)    Netlist Resource(s)
  -------------------------------------------------------------------    -------------------
    V10                                               0.000     0.000 f  RST (IN)
                         net (fo=0)                   0.000     0.000    RST
    V10                  IBUF (Prop_ibuf_I_O)         0.292     0.292 f  RST_IBUF_inst/O
                         net (fo=4, routed)           1.260     1.552    RST_IBUF
    SLICE_X51Y96         LUT2 (Prop_lut2_I1_O)        0.045     1.597 r  fsm_div[0]_i_1/O
                         net (fo=15, routed)          0.119     1.716    fsm_div[0]_i_1_n_0
    SLICE_X50Y96         FDRE                                         r  fsm_div_reg[9]/R
  -------------------------------------------------------------------    -------------------

                         (clock sys_clk rise edge)    0.000     0.000 r  
    E3                                                0.000     0.000 r  clk (IN)
                         net (fo=0)                   0.000     0.000    clk
    E3                   IBUF (Prop_ibuf_I_O)         0.438     0.438 r  clk_IBUF_inst/O
                         net (fo=1, routed)           0.699     1.136    clk_IBUF
    BUFGCTRL_X0Y16       BUFG (Prop_bufg_I_O)         0.029     1.165 r  clk_IBUF_BUFG_inst/O
                         net (fo=33, routed)          0.835     2.000    clk_IBUF_BUFG
    SLICE_X50Y96         FDRE                                         r  fsm_div_reg[9]/C

Slack:                    inf
  Source:                 RST
                            (input port)
  Destination:            fsm_div_reg[4]/R
                            (rising edge-triggered cell FDRE clocked by sys_clk  {rise@0.000ns fall@5.000ns period=10.000ns})
  Path Group:             (none)
  Path Type:              Hold (Min at Fast Process Corner)
  Data Path Delay:        1.833ns  (logic 0.337ns (18.356%)  route 1.497ns (81.644%))
  Logic Levels:           2  (IBUF=1 LUT2=1)
  Clock Path Skew:        2.000ns (DCD - SCD - CPR)
    Destination Clock Delay (DCD):    2.000ns
    Source Clock Delay      (SCD):    0.000ns
    Clock Pessimism Removal (CPR):    -0.000ns

    Location             Delay type                Incr(ns)  Path(ns)    Netlist Resource(s)
  -------------------------------------------------------------------    -------------------
    V10                                               0.000     0.000 f  RST (IN)
                         net (fo=0)                   0.000     0.000    RST
    V10                  IBUF (Prop_ibuf_I_O)         0.292     0.292 f  RST_IBUF_inst/O
                         net (fo=4, routed)           1.260     1.552    RST_IBUF
    SLICE_X51Y96         LUT2 (Prop_lut2_I1_O)        0.045     1.597 r  fsm_div[0]_i_1/O
                         net (fo=15, routed)          0.237     1.833    fsm_div[0]_i_1_n_0
    SLICE_X50Y95         FDRE                                         r  fsm_div_reg[4]/R
  -------------------------------------------------------------------    -------------------

                         (clock sys_clk rise edge)    0.000     0.000 r  
    E3                                                0.000     0.000 r  clk (IN)
                         net (fo=0)                   0.000     0.000    clk
    E3                   IBUF (Prop_ibuf_I_O)         0.438     0.438 r  clk_IBUF_inst/O
                         net (fo=1, routed)           0.699     1.136    clk_IBUF
    BUFGCTRL_X0Y16       BUFG (Prop_bufg_I_O)         0.029     1.165 r  clk_IBUF_BUFG_inst/O
                         net (fo=33, routed)          0.835     2.000    clk_IBUF_BUFG
    SLICE_X50Y95         FDRE                                         r  fsm_div_reg[4]/C

Slack:                    inf
  Source:                 RST
                            (input port)
  Destination:            fsm_div_reg[5]/R
                            (rising edge-triggered cell FDRE clocked by sys_clk  {rise@0.000ns fall@5.000ns period=10.000ns})
  Path Group:             (none)
  Path Type:              Hold (Min at Fast Process Corner)
  Data Path Delay:        1.833ns  (logic 0.337ns (18.356%)  route 1.497ns (81.644%))
  Logic Levels:           2  (IBUF=1 LUT2=1)
  Clock Path Skew:        2.000ns (DCD - SCD - CPR)
    Destination Clock Delay (DCD):    2.000ns
    Source Clock Delay      (SCD):    0.000ns
    Clock Pessimism Removal (CPR):    -0.000ns

    Location             Delay type                Incr(ns)  Path(ns)    Netlist Resource(s)
  -------------------------------------------------------------------    -------------------
    V10                                               0.000     0.000 f  RST (IN)
                         net (fo=0)                   0.000     0.000    RST
    V10                  IBUF (Prop_ibuf_I_O)         0.292     0.292 f  RST_IBUF_inst/O
                         net (fo=4, routed)           1.260     1.552    RST_IBUF
    SLICE_X51Y96         LUT2 (Prop_lut2_I1_O)        0.045     1.597 r  fsm_div[0]_i_1/O
                         net (fo=15, routed)          0.237     1.833    fsm_div[0]_i_1_n_0
    SLICE_X50Y95         FDRE                                         r  fsm_div_reg[5]/R
  -------------------------------------------------------------------    -------------------

                         (clock sys_clk rise edge)    0.000     0.000 r  
    E3                                                0.000     0.000 r  clk (IN)
                         net (fo=0)                   0.000     0.000    clk
    E3                   IBUF (Prop_ibuf_I_O)         0.438     0.438 r  clk_IBUF_inst/O
                         net (fo=1, routed)           0.699     1.136    clk_IBUF
    BUFGCTRL_X0Y16       BUFG (Prop_bufg_I_O)         0.029     1.165 r  clk_IBUF_BUFG_inst/O
                         net (fo=33, routed)          0.835     2.000    clk_IBUF_BUFG
    SLICE_X50Y95         FDRE                                         r  fsm_div_reg[5]/C

Slack:                    inf
  Source:                 RST
                            (input port)
  Destination:            fsm_div_reg[6]/R
                            (rising edge-triggered cell FDRE clocked by sys_clk  {rise@0.000ns fall@5.000ns period=10.000ns})
  Path Group:             (none)
  Path Type:              Hold (Min at Fast Process Corner)
  Data Path Delay:        1.833ns  (logic 0.337ns (18.356%)  route 1.497ns (81.644%))
  Logic Levels:           2  (IBUF=1 LUT2=1)
  Clock Path Skew:        2.000ns (DCD - SCD - CPR)
    Destination Clock Delay (DCD):    2.000ns
    Source Clock Delay      (SCD):    0.000ns
    Clock Pessimism Removal (CPR):    -0.000ns

    Location             Delay type                Incr(ns)  Path(ns)    Netlist Resource(s)
  -------------------------------------------------------------------    -------------------
    V10                                               0.000     0.000 f  RST (IN)
                         net (fo=0)                   0.000     0.000    RST
    V10                  IBUF (Prop_ibuf_I_O)         0.292     0.292 f  RST_IBUF_inst/O
                         net (fo=4, routed)           1.260     1.552    RST_IBUF
    SLICE_X51Y96         LUT2 (Prop_lut2_I1_O)        0.045     1.597 r  fsm_div[0]_i_1/O
                         net (fo=15, routed)          0.237     1.833    fsm_div[0]_i_1_n_0
    SLICE_X50Y95         FDRE                                         r  fsm_div_reg[6]/R
  -------------------------------------------------------------------    -------------------

                         (clock sys_clk rise edge)    0.000     0.000 r  
    E3                                                0.000     0.000 r  clk (IN)
                         net (fo=0)                   0.000     0.000    clk
    E3                   IBUF (Prop_ibuf_I_O)         0.438     0.438 r  clk_IBUF_inst/O
                         net (fo=1, routed)           0.699     1.136    clk_IBUF
    BUFGCTRL_X0Y16       BUFG (Prop_bufg_I_O)         0.029     1.165 r  clk_IBUF_BUFG_inst/O
                         net (fo=33, routed)          0.835     2.000    clk_IBUF_BUFG
    SLICE_X50Y95         FDRE                                         r  fsm_div_reg[6]/C

Slack:                    inf
  Source:                 RST
                            (input port)
  Destination:            fsm_div_reg[7]/R
                            (rising edge-triggered cell FDRE clocked by sys_clk  {rise@0.000ns fall@5.000ns period=10.000ns})
  Path Group:             (none)
  Path Type:              Hold (Min at Fast Process Corner)
  Data Path Delay:        1.833ns  (logic 0.337ns (18.356%)  route 1.497ns (81.644%))
  Logic Levels:           2  (IBUF=1 LUT2=1)
  Clock Path Skew:        2.000ns (DCD - SCD - CPR)
    Destination Clock Delay (DCD):    2.000ns
    Source Clock Delay      (SCD):    0.000ns
    Clock Pessimism Removal (CPR):    -0.000ns

    Location             Delay type                Incr(ns)  Path(ns)    Netlist Resource(s)
  -------------------------------------------------------------------    -------------------
    V10                                               0.000     0.000 f  RST (IN)
                         net (fo=0)                   0.000     0.000    RST
    V10                  IBUF (Prop_ibuf_I_O)         0.292     0.292 f  RST_IBUF_inst/O
                         net (fo=4, routed)           1.260     1.552    RST_IBUF
    SLICE_X51Y96         LUT2 (Prop_lut2_I1_O)        0.045     1.597 r  fsm_div[0]_i_1/O
                         net (fo=15, routed)          0.237     1.833    fsm_div[0]_i_1_n_0
    SLICE_X50Y95         FDRE                                         r  fsm_div_reg[7]/R
  -------------------------------------------------------------------    -------------------

                         (clock sys_clk rise edge)    0.000     0.000 r  
    E3                                                0.000     0.000 r  clk (IN)
                         net (fo=0)                   0.000     0.000    clk
    E3                   IBUF (Prop_ibuf_I_O)         0.438     0.438 r  clk_IBUF_inst/O
                         net (fo=1, routed)           0.699     1.136    clk_IBUF
    BUFGCTRL_X0Y16       BUFG (Prop_bufg_I_O)         0.029     1.165 r  clk_IBUF_BUFG_inst/O
                         net (fo=33, routed)          0.835     2.000    clk_IBUF_BUFG
    SLICE_X50Y95         FDRE                                         r  fsm_div_reg[7]/C

Slack:                    inf
  Source:                 RST
                            (input port)
  Destination:            fsm_div_reg[12]/R
                            (rising edge-triggered cell FDRE clocked by sys_clk  {rise@0.000ns fall@5.000ns period=10.000ns})
  Path Group:             (none)
  Path Type:              Hold (Min at Fast Process Corner)
  Data Path Delay:        1.864ns  (logic 0.337ns (18.050%)  route 1.528ns (81.950%))
  Logic Levels:           2  (IBUF=1 LUT2=1)
  Clock Path Skew:        2.001ns (DCD - SCD - CPR)
    Destination Clock Delay (DCD):    2.001ns
    Source Clock Delay      (SCD):    0.000ns
    Clock Pessimism Removal (CPR):    -0.000ns

    Location             Delay type                Incr(ns)  Path(ns)    Netlist Resource(s)
  -------------------------------------------------------------------    -------------------
    V10                                               0.000     0.000 f  RST (IN)
                         net (fo=0)                   0.000     0.000    RST
    V10                  IBUF (Prop_ibuf_I_O)         0.292     0.292 f  RST_IBUF_inst/O
                         net (fo=4, routed)           1.260     1.552    RST_IBUF
    SLICE_X51Y96         LUT2 (Prop_lut2_I1_O)        0.045     1.597 r  fsm_div[0]_i_1/O
                         net (fo=15, routed)          0.268     1.864    fsm_div[0]_i_1_n_0
    SLICE_X50Y97         FDRE                                         r  fsm_div_reg[12]/R
  -------------------------------------------------------------------    -------------------

                         (clock sys_clk rise edge)    0.000     0.000 r  
    E3                                                0.000     0.000 r  clk (IN)
                         net (fo=0)                   0.000     0.000    clk
    E3                   IBUF (Prop_ibuf_I_O)         0.438     0.438 r  clk_IBUF_inst/O
                         net (fo=1, routed)           0.699     1.136    clk_IBUF
    BUFGCTRL_X0Y16       BUFG (Prop_bufg_I_O)         0.029     1.165 r  clk_IBUF_BUFG_inst/O
                         net (fo=33, routed)          0.836     2.001    clk_IBUF_BUFG
    SLICE_X50Y97         FDRE                                         r  fsm_div_reg[12]/C





