18000000
12201800
12243c00
10280050
10600f00
10680e00
106c0700
1018000c
10640004
20672600
02673800
105c0009
205ee600
025ef800
18500000
00000000
50c003da
50c003ea
50c004a4
03540100
1018001e
0382a600
4000000a
1018001f
0382a600
4000000e
1018000d
0382a600
40000012
10180010
0382a600
4000000f
50000012
10529fff
03828000
41bfffed
101806a0
3050c000
10529fff
50000011
10528001
101806a0
3018c000
03828600
413fffe4
18500000
50000011
10180692
0098d400
3018c000
51800600
1010083a
50c003db
10040006
10080008
03141a00
10100848
50c00434
104c0857
1048000a
305a6000
0382c000
40000008
10040008
03081200
03141800
03101600
50c00434
104a4002
104e6001
5000003c
50c003eb
50000010
50002600
10100a83
50c003db
10040006
10080008
03141a00
10100a90
50c00434
18480000
10180100
03824600
41800012
10380004
209e4e00
2058ee00
015a5600
10040018
00843600
00843600
1008000a
00884700
00884700
030c1200
020c7800
082c4a00
00ad6100
00ad6800
34006b00
104a4001
50000052
50c003eb
50000010
10100abc
50c003db
10040006
10080008
03141a00
10100aca
50c00434
10040008
1008000b
03141800
10100af4
50c00434
10040008
1008000d
03141800
10100afa
50c00434
50c004a4
03540100
10040018
1008000b
030c1500
020c7a00
082c4a00
00ad6100
00ad6800
34006b00
10040018
1008000d
030c1500
03141800
50c00473
10180011
0382a600
40000001
5000007a
50000010
10100c74
50c003db
10040006
10080008
03141a00
101005a0
50c00434
104c0c7c
1048000a
305a6000
0382c000
40000008
10040008
03081200
03141800
03101600
50c00434
104a4002
104e6001
50000097
10040008
10080020
100c0038
10100009
03141a00
50c00440
1004000c
10080022
03141a00
10100c02
50c00434
1004000c
10080024
03141800
10100c11
50c00434
1004000c
10080026
03141b00
10100725
50c00434
50c003eb
50000010
10100732
50c003db
10040006
10080008
03141a00
1010073f
50c00434
104c075a
1048000a
305a6000
0382c000
40000008
10040008
03081200
03141800
03101600
50c00434
104a4002
104e6001
500000c2
50c003eb
50000010
10100aff
50c003db
10100b0b
50c003dc
1048000a
50c00101
50c004a4
03540100
10180011
0382a600
40000026
1018001e
0382a600
4000000a
1018001f
0382a600
4000000c
10180010
0382a600
4000000d
1018000d
0382a600
40000010
500000d5
1018002e
03824600
41bfffea
104a4001
500000d4
03824000
403fffe6
104a5fff
500000d4
104a400a
1018002e
03824600
413fffe0
03480600
500000d4
034c1200
18480000
50c00101
102c0e02
300d6000
50c004a9
03825300
41bfffd6
104a4001
500000f8
50000010
03441000
10040006
10080009
030c1800
1010003c
50c00429
10040006
10080009
03141a00
10100b34
50c00434
1004000a
10080009
030c1200
03141800
50c0048d
10040006
1008000b
030c1800
1010003c
50c00429
10040006
1008000b
03141a00
10100b38
50c00434
030c1200
50c0014c
030c0100
1004000d
1008000b
03141b00
50c0048d
102c0018
0af64b00
0877ab00
18780000
102c0018
0383cb00
41800015
00ffbe00
030c1f00
50c0014c
03700100
50c00140
030c1800
1010001a
50c00429
50c00140
030c1f00
03141b00
50c0048d
10042004
03141800
0383f200
40800001
03141a00
030c1c00
50c0048d
107bc001
50000126
03401100
51801000
102c000c
0383cb00
41800004
10040008
008bde00
1008400e
51801000
1004002a
010bcb00
00884200
1008400e
51801000
18040000
102c0001
03300300
03818000
40000005
00b42b00
03040b00
032c0d00
10319fff
5000014f
51801000
10100b3f
50c003db
10100b47
50c003dc
10040013
1008000d
100c002a
10100016
03141b00
50c00440
18480000
10180014
03824600
41800008
10040014
1008000e
00885200
180c0000
10100028
50c00429
104a4001
50000162
10040018
10080017
03141a00
10100633
50c00434
50c004b4
10040018
10080017
030c0000
10100020
50c00429
10780e40
18740000
10180003
0383a600
41800009
107c0292
00fffd00
00afdd00
3403eb00
030c1f00
10100adb
50c00214
1077a001
5000017a
100c0294
10100edb
50c00214
10180001
181c0000
10540003
184c0000
10480002
18700000
50c0023c
50c0021f
18740000
102c0e00
300d6000
50c004a9
037c0100
0383e000
40000022
102c000d
0383eb00
40000078
102c001e
0383eb00
40800005
0380e000
4080001a
18180000
101c1fff
500001ba
102c001f
0383eb00
40800005
0380e000
40800012
18180000
101c0001
500001ba
102c0011
0383eb00
40800005
0380c000
4080000a
10181fff
181c0000
500001ba
102c0010
0383eb00
40800004
0380c000
40800002
10180001
181c0000
1077a001
102c0008
0383ab00
413fffd4
102c0e40
00ad7200
307d6000
102c0006
20b3eb00
20358b00
0137ed00
00b5a600
00b18700
0381a000
41000040
102c0028
0381ab00
4180003d
03818000
4100003b
102c0014
03818b00
41800038
102c0006
20798b00
00fbcd00
18740000
0383d600
40800001
10740001
0383a000
40000002
182c0000
500001dd
102c0001
03817500
4180000a
00b26b00
1034007f
01b18d00
10340e40
00b18d00
30318000
03819e00
40000022
102d6001
500001dd
030c1f00
10100adb
50c00214
104a4001
102c007f
01ca4b00
102c0e40
00ad7200
3403cb00
030c1e00
10100edb
50c00214
0383a000
40000008
1056a001
10738001
50c0023c
102c0076
0382ab00
41800011
50c0021f
50000191
102c0e40
00ad7300
30316000
030c0c00
18100000
50c00214
104e6001
102c007f
01ce6b00
50000191
10100b69
50c003f6
03802000
40000006
50000157
10100b73
50c003f6
03802000
40000001
50000157
50000010
102c0006
20b06b00
20358b00
01346d00
1031800e
1035a014
08398a00
00b9cd00
00b9c800
34008e00
51801000
03441000
50c004bd
10300028
0b342c00
10300006
20b82c00
10300014
0b39cc00
10300006
2059cc00
00dacd00
182c0000
03817500
4180000a
00b26b00
1034007f
01b18d00
10340e40
00b18d00
30318000
03819600
403fffeb
102d6001
5000022b
030c1600
10100c07
50c00214
03401100
51801000
03441000
1004003f
1008000e
03141a00
10100b63
50c00434
1004003f
10080010
030c1800
1010000a
50c00429
1004003f
10080010
030c1c00
03141800
50c0048d
03401100
51801000
10100b88
50c003db
10100b91
50c003dc
1004001d
1008000f
100c0016
10100016
03141b00
50c00440
102c0e20
18300000
10340014
03818d00
41800004
00b96c00
34000e00
10318001
5000025a
18540000
50c00386
10040021
10080019
03141a00
10100633
50c00434
50c004b4
1004001e
10080019
030c1800
10100014
50c00429
50c00339
0380a000
40800052
50c00347
18580000
102c0e01
300d6000
50c004a9
03700100
03838000
40000033
102c000d
03838b00
4000004c
102c0011
03838b00
4080000b
1074dfff
03041200
03081300
030c1d00
03100700
50c002d2
0380a000
40800025
1018dfff
50c00347
500002ac
102c0010
03838b00
4080000b
1074c001
03041200
03081300
030c1d00
03100700
50c002d2
0380a000
40800017
1018c001
50c00347
500002ac
102c001e
03838b00
4080000d
10766001
102c0003
01f7ab00
03041200
03081d00
030c0600
03100700
50c002d2
0380a000
40800007
034c1d00
50c00347
500002ac
102c001f
03838b00
40800001
500002b0
105ac001
102c0008
0382cb00
413fffc3
1074e001
03041200
03081300
030c0600
03101d00
50c002d2
0380a000
40800003
101ce001
50c00347
50000272
50c002ff
50c0031f
50c00386
50c00339
0380a000
40800002
50c00347
50000272
10100bc1
50c003f6
03802000
40000001
5000024e
50000010
102c4010
082d6a00
00b02100
1031801e
00ad6c00
00ad6800
34006b00
34006b01
51801000
102c0004
082c2b00
00ad6200
10300bcb
00b18b00
30358000
18140000
1038000f
103c0001
01bdaf00
0381e000
40000019
103c0002
20bdcf00
00b08f00
102c0002
202deb00
012dcb00
00ac6b00
03816000
41000016
103c000a
03816f00
41800013
103c0014
03818f00
41800010
03818000
41000008
103c0e20
00bdec00
303de000
10300001
20318b00
01bdec00
0381e000
40800006
103c0001
20b5af00
1039dfff
0381c000
41bfffde
51801000
10140001
51801000
102c0004
082e4b00
00ad7300
10300bcb
00b18b00
30358000
1038000f
103c0001
01bdaf00
0381e000
4000000f
103c0002
20adcf00
20316f00
0131cc00
00ad6700
00b18600
03816000
41000007
103c0e20
00bdeb00
302de000
10140001
2014ac00
022d6500
34016f00
103c0001
20b5af00
1039dfff
0381c000
41bfffe8
51801000
10380013
0381c000
41000016
102c0e20
00ad6e00
30316000
103403ff
03818d00
4080000e
033c0e00
0381e000
40000007
102c0e20
00ad6f00
10317fff
30358000
3401ab00
103dffff
50000329
102c0e20
34000b00
1056a001
50000320
1039dfff
50000320
51801000
03441000
50c004bd
10300007
0b482c00
184c0000
10180003
101c1fff
03041200
03081300
030c0600
03100700
50c002d2
03401100
51801000
03441000
18740000
102c0014
0383ab00
41800016
102c0e20
00ad7d00
30796000
187c0000
102c000a
0383eb00
4180000d
102c0001
202d7f00
01afcb00
03816000
40000002
100c07db
5000035b
100c08b0
03041f00
03081d00
50c002c9
107fe001
50000350
1077a001
50000349
102c0004
082e4b00
00ad7300
10300bcb
00b18b00
30798000
10300be7
00b19200
30758000
107c000f
102c0001
01afcb00
03816000
4000000f
102c0002
20b3eb00
20358b00
0137ed00
00b18700
00b5a600
03818000
41000007
102c0014
03818b00
41800004
03040d00
03080c00
030c1d00
50c002c9
102c0001
20fbcb00
107fffff
0383e000
41bfffe8
03401100
51801000
03441000
10040036
10080010
03141a00
10100bbb
50c00434
10040036
10080012
030c1800
1010000a
50c00429
10040036
10080012
030c1500
03141800
50c0048d
03401100
51801000
03441000
030c1900
50c0041f
10180008
100c004e
200c6600
100c60db
10040022
10080010
1010000c
50c00429
10040020
10080011
10100010
50c00429
10040022
10080012
1010000c
50c00429
10040023
10080015
03141900
1010065d
50c00434
10040026
10080017
03141900
10100667
50c00434
1004001b
10080019
03141900
101005a0
50c00434
1004001c
1008001d
03141900
1010066c
50c00434
10040014
10080020
10180008
100c0047
200c6600
100c60c4
10100028
50c00429
18480000
10180014
03824600
4180000d
10180008
100c004f
200c6600
100c60db
10040014
10080020
00925200
50c00429
102c0e03
300d6000
50c004a9
104a4001
500003c8
03401100
51801000
50002027
500020bf
03441000
03580400
10040000
1008003b
030c1700
10100050
50c00429
10040002
1008003b
03141700
03101600
50c00434
03401100
51801000
5000207d
03441000
50c004a4
10180011
03802600
40000004
1018000d
03802600
40000001
500003ec
03401100
51801000
03441000
102c0e09
34008b00
10040018
1008001a
100c0020
10100007
03141a00
50c00440
1048001b
102c0020
03824b00
41800007
10040019
03081200
030c1800
1010001e
50c00429
104a4001
50000400
1004001a
1008001c
03141a00
102c0e09
30116000
50c00434
1004001a
1008001e
03141800
10100642
50c00434
50c004a4
102c000d
03802b00
40000003
18040000
03401100
51801000
10040001
03401100
51801000
1034003c
0831aa00
032c0800
03818000
40000004
34006b00
102d6001
10319fff
50000422
51801000
082c4a00
00ad6100
00ad6800
03300400
03818000
40000004
34006b00
102d6001
10319fff
5000042d
51801000
082c4a00
00ad6100
00ad6800
30308000
03818000
40000005
02358500
3401ab00
102d6001
10108001
50000437
51801000
082c4a00
00ad6100
00ad6800
03380b00
103000da
02318500
34018e00
103000c4
02318500
10347ffe
103dc001
0381a000
40000004
34018f00
103de001
1035bfff
5000044b
103000bf
02318500
34018f00
10349ffe
033c0e00
0381a000
40000009
00bdea00
103000b3
02318500
34018f00
00ade300
102d7fff
34018b00
1035bfff
50000456
00bdea00
103000c0
02318500
34018f00
103000c4
02318500
10347ffe
102de001
0381a000
40000004
34018b00
102d6001
1035bfff
50000469
103000d9
02318500
34018b00
51801000
082c4a00
00ad6100
00ad6800
10380004
20b06e00
1034000a
03818d00
41000002
10318037
5000047e
10318030
02318500
34018b00
20b06e00
20318e00
01306c00
1034000a
03818d00
41000002
10318037
50000489
10318030
02318500
102d6001
34018b00
51801000
082c4a00
00ad6100
00ad6800
10380e0a
1034000a
183c0000
0b306d00
10318030
34018e00
1039c001
103de001
0a8c6d00
03806000
40bffff8
1039dfff
3031c000
02318500
34018b00
102d6001
103dffff
0381e000
40bffff8
51801000
30312001
03818000
403ffffd
30052000
51801000
18040000
30352002
30312001
03818000
40000001
30052000
30392002
0139cd00
0381c300
413ffff8
51801000
10380e08
303dc000
103de001
30312001
03818000
403ffffc
30312000
3401ee00
51801000
10340e08
3031a000
03818000
40800001
1030099f
102c000d
20398b00
02b18e00
102c0011
20b98b00
02b18e00
102c0005
20398b00
02b18e00
34018d00
03040c00
51801000
00000000
00000000
00000000
00000000
00000000
00000000
00000000
00000000
00000000
00000000
00000000
00000000
00000000
00000000
00000000
00000000
00000000
00000000
00000000
00000000
00000000
00000000
00000000
00000000
00000000
00000000
00000000
00000000
00000000
00000000
00000000
00000000
00000000
00000000
00000000
00000000
00000000
00000000
00000000
00000000
00000000
00000000
00000000
00000000
00000000
00000000
00000000
00000000
00000000
00000000
00000000
00000000
00000000
00000000
00000000
00000000
00000000
00000000
00000000
00000000
00000000
00000000
00000000
00000000
00000000
00000000
00000000
00000000
00000000
00000000
00000000
00000000
00000000
00000000
00000000
00000000
00000000
00000000
00000000
00000000
00000000
00000000
00000000
00000000
00000000
00000000
00000000
00000000
00000000
00000000
00000000
00000000
00000000
00000000
00000000
00000000
00000000
00000000
00000000
00000000
00000000
00000000
00000000
00000000
00000000
00000000
00000000
00000000
00000000
00000000
00000000
00000000
00000000
00000000
00000000
00000000
00000000
00000000
00000000
00000000
00000000
00000000
00000000
00000000
00000000
00000000
00000000
00000000
00000000
00000000
00000000
00000000
00000000
00000000
00000000
00000000
00000000
00000000
00000000
00000000
00000000
00000000
00000000
00000000
00000000
00000000
00000000
00000000
00000000
00000000
00000000
00000000
00000000
00000000
00000000
00000000
00000000
00000000
00000000
00000000
00000000
00000000
00000000
00000000
00000000
00000000
00000000
00000000
00000000
00000000
00000000
00000000
00000000
00000000
00000000
00000000
00000000
00000000
00000000
00000000
00000000
00000000
00000000
00000000
00000000
00000000
00000000
00000000
00000000
00000000
00000000
00000000
00000000
00000000
00000054
0000004f
0000004d
00000041
00000054
0000004f
00000020
0000004f
00000053
00000020
00000020
00000076
00000033
0000002e
00000030
00000000
00000044
00000065
00000073
00000069
00000067
0000006e
00000065
00000064
00000020
00000062
00000079
00000020
00000054
00000079
00000072
0000006f
0000006e
00000065
00000020
0000004d
00000061
00000072
00000068
00000067
00000075
00000079
00000000
00000064
00000075
00000061
0000006c
0000002d
0000004c
00000055
00000054
00000033
00000020
00000041
0000004c
00000055
00000020
00000020
0000002d
00000020
00000020
00000035
00000032
00000034
00000032
00000038
00000038
00000020
00000063
00000066
00000067
00000020
00000020
0000002d
00000020
00000020
00000032
00000035
00000036
00000020
00000047
00000050
00000052
00000020
00000033
00000052
00000031
00000057
00000000
00000052
00000045
00000041
00000044
00000059
00000000
0000001e
00000020
0000001f
00000020
0000006d
0000006f
00000076
00000065
00000020
00000020
00000020
00000020
00000045
0000004e
00000054
00000045
00000052
00000020
00000073
00000065
0000006c
00000065
00000063
00000074
00000020
00000020
00000020
00000020
00000011
00000020
00000062
00000061
00000063
0000006b
00000000
00000011
00000020
00000062
00000061
00000063
0000006b
00000000
00000020
0000004d
00000041
00000049
0000004e
00000020
0000004d
00000045
0000004e
00000055
00000020
00000000
00000020
00000054
00000048
00000045
00000020
0000004d
00000041
00000043
00000048
00000049
0000004e
00000045
00000020
00000000
00000070
00000072
00000065
00000073
00000073
00000020
00000074
0000006f
00000020
00000073
00000074
00000061
00000072
00000074
00000000
00000045
0000004e
00000054
00000045
00000052
00000020
00000070
0000006c
00000061
00000079
00000020
00000061
00000067
00000061
00000069
0000006e
00000020
00000020
00000020
00000020
00000011
00000020
0000006d
00000065
0000006e
00000075
00000000
00000054
0000004f
0000004d
00000041
00000054
0000004f
00000020
0000004f
00000053
00000000
00000076
00000033
0000002e
00000030
00000000
00000062
00000072
00000069
0000006e
00000067
00000069
0000006e
00000067
00000020
00000074
00000068
00000065
00000020
0000006d
00000061
00000063
00000068
00000069
0000006e
00000065
00000020
00000075
00000070
00000000
000006a1
000006ad
000006b8
000006c3
000006cf
000006d9
000006df
000006e6
000006f3
000006fe
00000705
00000710
00000716
00003900
00000033
00000049
0000004a
00000069
000000cf
00000157
0000024e
0000008e
000000b9
00001000
00001162
00001800
00002240
000018b5
0000000e
00000053
00000079
00000073
00000074
00000065
0000006d
00000020
00000069
0000006e
00000066
0000006f
00000000
00000054
00000072
00000069
00000062
0000006f
0000006e
00000061
00000063
00000063
00000069
00000000
00000046
0000006f
0000006e
00000074
00000020
00000063
00000068
00000061
00000072
00000074
00000000
0000004b
00000065
00000079
00000070
00000061
00000064
00000020
00000074
00000065
00000073
00000074
00000000
00000046
00000069
00000062
0000006f
0000006e
00000061
00000063
00000063
00000069
00000000
00000053
0000006e
00000061
0000006b
00000065
00000000
00000054
00000065
00000074
00000072
00000069
00000073
00000000
00000041
00000062
0000006f
00000075
00000074
00000020
00000054
0000006f
0000006d
00000061
00000074
0000006f
00000000
0000004d
00000065
0000006d
0000006f
00000072
00000079
00000020
0000006d
00000061
00000070
00000000
00000053
00000075
00000064
0000006f
0000006b
00000075
00000000
00000041
0000004c
00000055
00000020
00000053
00000074
00000075
00000064
00000069
0000006f
00000000
00000052
00000061
00000063
00000065
00000072
00000000
00000043
0000006f
0000006d
00000070
00000069
0000006c
00000065
00000072
00000000
00000000
000037f8
0000389e
000038a6
000038db
000038e1
00000050
00000065
0000006e
0000006e
00000073
00000079
0000006c
00000076
00000061
0000006e
00000069
00000061
00000000
00000020
0000004d
00000045
0000004d
0000004f
00000052
00000059
00000020
0000004d
00000041
00000050
00000020
00000000
00000045
00000076
00000065
00000072
00000079
00000020
00000062
00000075
00000073
00000020
00000074
00000068
00000065
00000020
00000043
00000050
00000055
00000020
00000063
00000061
0000006e
00000020
0000006e
00000061
0000006d
00000065
00000000
00000761
00000789
000007a1
000007c0
000007e2
0000080f
00000000
00000030
00000078
00000030
00000030
00000030
00000030
00000030
00000030
00000020
00000020
00000020
00000020
00000020
00000052
00000041
0000004d
0000003a
00000020
00000039
00000038
00000033
00000030
00000034
00000020
00000077
0000006f
00000072
00000064
00000073
00000020
0000002f
00000020
00000033
00000038
00000034
00000020
0000004b
00000069
00000042
00000000
00000030
00000078
00000030
00000030
00000030
00000031
00000030
00000030
00000020
00000020
00000020
00000020
00000020
00000045
00000043
00000041
0000004c
0000004c
00000020
00000074
00000072
00000061
00000070
00000000
00000030
00000078
00000033
00000030
00000030
00000030
00000030
00000030
00000020
00000020
00000020
00000020
00000020
00000038
00000030
00000078
00000036
00000030
00000020
00000066
00000072
00000061
0000006d
00000065
00000062
00000075
00000066
00000066
00000065
00000072
00000000
00000030
00000078
00000037
00000038
00000030
00000030
00000030
00000030
00000020
00000020
00000020
00000020
00000020
0000006b
00000065
00000079
00000070
00000061
00000064
00000020
00000028
00000064
00000061
00000074
00000061
0000002c
00000020
00000072
00000065
00000061
00000064
00000079
00000029
00000000
00000030
00000078
00000037
00000038
00000030
00000030
00000030
00000032
00000020
00000020
00000020
00000020
00000020
0000006d
00000069
0000006c
0000006c
00000069
00000073
00000065
00000063
0000006f
0000006e
00000064
00000073
0000003b
00000020
0000006e
00000065
00000078
00000074
00000020
00000077
0000006f
00000072
00000064
0000003a
00000020
00000043
00000050
00000055
00000020
00000048
0000007a
00000000
00000057
0000006f
00000072
00000064
0000002d
00000061
00000064
00000064
00000072
00000065
00000073
00000073
00000065
00000064
0000002e
00000020
0000004f
0000006e
00000065
00000020
00000069
0000006e
00000073
00000074
00000072
00000075
00000063
00000074
00000069
0000006f
0000006e
0000002c
00000020
0000006f
0000006e
00000065
00000020
00000077
0000006f
00000072
00000064
0000002e
00000000
00000020
00000053
00000059
00000053
00000054
00000045
0000004d
00000020
00000049
0000004e
00000046
0000004f
00000020
00000000
00000057
00000048
00000041
00000054
00000020
00000049
00000053
00000020
00000054
0000004f
0000004d
00000041
00000054
0000004f
00000000
00000861
00000894
000008cb
0000090a
00000941
00000978
000009b1
000009e3
00000a1d
00000000
00000033
0000002d
00000076
00000061
00000072
00000069
00000061
00000062
0000006c
00000065
00000020
00000041
0000004c
00000055
00000020
00000020
00000020
00000020
00000020
0000006f
00000075
00000074
00000020
0000003d
00000020
00000066
00000028
00000061
0000002c
00000062
0000002c
00000063
00000029
00000020
0000002b
00000020
00000067
00000028
00000061
0000002c
00000062
0000002c
00000063
00000029
00000020
0000002b
00000020
00000063
00000069
0000006e
00000000
00000044
00000075
00000061
0000006c
0000002d
0000004c
00000055
00000054
00000020
00000041
0000004c
00000055
00000020
00000020
00000020
00000020
00000020
00000020
00000020
00000074
00000077
0000006f
00000020
00000069
0000006e
00000064
00000065
00000070
00000065
0000006e
00000064
00000065
0000006e
00000074
00000020
0000004c
00000055
00000054
00000033
00000020
00000070
0000006c
00000061
0000006e
00000065
00000073
00000020
00000070
00000065
00000072
00000020
00000062
00000069
00000074
00000000
0000004e
0000006f
00000020
0000006f
00000075
00000074
00000070
00000075
00000074
00000020
0000006d
00000075
00000078
00000020
00000020
00000020
00000020
00000020
00000020
0000004c
00000055
00000054
00000020
00000066
00000065
00000065
00000064
00000073
00000020
00000074
00000068
00000065
00000020
00000061
00000064
00000064
00000065
00000072
0000002e
00000020
0000004c
0000006f
00000067
00000069
00000063
00000020
00000072
00000069
00000064
00000065
00000073
00000020
00000061
00000072
00000069
00000074
00000068
0000006d
00000065
00000074
00000069
00000063
00000000
00000050
0000006f
0000006c
00000079
0000006d
0000006f
00000072
00000070
00000068
00000069
00000063
00000020
00000041
0000004c
00000055
00000020
00000020
00000020
00000020
00000064
00000075
00000061
0000006c
00000020
00000038
0000002d
00000062
00000069
00000074
00000020
0000004c
00000055
00000054
00000020
00000070
00000072
0000006f
00000067
00000072
00000061
0000006d
00000073
0000002c
00000020
00000035
00000032
00000034
00000032
00000038
00000038
00000020
00000063
00000066
00000067
00000000
00000033
00000052
0000002d
00000031
00000057
00000020
00000072
00000065
00000067
00000069
00000073
00000074
00000065
00000072
00000020
00000066
00000069
0000006c
00000065
00000020
00000020
00000074
00000068
00000072
00000065
00000065
00000020
00000072
00000065
00000061
00000064
00000073
0000002c
00000020
0000006f
0000006e
00000065
00000020
00000077
00000072
00000069
00000074
00000065
00000020
0000006f
0000006e
00000020
00000065
00000078
00000065
00000063
00000075
00000074
00000065
00000000
00000032
00000035
00000036
00000020
00000047
00000050
00000052
00000020
00000020
00000020
00000020
00000020
00000020
00000020
00000020
00000020
00000020
00000020
00000020
00000033
00000032
00000020
00000072
00000065
00000067
00000069
00000073
00000074
00000065
00000072
00000073
00000020
00000078
00000020
00000038
00000020
00000062
00000061
0000006e
0000006b
00000073
0000002c
00000020
00000072
00000030
00000020
00000077
00000069
00000072
00000065
00000064
00000020
0000007a
00000065
00000072
0000006f
00000000
00000049
0000006d
0000006d
00000065
00000064
00000069
00000061
00000074
00000065
00000020
00000062
0000006f
00000078
00000020
00000020
00000020
00000020
00000020
00000020
00000069
0000006d
0000006d
00000038
0000002c
00000020
00000069
0000006d
0000006d
00000031
00000032
0000002c
00000020
00000069
0000006d
0000006d
00000031
00000033
0000002c
00000020
00000069
0000006d
0000006d
00000031
00000036
0000002c
00000020
0000004c
00000055
00000049
00000000
00000042
00000061
00000072
00000072
00000065
0000006c
00000020
00000073
00000068
00000069
00000066
00000074
00000065
00000072
00000020
00000020
00000020
00000020
00000020
0000004c
00000053
0000004c
00000020
0000002f
00000020
0000004c
00000053
00000052
00000020
0000002f
00000020
00000041
00000053
00000052
00000020
0000002f
00000020
00000052
0000004f
00000052
0000002c
00000020
00000061
0000006d
0000006f
00000075
0000006e
00000074
00000020
0000003d
00000020
00000042
0000005b
00000034
0000003a
00000030
0000005d
00000000
00000044
00000065
00000073
00000069
00000067
0000006e
00000065
00000064
00000020
00000062
00000079
00000020
00000020
00000020
00000020
00000020
00000020
00000020
00000020
00000054
00000079
00000072
0000006f
0000006e
00000065
00000020
0000004d
00000061
00000072
00000068
00000067
00000075
00000079
0000002c
00000020
00000050
00000065
0000006e
0000006e
00000020
00000045
0000006e
00000067
00000069
0000006e
00000065
00000065
00000072
00000069
0000006e
00000067
00000020
00000032
00000030
00000032
00000038
00000000
00000020
00000054
00000052
00000049
00000042
0000004f
0000004e
00000041
00000043
00000043
00000049
00000020
00000000
00000054
00000028
0000006e
00000029
00000020
0000003d
00000020
00000054
00000028
0000006e
0000002d
00000031
00000029
00000020
0000002b
00000020
00000054
00000028
0000006e
0000002d
00000032
00000029
00000020
0000002b
00000020
00000054
00000028
0000006e
0000002d
00000033
00000029
00000000
00000020
00000046
0000004f
0000004e
00000054
00000020
00000043
00000048
00000041
00000052
00000054
00000020
00000000
00000041
0000006c
0000006c
00000020
00000032
00000035
00000036
00000020
00000067
0000006c
00000079
00000070
00000068
00000020
00000073
0000006c
0000006f
00000074
00000073
0000003b
00000020
00000062
0000006c
00000061
0000006e
0000006b
00000073
00000020
00000061
00000072
00000065
00000020
00000075
0000006e
00000070
0000006f
00000070
00000075
0000006c
00000061
00000074
00000065
00000064
00000000
00000020
0000004b
00000045
00000059
00000050
00000041
00000044
00000020
00000054
00000045
00000053
00000054
00000020
00000000
00000050
00000072
00000065
00000073
00000073
00000020
00000061
00000020
00000062
00000075
00000074
00000074
0000006f
0000006e
0000002e
00000020
0000004c
00000065
00000066
00000074
00000020
00000072
00000065
00000074
00000075
00000072
0000006e
00000073
00000020
00000074
0000006f
00000020
00000074
00000068
00000065
00000020
0000006d
00000065
0000006e
00000075
0000002e
00000000
00000047
0000006c
00000079
00000070
00000068
00000000
00000043
0000006f
00000064
00000065
00000000
00000020
00000046
00000049
00000042
0000004f
0000004e
00000041
00000043
00000043
00000049
00000020
00000000
0000001e
00000020
0000001f
00000020
00000074
00000065
00000072
0000006d
00000020
00000020
00000020
00000010
00000020
0000002b
00000031
00000030
00000020
00000020
00000020
00000045
0000004e
00000054
00000045
00000052
00000020
00000072
00000065
00000070
0000006c
00000061
00000079
00000020
00000020
00000020
00000011
00000020
00000062
00000061
00000063
0000006b
00000000
0000006e
00000020
0000003d
00000000
00000046
00000028
0000006e
00000029
00000020
0000003d
00000000
00000020
00000053
0000004e
00000041
0000004b
00000045
00000020
00000000
0000001e
00000020
0000001f
00000020
00000011
00000020
00000010
00000020
00000073
00000074
00000065
00000065
00000072
00000020
00000020
00000020
00000020
00000045
0000004e
00000054
00000045
00000052
00000020
00000071
00000075
00000069
00000074
00000000
00000045
00000041
00000054
00000045
0000004e
00000000
00000047
00000041
0000004d
00000045
00000020
0000004f
00000056
00000045
00000052
00000000
00000046
00000049
00000045
0000004c
00000044
00000020
00000046
00000055
0000004c
0000004c
00000020
0000002d
00000020
00000059
0000004f
00000055
00000020
00000057
00000049
0000004e
00000000
00000020
00000054
00000045
00000054
00000052
00000049
00000053
00000020
00000000
00000011
00000020
00000010
00000020
0000006d
0000006f
00000076
00000065
00000020
00000020
00000020
0000001e
00000020
00000072
0000006f
00000074
00000061
00000074
00000065
00000020
00000020
00000020
0000001f
00000020
00000064
00000072
0000006f
00000070
00000020
00000020
00000020
00000045
0000004e
00000054
00000045
00000052
00000020
00000071
00000075
00000069
00000074
00000000
0000004c
00000049
0000004e
00000045
00000053
00000000
00000047
00000041
0000004d
00000045
00000020
0000004f
00000056
00000045
00000052
00000000
00000f00
00002222
000000f0
00004444
00008e00
00006440
00000e20
000044c0
00002e00
00004460
00000e80
0000c440
00006600
00006600
00006600
00006600
00006c00
00004620
000006c0
00008c40
00004e00
00004640
00000e40
00004c40
0000c600
00002640
00000c60
00004c80
00000bdb
000009db
00000cdb
00000edb
00000adb
00000ddb
000004db
00000bf6
00000c02
00000c11
00000c28
00000c29
00000c43
00000c5a
00000000
00000044
00000065
00000073
00000069
00000067
0000006e
00000065
00000064
00000020
00000062
00000079
00000000
00000054
00000059
00000052
0000004f
0000004e
00000045
00000020
0000004d
00000041
00000052
00000048
00000047
00000055
00000059
00000000
00000050
00000065
0000006e
0000006e
00000020
00000045
0000006e
00000067
00000069
0000006e
00000065
00000065
00000072
00000069
0000006e
00000067
00000020
00000020
00000032
00000030
00000032
00000038
00000000
00000000
00000064
00000075
00000061
0000006c
0000002d
0000004c
00000055
00000054
00000033
00000020
00000041
0000004c
00000055
0000002c
00000020
00000035
00000032
00000034
00000032
00000038
00000038
00000020
00000063
00000066
00000067
00000000
00000032
00000035
00000036
00000020
00000047
00000050
00000052
0000002c
00000020
00000038
00000020
00000062
00000061
0000006e
0000006b
00000073
0000002c
00000020
00000033
00000052
00000031
00000057
00000000
00000035
00000031
00000032
0000002d
00000072
0000006f
00000077
00000020
0000006d
0000006f
00000064
00000075
0000006c
00000061
00000072
00000020
0000006d
00000069
00000063
00000072
0000006f
00000063
0000006f
00000064
00000065
00000000
00000020
00000041
00000042
0000004f
00000055
00000054
00000020
00000000
00000c86
00000caf
00000cdb
00000d0b
00000d0c
00000d2e
00000d56
00000d71
00000d91
00000000
00000041
00000020
00000033
00000032
0000002d
00000062
00000069
00000074
00000020
00000063
0000006f
0000006d
00000070
00000075
00000074
00000065
00000072
00000020
00000062
00000075
00000069
0000006c
00000074
00000020
00000066
00000072
0000006f
0000006d
00000020
00000037
00000034
00000078
00000078
00000020
0000006c
0000006f
00000067
00000069
00000063
0000002e
00000000
00000053
00000069
0000006d
00000075
0000006c
00000061
00000074
00000065
00000064
00000020
00000069
0000006e
00000020
00000044
00000069
00000067
00000069
00000074
00000061
0000006c
00000020
00000061
0000006e
00000064
00000020
00000063
0000006c
0000006f
0000006e
00000065
00000064
00000020
00000074
0000006f
00000020
00000056
00000065
00000072
00000069
0000006c
0000006f
00000067
0000002e
00000000
00000052
00000075
0000006e
0000006e
00000069
0000006e
00000067
00000020
0000006f
0000006e
00000020
00000046
00000050
00000047
00000041
00000020
00000077
00000068
00000069
0000006c
00000065
00000020
00000063
0000006f
00000070
00000070
00000065
00000072
00000020
00000069
00000073
00000020
00000075
0000006e
00000064
00000065
00000072
00000020
00000074
00000068
00000065
00000020
00000069
00000072
0000006f
0000006e
0000002e
00000000
00000000
00000044
00000075
00000061
0000006c
0000002d
0000004c
00000055
00000054
00000033
00000020
00000041
0000004c
00000055
0000003a
00000020
00000035
00000032
00000034
00000032
00000038
00000038
00000020
00000041
0000004c
00000055
00000020
00000063
0000006f
0000006e
00000066
00000069
00000067
00000073
00000000
00000032
00000035
00000036
00000020
00000047
00000050
00000052
00000073
0000002c
00000020
00000033
00000052
00000031
00000057
0000003b
00000020
00000065
00000069
00000067
00000068
00000074
00000020
0000006d
00000069
00000063
00000072
0000006f
00000063
0000006f
00000064
00000065
00000020
00000070
0000006c
00000061
0000006e
00000065
00000073
0000002e
00000000
00000035
00000031
00000032
00000020
00000062
00000075
00000072
0000006e
00000065
00000064
00000020
0000006d
00000069
00000063
00000072
0000006f
00000063
0000006f
00000064
00000065
00000020
00000072
0000006f
00000077
00000073
0000002e
00000000
00000057
00000072
00000069
00000074
00000065
0000002d
00000062
00000061
00000063
0000006b
00000020
0000006d
00000075
00000078
0000003a
00000020
00000039
00000020
0000006e
00000073
00000020
00000074
00000072
00000069
0000002d
00000073
00000074
00000061
00000074
00000065
0000002e
00000000
00000042
00000079
00000074
00000065
0000002d
0000006c
00000061
0000006e
00000065
00000020
0000006d
00000065
0000006d
0000006f
00000072
00000079
0000002e
00000020
00000054
0000006f
0000006d
00000061
00000074
0000006f
00000020
00000049
00000053
00000041
00000020
00000076
00000031
0000002e
00000000
00000000
00000000
00000000
00000000
00000000
00000000
00000000
00000000
00000000
00000000
00000000
00000000
00000000
00000000
00000000
00000000
00000000
00000000
00000000
00000000
00000000
00000000
00000000
00000000
00000000
00000000
00000000
00000000
00000000
00000000
00000000
00000000
00000000
00000000
00000000
00000000
00000000
00000000
00000000
00000000
00000000
00000000
00000000
00000000
00000000
00000000
00000000
00000000
00000000
00000000
00000000
00000000
00000000
00000000
00000000
00000000
00000000
00000000
00000000
00000000
00000000
00000000
00000000
00000000
00000000
00000000
00000000
00000000
00000000
00000000
00000000
00000000
00000000
00000000
00000000
00000000
00000000
00000000
00000014
0000003c
00000032
00000014
00000000
00000000
00000000
00000000
2545f491
00000000
00000000
00000000
00000000
00000000
00000000
00000000
00000000
00000000
00000000
00000000
00000000
00000000
00000000
00000000
000000bc
00000000
00000000
00000000
00000000
00000000
00000000
00000000
00000000
00000000
00000000
00000000
00000000
00000000
00000000
00000000
00000000
00000000
00000000
00000000
00000000
00000000
00000000
00000000
00000000
00000000
00000000
00000000
00000000
00000000
00000000
00000000
00000000
00000000
00000000
00000000
00000000
00000000
00000000
00000000
00000000
00000000
00000000
00000000
00000000
00000000
00000000
00000000
00000000
00000000
00000000
00000000
00000000
00000000
00000000
00000000
00000000
00000000
00000000
00000000
00000000
00000000
00000000
00000000
00000000
00000000
00000000
00000000
00000000
00000000
00000000
00000000
00000000
00000000
00000000
00000000
00000000
00000000
00000000
00000000
00000000
00000000
00000000
00000000
00000000
00000000
00000000
00000000
00000000
00000000
00000000
00000000
00000000
00000000
00000000
00000000
00000000
00000000
00000000
00000000
00000000
00000000
00000000
00000000
00000000
00000000
00000000
00000000
00000000
00000000
00000000
00000000
00000000
00000000
00000000
00000000
00000000
00000000
00000000
00000000
00000000
00000000
00000000
00000000
00000000
00000000
00000000
00000000
00000000
00000000
00000000
00000000
00000000
00000000
00000000
00000000
00000000
00000000
00000000
00000000
00000000
00000000
00000000
00000000
00000000
00000000
00000000
00000000
00000000
00000000
00000000
00000000
00000000
00000000
00000000
00000000
00000000
00000000
00000000
00000000
00000000
00000000
00000000
00000000
00000000
00000000
00000000
00000000
00000000
00000000
00000000
00000000
00000000
00000000
00000000
00000000
00000000
00000000
00000000
00000000
00000000
00000000
00000000
00000000
00000000
00000000
00000000
00000000
00000000
00000000
00000000
00000000
00000000
00000000
00000000
00000000
00000000
00000000
00000000
00000000
00000000
00000000
00000000
00000000
00000000
00000000
00000000
00000000
00000000
00000000
00000000
00000000
00000000
00000000
00000000
00000000
00000000
00000000
00000000
00000000
00000000
00000000
00000000
00000000
00000000
00000000
00000000
00000000
00000000
00000000
00000000
00000000
00000000
00000000
00000000
00000000
00000000
00000000
00000000
00000000
00000000
00000000
00000000
00000000
00000000
00000000
00000000
00000000
00000000
00000000
00000000
00000000
00000000
00000000
00000000
00000000
00000000
00000000
00000000
00000000
00000000
00000000
00000000
00000000
00000000
00000000
00000000
00000000
00000000
00000000
00000000
00000000
00000000
00000000
00000000
00000000
00000000
00000000
00000000
00000000
00000000
00000000
00000000
00000000
00000000
00000000
00000000
00000000
00000000
00000000
00000000
00000000
00000000
00000000
00000000
00000000
00000000
00000000
00000000
00000000
00000000
00000000
00000000
00000000
00000000
00000000
00000000
00000000
00000000
00000000
00000000
00000000
00000000
00000000
00000000
00000000
00000000
00000000
00000000
00000000
00000000
00000000
00000000
00000000
00000000
00000000
00000000
00000000
00000005
00000003
00000000
00000000
00000007
00000000
00000000
00000000
00000000
00000006
00000000
00000000
00000001
00000009
00000005
00000000
00000000
00000000
00000000
00000009
00000008
00000000
00000000
00000000
00000000
00000006
00000000
00000008
00000000
00000000
00000000
00000006
00000000
00000000
00000000
00000003
00000004
00000000
00000000
00000008
00000000
00000003
00000000
00000000
00000001
00000007
00000000
00000000
00000000
00000002
00000000
00000000
00000000
00000006
00000000
00000006
00000000
00000000
00000000
00000000
00000002
00000008
00000000
00000000
00000000
00000000
00000004
00000001
00000009
00000000
00000000
00000005
00000000
00000000
00000000
00000000
00000008
00000000
00000000
00000007
00000009
00000000
00000000
00000000
00000000
00000000
00000000
00000000
00000000
00000000
00000000
00000000
00000000
00000000
00000000
00000000
00000000
00000000
00000000
00000000
00000000
00000000
00000000
00000000
00000000
00000000
00000000
00000000
00000000
00000000
00000000
00000000
00000000
00000000
00000000
00000000
00000000
00000000
00000000
00000000
00000000
00000000
00000000
00000000
00000000
00000000
00000000
00000000
00000000
00000000
00000000
00000000
00000000
00000000
00000000
00000000
00000000
00000000
00000000
00000000
00000000
00000000
00000000
00000000
00000000
00000000
00000000
00000000
00000000
00000000
00000000
00000000
00000000
00000000
00000000
00000000
00000000
00000000
00000000
00000000
12100018
3010804d
50c003db
12100018
30108050
50c003dc
10040008
10080008
03141800
12100018
3010804e
50c02010
10040030
1008000c
03141800
12100018
30108068
50c00434
10040030
10080010
03141b00
12100018
30108051
50c00434
10040030
10080012
03141b00
12100018
30108052
50c00434
10040030
10080014
03141b00
12100018
30108053
50c00434
10040030
10080018
03141b00
12100018
30108057
50c00434
10040030
10080028
03141b00
12100018
30108054
50c00434
10040006
1008000c
100c000d
1010000a
03141b00
50c00440
10040012
1008000c
100c000d
1010000a
03141b00
50c00440
1004001e
1008000c
100c000d
1010000a
03141b00
50c00440
10040006
10080015
100c000d
1010000a
03141b00
50c00440
10040012
10080015
100c000d
1010000a
03141b00
50c00440
1004001e
10080015
100c000d
1010000a
03141b00
50c00440
10040006
1008001e
100c000d
1010000a
03141b00
50c00440
10040012
1008001e
100c000d
1010000a
03141b00
50c00440
1004001e
1008001e
100c000d
1010000a
03141b00
50c00440
102c0f00
10300f60
10340051
30398000
3401cb00
102d6001
10318001
1035bfff
0381a000
40bffff9
18700000
50c010e3
50c004a4
1018000d
03802600
4000002e
10180051
03838600
4180001d
1018001e
03802600
4000000f
1018001f
03802600
40000011
10180011
03802600
40000005
10180010
03802600
40bfffed
10738001
50001071
03838000
403fffe9
10739fff
50001071
10180009
03838600
413fffe4
10739ff7
50001071
10738009
10180051
03838600
413fffdd
03700600
50001071
1018001e
03802600
40000009
10180011
03802600
40000003
10180010
03802600
40bfffd3
101800a3
0170dc00
50001071
10700048
50001071
10180051
03838600
403fef69
10180052
03838600
403fff56
102c0f60
00ad7c00
30316000
03818000
40bfffc3
102c0f00
00ad7c00
30796000
107bc001
1018000a
0383c600
41000001
18780000
3403cb00
50001071
102c0f00
00ad7c00
30796000
0383c000
40000021
10180009
0acb8600
0b4f8600
10180003
0ad64600
0ada6600
187c0000
10180051
0383e600
40000017
0383fc00
40000013
102c0f00
00ad7f00
30316000
03819e00
4080000e
10180009
0aafe600
0b33e600
03817200
4000000d
03819300
4000000b
10180003
0aad6600
0ab18600
03817500
40800002
03819600
40000004
107fe001
500010c5
18040000
51801000
10040001
51801000
03441000
18480000
18740000
104c0f00
00ce7200
300e6000
03806000
40000003
1077a001
100c6030
500010ef
100c002e
03141800
104c0f60
00ce7200
301a6000
0380c000
40000001
03141a00
03825c00
40800001
03141700
10180009
0a8a4600
0b064600
10180003
08084600
1008400e
10180004
08042600
10042007
03580300
030c0500
10100003
50c00429
10042001
030c1600
082c4a00
00ad6100
00ad6800
020c6500
34006b00
104a4001
10180051
03824600
413fffd5
10040030
1008001a
030c1800
10100014
50c00429
10040030
1008001a
030c1d00
03141800
50c0048d
10040007
1008002d
030c1800
1010003f
50c00429
03141800
10180051
03838600
40800001
03141700
10040008
1008002d
12100018
30108055
50c00434
03141800
10180052
03838600
40800001
03141700
10040020
1008002d
12100018
30108056
50c00434
10040007
10080030
030c1800
10100041
50c00429
10040030
1008001f
030c1800
1010001a
50c00429
10180051
03838600
41800009
50c010b9
03802000
40000006
10040030
1008001f
03141a00
10100720
30108000
50c00434
10180051
0383a600
40800013
102c071f
34038b00
181c0000
03700700
50c010b9
03802000
4080000a
101ce001
10180051
0380e600
413ffff8
10040008
10080030
03141800
12100018
30108058
50c00434
102c071f
30716000
03401100
51801000
12100018
30108059
50c003db
12100018
3010805c
50c003dc
10040008
10080009
03141800
12100018
3010805a
50c02010
10040008
1008000d
03141b00
12100018
3010805b
50c00434
10040008
10080011
03141b00
12100018
3010805d
50c00434
10040008
10080019
03141b00
12100018
30108060
50c00434
10040008
10080020
03141b00
12100018
30108061
50c00434
10040008
1008002b
03141b00
12100018
30108067
50c00434
10040008
10080030
03141b00
12100018
30108066
50c00434
10700008
1074000d
10780005
187c0000
50c011b5
50c004a4
1018000d
03802600
403fee75
10180011
03802600
403fee72
10180010
03802600
40000011
1018001e
03802600
40000008
1018001f
03802600
40bffff0
10739fff
03838000
41bfffec
107000ff
50001196
10738001
10180100
03838600
413fffe6
18700000
50001196
10180001
02ffe600
50001196
03441000
10040008
10080014
030c1800
10100040
50c00429
10040008
10080017
030c1800
10100040
50c00429
10040008
1008001c
030c1800
10100040
50c00429
10040008
10080023
030c1800
10100040
50c00429
10040008
10080026
030c1800
10100040
50c00429
10040008
10080028
030c1800
10100040
50c00429
10040008
10080014
030c1c00
03141800
50c0048d
10040018
10080014
030c1d00
03141800
50c0048d
10040028
10080014
030c1e00
03141800
50c0048d
0383e000
40800010
10040008
10080017
03141800
12100018
3010805e
50c00434
10040008
10080028
03141b00
12100018
30108064
50c00434
044b9df0
019bbe00
00cf8600
50001207
10040008
10080017
03141800
12100018
3010805f
50c00434
10040008
10080028
03141b00
12100018
30108065
50c00434
04cb9df0
029b9d00
0298de00
019f9d00
019cfe00
00ccc700
10040008
1008001c
030c1200
03141800
50c0048d
10040008
10080023
030c1300
03141800
50c0048d
03825300
40800007
10040008
10080026
03141a00
12100018
30108062
50c00434
50001220
10040008
10080026
03141800
12100018
30108063
50c00434
03401100
51801000
00000000
00000000
00000000
00000000
00000000
00000000
00000000
00000000
00000000
00000000
00000000
00000000
00000000
00000000
00000000
00000000
00000000
00000000
00000000
00000000
00000000
00000000
00000000
00000000
00000000
00000000
00000000
00000000
00000000
00000000
00000000
00000000
00000000
00000000
00000000
00000000
00000000
00000000
00000000
00000000
00000000
00000000
00000000
00000000
00000000
00000000
00000000
00000000
00000000
00000000
00000000
00000000
00000000
00000000
00000000
00000000
00000000
00000000
00000000
00000000
00000000
00000000
00000000
00000000
00000000
00000000
00000000
00000000
00000000
00000000
00000000
00000000
00000000
00000000
00000000
00000000
00000000
00000000
00000000
00000000
00000000
00000000
00000000
00000000
00000000
00000000
00000000
00000000
00000000
00000000
00000000
00000000
00000000
00000000
00000000
00000000
00000000
00000000
00000000
00000000
00000000
00000000
00000000
00000000
00000000
00000000
00000000
00000000
00000000
00000000
00000000
00000000
00000000
00000000
00000000
00000000
00000000
00000000
00000000
00000000
00000000
00000000
00000000
00000000
00000000
00000000
00000000
00000000
00000000
00000000
00000000
00000000
00000000
00000000
00000000
00000000
00000000
00000000
00000000
00000000
00000000
00000000
00000000
00000000
00000000
00000000
00000000
00000000
00000000
00000000
00000000
00000000
00000000
00000000
00000000
00000000
00000000
00000000
00000000
00000000
00000000
00000000
00000000
00000000
00000000
00000000
00000000
00000000
00000000
00000000
00000000
00000000
00000000
00000000
00000000
00000000
00000000
00000000
00000000
00000000
00000000
00000000
00000000
00000000
00000000
00000000
00000000
00000000
00000000
00000000
00000000
00000000
00000000
00000000
00000000
00000000
00000000
00000000
00000000
00000000
00000000
00000000
00000000
00000000
00000000
00000000
00000000
00000000
00000000
00000000
00000000
00000000
00000000
00000000
00000000
00000000
00000000
00000000
00000000
00000000
00000000
00000000
031c1000
302fa000
10300010
01b16c00
03818000
40800052
10300002
01b16c00
03818000
4080004d
10300001
01b16c00
03818000
40000007
10300002
34019d00
3033a002
03818000
40000002
34019c16
50c01392
302fa000
10300004
01b16c00
03818000
4000003a
302f8000
10300001
03816c00
40000040
10300003
03816c00
40000051
10300005
03816c00
40000062
302f8004
10300002
03816c00
4080002f
302f8002
03816000
4000002c
3033800c
03818000
40000029
30352002
303b8014
0139ae00
103c0023
0381cf00
41000023
3401bc14
102d7fff
34017c02
3037800d
01318d00
10380014
03818e00
41000001
03300e00
102c0015
34017d20
102c0003
34017d21
00bbed00
00b5ac00
3401bc0d
103fa022
10058002
34003d01
302dc000
34016f00
1039c001
103de001
10319fff
03818000
40bffff9
3033800c
0381ac00
40800004
34001c0c
34001c0d
50001355
34001d01
102c0001
34017d00
51800700
102c0001
34017c1a
34017c07
34001c04
34001c05
51800700
12380018
1039ca00
302f8001
10300005
202d6c00
00b9cb00
3031c000
34019d01
1039c001
103fa020
302dc000
34016f00
1039c001
103de001
10319fff
03818000
40bffff9
102c0002
34017c00
50001355
102c0009
34017d01
102c000d
34017d20
102c0001
34017d21
12380018
1039c900
103fa022
10300007
302dc000
34016f00
1039c001
103de001
10319fff
03818000
40bffff9
102c0004
34017c00
50001355
102c0005
34017d01
102c000f
34017d20
34001d21
34001d22
102c0050
34017d23
34001d24
102c0006
34017c00
50001355
03181000
302fa040
10300081
03816c00
40000019
10300084
03816c00
40000027
10300085
03816c00
40000048
10300086
03816c00
4000004b
10300088
03816c00
40000053
1030008a
03816c00
4000005b
1030008c
03816c00
40000061
1030008d
03816c00
4000007a
10300083
03816c00
40000077
51800600
302fa043
34017c03
34017c02
34001c1a
302fa041
10300002
03816c00
40800004
34001c01
102c0001
34017c00
51800600
10300003
03816c00
40800067
34019c00
51800600
302fa041
3033a042
10340006
03816d00
40800011
10340001
03818d00
40000005
10340002
03818d00
4080005a
34001c00
51800600
302f8001
102d6001
10300015
03816c00
41800053
34017c01
102c0001
34017c00
51800600
03818000
4080004d
1030000d
03816c00
40800003
102c0005
34017c00
51800600
1030000f
03816c00
40bfffcd
102c0007
34017c00
51800600
102c0001
34017c04
34017c07
302f8003
34017c02
51800600
34001c04
34001c05
34001c06
34001c0c
34001c0d
34001c0e
34001c10
102c0005
34017c00
50c01b68
51800600
302fa041
10300008
01ad6c00
10300001
03816000
40000001
10300002
34019c04
102c0001
34017c07
51800600
302fa041
30338002
00b18b00
302f8003
03818b00
41000001
03300b00
34019c02
51800600
302fa041
10300002
03816c00
40bfffa1
30338016
10319ffe
03818000
403fff9d
413fff9c
102c0014
03816c00
41000010
3037800e
00adac00
10380220
03816e00
4180000b
34017c0e
00bbcd00
103fa042
302de000
34016e00
1039c001
103de001
10319fff
03818000
40bffff9
51800600
102c0001
34017c1a
34017c07
34001c04
34001c05
34001c00
102c0004
34017d00
51800600
00000000
00000000
00000000
00000000
00000000
00000000
00000000
00000000
00000000
00000000
00000000
00000000
00000000
00000000
00000000
00000000
00000000
00000000
00000000
00000000
00000000
00000000
00000000
00000000
00000000
00000000
00000000
00000000
00000000
00000000
00000000
00000000
00000000
00000000
00000000
00000000
00000000
00000000
00000000
00000000
00000000
00000000
00000000
00000000
00000000
00000000
00000000
00000000
00000000
00000000
00000000
00000000
00000000
00000000
00000000
00000000
00000000
00000000
00000000
00000000
00000000
00000000
00000000
00000000
00000000
00000000
00000000
00000000
00000000
00000000
00000000
00000000
00000000
00000000
00000000
00000000
00000000
00000000
00000000
00000000
00000000
00000000
00000000
00000000
00000000
00000000
00000000
00000000
00000000
00000000
00000000
00000000
00000000
00000000
00000000
00000000
00000000
00000000
00000000
00000000
00000000
00000000
00000000
00000000
00000000
00000000
00000000
00000000
00000000
00000000
00000000
00000000
00000000
00000000
00000000
00000000
00000000
00000000
00000000
00000000
00000000
00000000
00000000
00000000
00000000
00000000
00000000
00000000
00000000
00000000
00000000
00000000
00000000
00000000
00000000
00000000
00000000
00000000
00000000
00000000
00000000
00000000
00000000
00000000
00000000
00000000
00000000
00000000
00000000
00000000
00000000
00000000
00000000
00000000
00000000
00000000
00000000
00000000
00000000
00000000
00000000
00000000
00000000
00000000
00000000
00000000
00000000
00000000
00000000
00000000
00000000
00000000
00000000
00000000
00000000
00000000
00000000
00000000
00000000
00000000
00000000
00000000
00000000
00000000
00000000
00000000
00000000
00000000
00000000
00000000
00000000
00000000
00000000
00000000
00000000
00000000
00000000
00000000
00000000
00000000
00000000
00000000
00000000
00000000
00000000
00000000
00000000
00000000
00000000
34021c2e
302f8010
03816000
40800022
102c0005
03836b00
40800018
302fc00c
1030002f
03816c00
40800014
302fc00d
10300068
03816c00
40800010
302fc00e
10300065
03816c00
4080000c
302fc00f
1030006c
03816c00
40800008
302fc010
10300070
03816c00
40800004
102c0002
34017c2c
3402dc2d
50001526
50c01bdb
302f8010
03816000
40800003
102c0003
34017c2c
3402dc2d
3043802e
51801000
34021c2e
302f802c
03816000
403ffffa
3007802d
50c01b4c
03808000
403ffff6
302f802c
102d7fff
10340001
202d6d00
18300000
12300008
10318700
00b18b00
302d8001
34017c2c
30318000
10348054
18380000
302d8000
34016d00
03816000
40000004
1039c001
10318001
1035a001
5000153d
3401c403
302f8012
03816000
403fffdd
34017c10
102d6001
34017c12
302c8000
34017c11
102c0001
34017c07
50c01bb1
50001526
00000000
00000000
00000000
00000000
00000000
00000000
00000000
00000000
00000000
00000000
00000000
00000000
00000000
00000000
00000000
00000000
00000000
00000000
00000000
00000000
00000000
00000000
00000000
00000000
00000000
00000000
00000000
00000000
00000000
00000000
00000000
00000000
00000000
00000000
00000000
00000000
00000000
00000000
00000000
00000000
00000000
00000000
00000000
00000000
00000000
00000000
00000000
00000000
00000000
00000000
00000000
00000000
00000000
00000000
00000000
00000000
00000000
00000000
00000000
00000000
00000000
00000000
00000000
00000000
00000000
00000000
00000000
00000000
00000000
00000000
00000000
00000000
00000000
00000000
00000000
00000000
00000000
00000000
00000000
00000000
00000000
00000000
00000000
00000000
00000000
00000000
00000000
00000000
00000000
00000000
00000000
00000000
00000000
00000000
00000000
00000000
00000000
00000000
00000000
00000000
00000000
00000000
00000000
00000000
00000000
00000000
00000000
00000000
00000000
00000000
00000000
00000000
00000000
00000000
00000000
00000000
00000000
00000000
00000000
00000000
00000000
00000000
00000000
00000000
00000000
00000000
00000000
00000000
00000000
00000000
00000000
00000000
00000000
00000000
00000000
00000000
00000000
00000000
00000000
00000000
00000000
00000000
00000000
00000000
00000000
00000000
00000000
00000000
00000000
00000000
00000000
00000000
00000000
00000000
00000000
00000000
00000000
00000000
00000000
00000000
00000000
00000000
00000000
00000000
00000000
00000000
00000000
00000000
00000000
00000000
00000000
00000000
00000000
00000000
0000002f
00000063
00000061
0000006c
00000063
00000020
00000032
00000033
00000020
0000002b
00000020
00000031
00000039
0000003b
00000020
0000002f
00000068
00000065
0000006c
00000070
00000020
00000066
0000006f
00000072
00000020
00000071
00000075
00000069
00000063
0000006b
00000020
00000074
00000069
00000070
00000073
00000000
0000002f
00000072
00000075
0000006e
0000003a
00000020
00000052
00000030
0000003d
00000034
00000032
0000003b
00000020
00000052
00000045
00000054
00000055
00000052
0000004e
00000020
00000052
00000030
0000002e
00000020
00000033
00000032
00000020
0000006f
00000070
00000073
00000020
0000006d
00000061
00000078
0000002e
00000000
00000054
00000072
00000079
00000020
0000002f
00000068
00000065
0000006c
00000070
0000002e
00000020
00000049
00000020
00000072
00000075
0000006e
00000020
00000062
0000006f
00000075
0000006e
00000064
00000065
00000064
00000020
00000069
0000006e
00000074
00000065
00000067
00000065
00000072
00000020
0000006a
0000006f
00000062
00000073
0000002e
00000000
00000049
00000020
00000072
00000065
00000070
0000006c
00000079
00000020
00000066
00000072
0000006f
0000006d
00000020
00000061
00000020
00000064
0000006f
00000072
0000006d
00000020
00000074
00000061
00000062
0000006c
00000065
00000020
00000049
00000020
00000063
00000061
0000006c
0000006c
00000020
00000068
0000006f
0000006d
00000065
0000002e
00000000
00000054
00000079
00000072
0000006f
0000006e
00000065
00000020
0000004d
00000061
00000072
00000068
00000067
00000075
00000079
00000020
00000062
00000075
00000069
0000006c
00000074
00000020
0000006d
00000065
00000020
00000074
00000072
00000061
0000006e
00000073
00000069
00000073
00000074
0000006f
00000072
0000002d
00000075
00000070
00000021
00000000
00000054
00000072
00000079
00000020
00000032
00000033
00000020
0000002b
00000020
00000031
00000039
00000020
0000006f
0000006e
00000020
0000006d
00000079
00000020
00000064
00000075
00000061
0000006c
0000002d
0000004c
00000055
00000054
00000020
00000041
0000004c
00000055
00000021
00000000
00000000
00000000
00000000
00000000
00000000
00000000
00000000
00000000
00000000
00000000
00000000
00000000
00000000
00000000
00000000
00000000
00000000
00000000
00000000
00000000
00000000
00000000
00000000
00000000
00000000
00000000
00000000
00000000
00000000
00000000
00000000
00000000
00000000
00000000
00000000
00001624
00000000
00001600
00000001
00001648
00000000
000016bd
00000000
00001696
00000004
0000166f
00000005
00000000
00000000
00000000
00000000
00000000
00001740
00001753
00001768
0000177b
0000178c
0000179f
000017b7
00000000
00000000
00000000
00000000
00000000
00000000
00000000
00000000
0000002f
00000072
00000075
0000006e
0000003a
00000020
00000062
0000006f
00000075
0000006e
00000064
00000065
00000064
00000020
00000033
00000032
0000002d
00000062
00000069
00000074
00000020
0000006a
0000006f
00000062
00000000
00000000
00000000
00000000
00000000
00000000
00000000
00000000
00000045
00000052
00000052
00000020
00000049
0000004e
00000056
00000041
0000004c
00000049
00000044
0000005f
0000004f
00000050
00000043
0000004f
00000044
00000045
00000000
00000045
00000052
00000052
00000020
00000050
00000052
0000004f
00000047
00000052
00000041
0000004d
0000005f
00000054
0000004f
0000004f
0000005f
0000004c
0000004f
0000004e
00000047
00000000
00000045
00000052
00000052
00000020
00000052
00000045
00000047
00000049
00000053
00000054
00000045
00000052
0000005f
00000052
00000041
0000004e
00000047
00000045
00000000
00000045
00000052
00000052
00000020
0000004d
00000045
0000004d
0000004f
00000052
00000059
0000005f
00000052
00000041
0000004e
00000047
00000045
00000000
00000045
00000052
00000052
00000020
0000004d
00000049
00000053
00000053
00000049
0000004e
00000047
0000005f
00000052
00000045
00000054
00000055
00000052
0000004e
00000000
00000045
00000052
00000052
00000020
00000055
0000004e
00000053
00000055
00000050
00000050
0000004f
00000052
00000054
00000045
00000044
0000005f
00000052
00000041
00000057
0000005f
0000004c
00000055
00000054
00000000
00000045
00000052
00000052
00000020
0000004d
00000041
0000004c
00000046
0000004f
00000052
0000004d
00000045
00000044
0000005f
00000050
00000052
0000004f
00000047
00000052
00000041
0000004d
00000000
00000000
00000000
00000000
00000000
00000000
00000000
00000000
00000000
00000000
00000000
00000000
00000000
00000000
00000000
00000000
00000000
00000000
00000000
00000000
00000000
00000000
00000000
00000000
00000000
00000000
00000000
00000000
00000000
00000000
00000000
00000000
00000000
00000000
00000000
00000000
00000000
00000000
00000000
00000000
00000000
00000000
00000000
00000000
00000000
00000000
00000000
00000000
00000000
00000000
00000000
00000000
10100721
30108000
50c003db
10100722
30108000
50c003dc
10700002
18740000
1078000f
187c0000
18540000
10580003
101c001e
50c0185f
100c000f
50c004a9
1018000d
03802600
403fe7fd
10180011
03802600
4000000b
10180010
03802600
4000000c
1018001e
03802600
4000000e
1056a001
10180005
0382a600
413fffee
5000182a
03838000
403fffeb
10739fff
50001848
10180004
03838600
41bfffe6
10738001
50001848
18540000
107bc001
1018002e
0383c600
41000010
107fe001
1078000f
102c0e08
30316000
1018000d
20358600
02b18d00
10180011
20b58600
02b18d00
10180005
20358600
02b18d00
34018b00
10180005
0b758600
101ce001
1018002e
0380e600
41000005
101c000f
107fe001
105ba002
10180005
0b5ac600
10180028
0383c600
41000006
1018002d
0383c600
41800003
03839d00
40800001
50001859
10180028
0380e600
413fffb9
1018002d
0380e600
41bfffb6
03839600
40bfffb4
10100723
30108000
50c003f6
03802000
40bfffa2
50000010
03441000
1004000a
1008000e
100c0001
10100028
10140022
50c02000
1048000f
10180004
0b4fc600
00ca5300
104c0012
03041300
03081200
100c0007
10100001
10140002
50c02000
104e6008
1018002b
03826600
413ffff6
104a4004
1018002d
03824600
413ffff1
10180008
08078600
1004200c
1008002a
100c000b
50c0189d
10180008
0807a600
1004200c
03081e00
100c000c
50c0189d
10180008
0806c600
1004200c
03080700
100c000e
50c0189d
10040037
10080011
03141b00
10100724
30108000
50c00434
10040037
10080014
030c1800
1010000c
50c00429
10040037
10080014
030c1f00
03141800
50c0048d
03401100
51801000
082c4a00
00ad6100
00ad6800
033c0b00
10300003
10340005
03380b00
34006e00
1039c001
1035bfff
0381a000
40bffffb
00ad6a00
10319fff
03818000
40bffff5
00bdea00
34000f00
34000f04
1030000f
34018f01
34018f02
34018f03
51801000
50002400
00000000
00000000
00000000
00000000
00000000
00000000
00000000
00000000
00000000
00000000
00000000
00000000
00000000
00000000
00000000
00000000
00000000
00000000
00000000
00000000
00000000
00000000
00000000
00000000
00000000
00000000
00000000
00000000
00000000
00000000
00000000
00000000
00000000
00000000
00000000
00000000
00000000
00000000
00000000
00000000
00000000
00000000
00000000
00000000
00000000
00000000
00000000
00000000
00000000
00000000
00000000
00000000
00000000
00000000
00000000
00000000
00000000
00000000
00000000
00000000
00000000
00000000
00000000
00000000
00000000
00000000
00000000
00000000
00000000
00000000
00000000
00000000
00000000
00000000
00000000
00000000
00000000
00000000
00000000
00000000
00000000
00000000
00000000
00000000
00000000
00000000
00000000
00000000
00000000
00000000
00000000
00000000
00000000
00000000
00000000
00000000
00000000
00000000
00000000
00000000
00000000
00000000
00000000
00000000
00000000
00000000
00000000
00000000
00000000
00000000
00000000
00000000
00000000
00000000
00000000
00000000
00000000
00000000
00000000
00000000
00000000
00000000
00000000
00000000
00000000
00000000
00000000
00000000
00000000
00000000
00000000
00000000
00000000
00000000
00000000
00000000
00000000
00000000
00000000
00000000
00000000
00000000
00000000
00000000
00000000
00000000
00000000
00000000
00000000
00000000
00000000
00000000
00000000
00000000
00000000
00000000
00000000
00000000
00000000
00000000
00000000
00000000
00000000
00000000
00000000
00000000
00000000
00000000
00000000
00000000
00000000
00000000
00000000
00000000
00000000
00000000
00000000
00000000
00000000
00000000
00000000
00000000
00000000
00000000
00000000
00000000
00000000
00000000
00000000
00000000
00000000
00000000
00000000
00000000
00000000
00000000
00000000
00000000
00000000
00000000
00000000
00000000
00000000
00000000
00000000
00000000
00000000
00000000
00000000
00000000
00000000
00000000
00000000
00000000
00000000
00000000
00000000
00000000
00000000
00000000
00000000
00000000
00000000
00000000
00000000
00000000
00000000
00000000
00000000
00000000
00000000
00000000
00000000
00000000
03441000
302f800c
03816000
40800044
302f800e
10300008
03816c00
41000040
302fc000
10300050
03816c00
4080002e
302fc001
10300047
03816c00
4080002a
302fc002
10300001
03816c00
40800026
302fc003
10300020
03816c00
40000006
10300001
03816c00
4100001f
1030000d
03816c00
4180001c
300bc006
102c0008
20084b00
302fc007
02084b00
102c0200
03816200
41000014
102c400a
3033800e
03818b00
4100001e
34017c29
10084008
03041e00
50c019e9
302f8029
00ad7e00
30317ffe
10340008
20318d00
30357fff
02318d00
03818300
40800003
50c01a33
30078029
500019db
10040001
300b800e
01084100
34005c0e
00afc100
03301e00
03804000
40000006
30356000
3401ac00
102d6001
10318001
10085fff
500019e0
51801100
100c1fff
10380010
208c6e00
10380102
103c0004
2039cf00
1039c001
03804000
40000015
302c2000
10300008
202d6c00
028c6b00
103c000f
20ac6f00
103c0001
01ad6f00
200c6f00
03816000
40000001
028c6e00
10319fff
03818000
40bffff5
103c0010
200c6f00
208c6f00
10042001
10085fff
500019f0
51801000
03141000
102c0050
34017f00
102c0047
34017f01
102c0001
34017f02
34003f03
102c0008
20b04b00
34019f04
102c00ff
01b04b00
34019f05
34001f06
34007f07
1030600a
34019c0c
34001c0d
1033e008
03340300
0381a000
40000006
302c8000
34016c00
10108001
10318001
1035bfff
50001a1d
10086008
03041f00
50c019e9
302f800c
00ad7f00
10300008
20b06c00
102d7ffe
34018b00
102d6001
103000ff
018c6c00
34006b00
51800500
034c1000
3057c003
305bc004
102c0008
205acb00
302fc005
025acb00
305fc006
102c0008
205eeb00
302fc007
025eeb00
102c0001
0382ab00
40000023
302f8005
03816000
4000001f
102c0003
0382ab00
4000002e
102c000b
0382ab00
40000030
102c000a
0382ab00
40000038
0382c000
40000014
03041600
50c01b4c
03640400
102c0004
0382ab00
4000003c
03832000
4000000c
102c0020
0382ab00
400002a5
102c0009
0382ab00
400000d4
102c0006
0382ab00
40000062
102c0007
0382ab00
4000005f
51801300
022ed700
03816000
40bffffc
302f8004
10300002
03816c00
40bffff8
102c0001
34017c05
34017c07
10040002
18080000
100c0025
12100018
10108f00
50c01a08
51801300
022ed700
03816000
40bfffeb
50c01b68
51801300
0382c000
40bfffe7
102c0009
0382eb00
41bfffe4
1004000c
18080000
030c1700
1013c008
50c01a08
51801300
0382c000
40bfffdc
102c0001
0382eb00
40bfffd9
3033c008
10340003
03818d00
41bfffd5
34019c06
34017c07
51801300
102c0003
0382eb00
413fffcf
102c0023
0382eb00
41bfffcc
302fc008
10300010
03816c00
41bfffc8
302fc009
10300002
03816c00
41bfffc4
1013c00a
100efffe
50c01b59
03802000
403fffbf
03832000
4080000c
302f800f
10300008
03816c00
41bfffb9
10300007
20656c00
12300010
10318800
00e72c00
102d6001
34017c0f
3402d900
302fc009
34017901
102f2004
1033c00a
1036fffe
30398000
3401cb00
102d6001
10318001
1035bfff
0381a000
40bffff9
34000b00
102c0001
34017c07
51801300
10680004
102c0006
0382ab00
40800005
10680005
302fc00c
10300002
03816c00
41bfff98
016efa00
03836000
403fff95
413fff94
102c0101
03836b00
41bfff91
1013c008
00909a00
030c1b00
50c01b59
03802000
403fff8b
50c01b40
03600100
122c0010
102d6f80
30338017
03818000
40000009
30356000
0381b600
40800003
30356001
0381b800
40000043
102d6002
10319fff
50001ade
30338018
00b18c00
122c0010
102d6f80
00ad6c00
3402cb00
34030b01
30338018
10318001
1034003f
01b18d00
34019c18
30338017
10340040
03818d00
41800002
10318001
34019c17
102c0001
34017c07
34017901
10332028
10340006
0382ad00
4080000a
3037c00c
0381a000
40000007
30378010
0381a000
40000003
30378011
0381b600
403fff59
10332054
1037c008
00b5ba00
03381b00
103c0028
0381cf00
41000001
03380f00
302da000
34016c00
1035a001
10318001
1039dfff
0381c000
40bffff9
34000c00
102c0028
03817b00
41800007
102c002e
10319ffd
34016c00
10318001
34016c00
10318001
34016c00
102c0007
0382ab00
40800001
50c01500
102c0007
0382ab00
40bfff38
10040009
03081600
100c0004
1013c008
50c01a08
51801300
102c0004
0382eb00
40bfff2f
50c01b40
302f8010
03802b00
40bfff2b
302f8011
0382cb00
40bfff28
34001c10
102c0001
34017c07
51801300
18040000
102fc008
10300004
10380008
20042e00
30356000
02042d00
102d6001
10319fff
03818000
40bffff9
51801000
12100010
10108800
302f800f
03816000
40000006
30308000
03818100
40000004
10108080
102d7fff
50001b4f
18100000
51801000
10300020
1034007f
18040000
03806000
40000008
302c8000
03816c00
41000006
03816d00
41800004
10108001
100c7fff
50001b5c
10040001
51801000
122c0010
102d6800
10300400
34000b00
102d6001
10319fff
03818000
40bffffb
34001c08
34001c09
34001c0b
34001c0f
34001c10
34001c17
34001c18
34001c2c
34001c2d
34001c40
102c0001
34017c07
51801000
34021c2a
302f8005
03816000
40000020
302f800c
30338010
022d6c00
03816000
4080001b
302f800b
03816000
40000018
302f8012
03816000
40000015
34017c10
102d6001
34017c12
50c02499
302c8000
34017c11
3037800b
3401a403
10338040
10108054
302d8000
34016400
10108001
10318001
1035bfff
0381a000
40bffff9
34000400
34001c0b
34001c40
50c01bb1
3043802a
51801000
302f800c
03816000
4080000a
302f8010
03816000
403ff97f
302d2002
30338013
012d6c00
10300bb8
03816c00
41000001
50001bb1
51801000
34021c2b
30078011
50c01b4c
03808000
40000023
03480400
12100010
10108f00
302f8010
10300018
20b56c00
3401a400
10300010
20b56c00
103800ff
01b5ae00
3401a401
10300008
20b56c00
01b5ae00
3401a402
01b56e00
3401a403
10308004
10364054
300e4003
03380300
302da000
34016c00
10318001
1035a001
1039dfff
0381c000
40bffff9
100c6004
300b8011
10040008
50c01a08
302d2002
34017c13
3043802b
51801000
302f8010
03816000
4080005f
302fc00c
103c0020
022d6f00
10300068
03816c00
40800059
302fc00d
022d6f00
10300002
03836c00
40800004
10300069
03816c00
4000001c
51801000
10300065
03816c00
4080004d
302fc00e
022d6f00
10300003
03836c00
40800004
10300079
03816c00
40000010
51801000
10300005
03836c00
40800041
1030006c
03816c00
4080003e
302fc00f
022d6f00
03816c00
4080003a
302fc010
022d6f00
1030006f
03816c00
40800035
102c0006
34017c2c
3402dc2d
302f8012
03816000
4000002f
34017c10
102d6001
34017c12
3402dc11
122c0018
102d6f40
10332054
10340007
30396000
3401cc00
102d6001
10318001
1035bfff
0381a000
40bffff9
102f2004
10340007
103c0014
0381e000
4000000c
30396000
0381c000
40000009
10040020
0381c100
40000006
3401cc00
10318001
102d6001
1035a001
103dffff
50001c20
122c0018
102d6f50
30396000
0381c000
40000005
3401cc00
10318001
102d6001
1035a001
50001c30
34000c00
3401b903
302d2002
102d7448
34017c13
51801000
00000000
00000000
00000000
00000000
00000000
00000000
00000000
00000000
00000000
00000000
00000000
00000000
00000000
00000000
00000000
00000000
00000000
00000000
00000000
00000000
00000000
00000000
00000000
00000000
00000000
00000000
00000000
00000000
00000000
00000000
00000000
00000000
00000000
00000000
00000000
00000000
00000000
00000000
00000000
00000000
00000000
00000000
00000000
00000000
00000000
00000000
00000000
00000000
00000000
00000000
00000000
00000000
00000000
00000000
00000000
00000000
00000000
00000000
00000000
00000000
00000000
00000000
00000000
00000000
00000000
00000000
00000000
00000000
00000000
00000000
00000000
00000000
00000000
00000000
00000000
00000000
00000000
00000000
00000000
00000000
00000000
00000000
00000000
00000000
00000000
00000000
00000000
00000000
00000000
00000000
00000000
00000000
00000000
00000000
00000000
00000000
00000000
00000000
00000000
00000000
00000000
00000000
00000000
00000000
00000000
00000000
00000000
00000000
00000000
00000000
00000000
00000000
00000000
00000000
00000000
00000000
00000000
00000000
00000000
00000000
00000000
00000000
00000000
00000000
00000000
00000000
00000000
00000000
00000000
00000000
00000000
00000000
00000000
00000000
00000000
00000000
00000000
00000000
00000000
00000000
00000000
00000000
00000000
00000000
00000000
00000000
00000000
00000000
00000000
00000000
00000000
00000000
00000000
00000000
00000000
00000000
00000000
00000000
00000000
00000000
00000000
00000000
00000000
00000000
00000000
00000000
00000000
00000000
00000000
00000000
00000000
00000000
00000000
00000000
00000000
00000000
00000000
00000000
00000000
00000000
00000000
00000000
00000000
00000000
00000000
00000000
00000000
00000000
00000000
00000000
00000000
00000000
00000000
00000000
186c0000
126c0010
106f66a0
34015b11
102c0004
0382eb00
4100015a
34001b00
34001b04
34001b05
102c0007
0382eb00
410000fb
102c00c5
03817700
410000e9
302fc00c
10300001
03816c00
408000f4
1063c00d
00dfd700
105ee008
34031b01
3402fb02
18680000
12680010
106b46e0
18540000
03831700
418000e3
1056a001
102c0020
03817500
410000d6
304b0000
102c0001
03824b00
40000076
102c0010
03824b00
400000db
102c0011
03824b00
400000d8
102c0020
03824b00
40000086
102c0021
03824b00
40000083
102c0030
03824b00
4000009d
102c0002
03824b00
410000bd
102c000e
03824b00
418000ba
102f0005
0382eb00
410000c9
302b0001
30330002
30370003
303b0004
023d4c00
023ded00
023dee00
102c0008
0381eb00
418000b3
10630005
302f6000
03816000
403fffd0
00ab4a00
00b34c00
00b74d00
00bb4e00
30318000
3035a000
3039c000
102c0002
03824b00
40000022
102c0003
03824b00
40000022
102c0004
03824b00
40000022
102c0005
03824b00
40000022
102c0006
03824b00
40000022
102c0007
03824b00
40000022
102c0008
03824b00
40000022
102c0009
03824b00
40000022
102c000a
03824b00
40000022
102c000b
03824b00
40000022
102c000c
03824b00
40000022
102c000d
03824b00
40000022
50001df6
00bd8d00
3401ea00
50001d1d
013d8d00
3401ea00
50001d1d
01bd8d00
3401ea00
50001d1d
023d8d00
3401ea00
50001d1d
02bd8d00
3401ea00
50001d1d
043d8d70
3401ea00
50001d1d
04bd8d70
3401ea00
50001d1d
06bd8d70
3401ea00
50001d1d
073d8d70
3401ea00
50001d1d
07bd8d70
3401ea00
50001d1d
053d8d00
3401ea00
50001d1d
05bd8d00
3401ea00
50001d1d
102f0006
0382eb00
41000068
302b0001
102c0008
03814b00
41800058
302f6000
03816000
4000000d
00a95a00
18300000
10370002
10380004
103c0008
20318f00
302da000
02318b00
1035a001
1039dfff
0381c000
40bffff9
34018a00
10630006
50001d1d
102f0003
0382eb00
4100004f
302b0001
102c0008
03814b00
4180003f
30330002
102c0100
03818b00
4180003e
10630003
302f6000
03816000
403fff58
00a95a00
18340000
12340010
1035a700
00b5ac00
102c0020
03824b00
40000003
30314000
34018d00
50001d1d
3031a000
34018a00
50001d1d
102f0002
0382eb00
40800032
302b0001
102c0008
03814b00
41800022
302f6000
03816000
40800015
102c0001
34017b00
18300000
12300010
10318700
10340100
34000c00
10318001
1035bfff
0381a000
40bffffb
34001a00
34001a01
34001a02
34001a03
34001a04
34001a05
34001a06
34001a07
30636001
50001d1c
00a95a00
30314000
34019b05
50001e0b
102c0001
34017b04
50001e0b
102c0002
34017b04
50001e0b
102c0003
34017b04
50001e0b
102c0004
34017b04
50001e0b
102c0005
34017b04
50001e0b
102c0006
34017b04
50001e0b
102c0007
34017b04
50001e0b
102b2028
18300000
12300008
10318720
302d8000
34016a00
03816000
40000003
10318001
10294001
50001e0f
302f8010
03816000
4080002a
102b2054
18300000
12300010
103186c0
302f6004
03816000
40000005
18300000
12300008
10318710
00b18b00
30318000
30358000
0381a000
40000004
3401aa00
10318001
10294001
50001e25
30336005
302f6004
03816000
40000001
50001e3f
1038001c
103c000f
20b58e00
01b5af00
102c000a
0381ab00
41000001
1035a007
1035a030
3401aa00
10294001
1039dffc
0381c000
41bffff4
34000a00
102f2054
01294b00
34015903
102c0001
34017c07
10136008
302fc008
34016400
302fc009
34016401
302fc00a
34016402
302fc00b
34016403
302f6004
34016404
30336005
10340018
103800ff
103c8005
20ad8d00
01ad6e00
34016f00
103de001
1035bff8
0381a000
41bffff9
10040021
302b6011
03081600
100c0009
50c01a08
51801300
302b6011
51801300
00000000
00000000
00000000
00000000
00000000
00000000
00000000
00000000
00000000
00000000
00000000
00000000
00000000
00000000
00000000
00000000
00000000
00000000
00000000
00000000
00000000
00000000
00000000
00000000
00000000
00000000
00000000
00000000
00000000
00000000
00000000
00000000
00000000
00000000
00000000
00000000
00000000
00000000
00000000
00000000
00000000
00000000
00000000
00000000
00000000
00000000
00000000
00000000
00000000
00000000
00000000
00000000
00000000
00000000
00000000
00000000
00000000
00000000
00000000
00000000
00000000
00000000
00000000
00000000
00000000
00000000
00000000
00000000
00000000
00000000
00000000
00000000
00000000
00000000
00000000
00000000
00000000
00000000
00000000
00000000
00000000
00000000
00000000
00000000
00000000
00000000
00000000
00000000
00000000
00000000
00000000
00000000
00000000
00000000
00000000
00000000
00000000
00000000
00000000
00000000
00000000
00000000
00000000
00000000
00000000
00000000
00000000
00000000
00000000
00000000
00000000
00000000
00000000
00000000
00000000
00000000
00000000
00000000
00000000
00000000
00000000
00000000
00000000
00000000
00000000
00000000
00000000
00000000
00000000
00000000
00000000
00000000
00000000
00000000
00000000
00000000
00000000
00000000
00000000
00000000
00000000
00000000
00000000
00000000
00000000
00000000
00000000
00000000
00000000
00000000
00000000
00000000
00000000
00000000
00000000
00000000
00000000
00000000
00000000
00000000
00000000
00000000
00000000
00000000
00000000
00000000
00000000
00000000
00000000
00000000
00000000
00000000
00000000
00000000
00000000
00000000
00000000
00000000
00000000
00000000
00000000
00000000
00000000
00000000
00000000
00000000
00000000
00000000
00000000
00000000
00000000
00000000
00000000
00000000
00000000
00000000
00000000
00000000
00000000
00000000
00000000
00000000
00000000
00000000
00000000
00000000
00000000
00000000
00000000
00000000
00000000
00000000
00000000
00000000
00000000
00000000
00000000
00000000
00000000
00000000
00000000
00000000
00000000
00000000
00000000
00000000
00000000
00000000
00000000
00000000
00000000
00000000
00000000
00000000
00000000
00000000
00000000
00000000
00000000
00000000
00000000
00000000
00000000
00000000
00000000
00000000
00000000
00000000
00000000
00000000
00000000
00000000
00000000
00000000
00000000
00000000
00000000
00000000
00000000
00000000
00000000
00000000
00000000
00000000
00000000
00000000
00000000
00000000
00000000
00000000
00000000
00000000
00000000
00000000
00000000
00000000
00000000
00000000
00000000
00000000
00000000
00000000
00000000
00000000
00000000
00000000
00000000
00000000
00000000
00000000
00000000
00000000
00000000
00000000
00000000
00000000
00000000
00000000
00000000
00000000
00000000
00000000
00000000
00000000
00000000
00000000
00000000
00000000
00000000
00000000
00000000
00000000
00000000
00000000
00000000
00000000
00000000
00000000
00000000
00000000
00000000
00000000
00000000
00000000
00000000
00000000
00000000
00000000
00000000
00000000
00000000
00000000
00000000
00000000
00000000
00000000
00000000
00000000
00000000
00000000
00000000
00000000
00000000
00000000
00000000
00000000
00000000
00000000
00000000
00000000
00000000
00000000
00000000
00000000
00000000
00000000
00000000
00000000
00000000
00000000
00000000
00000000
00000000
00000000
00000000
00000000
00000000
00000000
00000000
00000000
00000000
00000000
00000000
00000000
00000000
00000000
00000000
00000000
00000000
00000000
00000000
00000000
00000000
00000000
00000000
00000000
00000000
00000000
00000000
00000000
00000000
00000000
00000000
00000000
00000000
00000000
00000000
00000000
00000000
00000000
00000000
00000000
00000000
00000000
00000000
00000000
00000000
00000000
00000000
00000000
00000000
00000000
00000000
082c4a00
00ad6100
00ad6800
03300500
03340400
03380b00
34006e00
1039c001
1035bfff
0381a000
40bffffb
00ad6a00
10319fff
03818000
40bffff5
51801000
082c4a00
00ad6100
00ad6800
30308000
03818000
40000010
02318500
12340200
02318d00
34018b00
12340400
02398d00
3401cb01
12340800
02318d00
00bd6a00
34018f00
0239cd00
3401cf01
10108001
102d6002
50002013
51801000
03441000
12600180
10630f00
12640180
10672f00
12680180
106b4e00
126c0180
106f6700
125c0078
120c0080
50c0041f
10040004
10080003
03141b00
12100018
30108041
50c00434
10040004
10080005
03141800
12100018
30108040
50c02010
10040004
10080008
03141800
12100018
30108042
50c00434
1004002c
10080005
03141800
12100018
30108044
50c02010
1004002c
10080008
03141b00
12100018
30108045
50c00434
10040003
1008000b
030c1800
1010001f
1014002b
50c02000
10040005
1008000c
03141b00
12100018
30108043
50c00434
10040025
1008002a
030c1800
10100028
1014000d
50c02000
10040027
1008002b
03141b00
12100018
30108046
50c00434
10040027
10080034
03141b00
12100018
30108047
50c00434
10040000
1008003a
030c1800
10100050
10140002
50c02000
10040002
1008003b
03141800
12100018
30108048
50c00434
03401100
51801000
03441000
18480000
104c0684
101c06a0
301ce000
03824700
41800015
10180003
080a4600
1008400f
10040004
030c1800
03141800
03825400
40800002
030c1700
03141700
1010001d
50c00429
10040005
100e4001
50c0048d
10040009
30126000
50c00434
104a4001
104e6001
50002080
10040027
1008002d
030c1800
10100024
50c00429
10040027
1008002f
030c1800
10100024
50c00429
10040027
10080031
030c1800
10100024
50c00429
10100684
00909400
30108000
10040027
1008002d
03141800
50c00434
124c0018
10180004
081a8600
00ce6600
30126000
10040027
1008002f
03141b00
50c00434
30126001
10040027
10080031
03141b00
50c00434
03401100
51801000
03441000
03580400
12600180
10630f00
12640180
10672f00
12680180
106b4e00
126c0180
106f6700
125c0078
120c0080
50c0041f
10040003
10080005
030c1800
1010004a
10140033
50c02000
10040000
10080000
030c1800
10100050
10140002
50c02000
10040002
10080000
03141800
10100590
50c00434
10040036
10080000
03141800
101005a0
50c00434
10040004
10080006
100c0048
10100032
03141b00
50c00440
03101600
10040006
10080006
03141a00
50c00434
10040000
1008003a
030c1800
10100050
10140002
50c02000
10040002
1008003b
03141800
10100612
50c00434
03401100
51801000
120c0080
50c0041f
10040004
10080005
03141800
12100018
30108044
50c02010
10040000
10080037
030c1800
10100050
10140005
50c02000
10040003
10080038
03141800
12100018
3010804b
50c00434
10040003
1008003a
03141b00
12100018
3010804c
50c00434
50c003eb
50000010
00000000
00000000
00000000
00000000
00000000
00000000
00000000
00000000
00000000
00000000
00000000
00000000
00000000
00000000
00000000
00000000
00000000
00000000
00000000
00000000
00000000
00000000
00000000
00000000
00000000
00000000
00000000
00000000
00000000
00000000
00000000
00000000
00000000
00000000
00000000
00000000
00000000
00000000
00000000
00000000
00000000
00000000
00000000
00000000
00000000
00000000
00000000
00000000
00000000
00000000
00000000
00000000
00000000
00000000
00000000
00000000
00000000
00000000
00000000
00000000
00000000
00000000
00000000
00000000
00000000
00000000
00000000
00000000
00000000
00000000
00000000
00000000
00000000
00000000
00000000
00000000
00000000
00000000
00000000
00000000
00000000
00000000
00000000
00000000
00000000
00000000
00000000
00000000
00000000
00000000
00000000
00000000
00000000
00000000
00000000
00000000
00000000
00000000
00000000
00000000
00000000
00000000
00000000
00000000
00000000
00000000
00000000
00000000
00000000
00000000
00000000
00000000
00000000
00000000
00000000
00000000
00000000
00000000
00000000
00000000
00000000
00000000
00000000
00000000
00000000
00000000
00000000
00000000
00000000
00000000
00000000
00000000
00000000
00000000
00000000
00000000
00000000
00000000
00000000
00000000
00000000
00000000
00000000
00000000
00000000
00000000
00000000
00000000
00000000
00000000
00000000
00000000
00000000
00000000
00000000
00000000
00000000
00000000
00000000
00000000
00000000
00000000
00000000
00000000
00000000
00000000
00000000
00000000
00000000
00000000
00000000
00000000
00000000
00000000
00000000
00000000
00000000
00000000
00000000
00000000
00000000
00000000
00000000
00000000
00000000
00000000
00000000
00000000
00000000
00000000
00000000
00000000
00000000
00000000
00000000
00000000
00000000
00000000
00000000
00000000
00000000
00000000
00000000
00000000
00000000
00000000
00000000
00000000
00000000
00000000
00000000
00000000
00000000
00000000
00000000
00000000
00000000
00000000
00000000
00000000
00000000
00000000
00000000
00000000
00000000
00000000
00000000
00000000
00000000
00000000
00000000
00000000
00000000
00000000
082c4a00
00ad6100
00ad6800
1038001c
20b06e00
103c000f
01b18f00
1034000a
03818d00
41000002
10318037
5000220d
10318030
02318500
34018b00
102d6001
1039dffc
0381c000
41bffff1
51801000
03181000
102c0e0a
1038001c
20b06e00
103c000f
01b18f00
1034000a
03818d00
41000002
10318037
50002220
10318030
34018b00
102d6001
1039dffc
0381c000
41bffff2
34000b00
10100e0a
50c02010
03400600
51801000
03181000
102c0e0a
10380004
20b06e00
103c000f
01b18f00
1034000a
03818d00
41000002
10318037
50002236
10318030
34018b00
102d6001
1039dffc
0381c000
41bffff2
34000b00
10100e0a
50c02010
03400600
51801000
12100018
30108069
50c003db
12100018
3010806a
50c003dc
10700089
10740033
10780022
10180e18
101c00bc
3400e600
10180e19
34000600
187c0000
18540000
101d2080
10100004
34008705
50c02293
50c022d9
50c004a4
1018000d
03802600
4000001e
10180011
03802600
40000011
10180010
03802600
40000012
1018001e
03802600
40000007
1018001f
03802600
40bffff0
50c0229e
10043fff
50c022ba
50002254
50c0229e
10042001
50c022ba
50002254
0383e000
403fdda1
107fffff
50002254
107fe001
10180007
0383e600
413fffdf
107c0006
50002254
10180005
0383e600
4000000e
10180006
0383e600
40000010
50c02293
101d2080
10100001
34008705
3010e006
10180001
01988600
0380c000
40bffffb
10540001
50002254
50c02293
101d2080
10100002
34008705
50002254
101d2080
10100004
34008705
18540000
50c02293
50002254
101d2080
34038700
3403a701
3403c702
10180e19
3010c000
34008703
10180e18
3010c000
34008704
51801000
0383e000
40800002
03041c00
51801000
10180001
0383e600
40800002
03041d00
51801000
10180002
0383e600
40800002
03041e00
51801000
10180003
0383e600
40800003
10180e19
3004c000
51801000
10180004
0383e600
40800003
10180e18
3004c000
51801000
18040000
51801000
0383e000
40800002
03700100
500022d5
10180001
0383e600
40800002
03740100
500022d5
10180002
0383e600
40800002
03780100
500022d5
10180003
0383e600
40800005
10180001
01842600
10180e19
34002600
500022d5
10180004
0383e600
40800005
10180e18
34002600
034c1000
50c02293
03401300
51801000
03441000
10040006
10080008
03141a00
12100018
3010806b
50c02010
10040006
1008000b
03141b00
12100018
3010806c
50c02010
18480000
10180007
03824600
4180003f
10180005
03824600
41800022
10180003
080a4600
1008400e
10040006
030c1800
10100024
50c00429
10084001
10040006
030c1800
10100024
50c00429
10085fff
03141800
03825f00
40800001
03141700
10040006
12100018
00909200
30108073
50c02010
10040010
12100018
3010806d
50c02010
034c1f00
037c1200
50c0229e
037c1300
030c0100
10040014
50c02214
50002327
1008000e
10180005
03824600
40000001
10080012
10040030
030c1800
1010000c
50c00429
10084001
10040030
030c1800
1010000c
50c00429
10085fff
03141800
03825f00
40800001
03141700
10040030
12100018
00909200
30108073
50c02010
104a4001
500022e7
101d2080
10040006
1008001e
03141a00
12100018
3010807a
50c02010
300ce005
10040012
50c02214
3048e007
10040006
10080021
03141800
12100018
30108071
50c02010
103c00ff
018e4f00
10040014
50c0222a
10040006
10080024
03141800
12100018
30108072
50c02010
10380008
208e4e00
018c6f00
10040014
50c0222a
10040006
10080027
030c1800
10100028
50c00429
10040006
10080028
030c1800
10100028
50c00429
3010e006
10180008
01988600
0380c000
40800009
0382a000
4080000e
10040006
10080027
03141b00
12100018
3010806e
50c02010
50002379
10040006
10080027
03141a00
12100018
3010807b
50c02010
50002379
10180002
01988600
0380c000
40000007
10040006
10080027
03141a00
12100018
3010806f
50c02010
50002379
10040006
10080027
03141800
12100018
30108070
50c02010
03401100
51801000
00000043
0000004f
0000004d
00000050
00000049
0000004c
00000045
00000052
00000000
00000045
0000004e
00000054
00000045
00000052
00000020
00000073
00000077
00000065
00000065
00000070
0000002f
00000068
0000006f
0000006c
00000064
0000002f
00000072
00000065
00000073
00000065
00000074
00000000
00000043
0000006f
0000006d
00000070
00000069
0000006c
00000065
00000072
00000000
00000031
0000002d
00000062
00000069
00000074
00000020
00000063
00000069
0000006e
00000000
00000030
00000078
00000000
00000073
00000077
00000065
00000065
00000070
00000000
0000004c
00000041
00000054
00000043
00000048
00000045
00000044
00000000
0000004d
00000049
00000053
00000053
00000000
0000006c
00000075
00000074
00000041
00000000
0000006c
00000075
00000074
00000042
00000000
00000041
00000000
00000042
00000000
00000043
00000000
00000063
00000069
0000006e
00000000
00000065
00000078
00000070
00000000
00000048
0000004f
0000004c
00000044
00000000
00000052
00000045
00000053
00000045
00000054
00000000
0000006f
00000075
00000074
00000020
00000000
00000048
00000045
0000004c
00000044
00000000
00000000
00000000
00000000
00000000
00000000
00000000
00000000
00000000
00000000
00000000
00000000
00000000
00000000
00000000
00000000
12700010
10738e80
10752100
12780010
107bcc00
127c0010
107fee20
3402fc32
34031c33
34033c34
34035c35
34037c36
032c1c00
10300032
34000b00
102d6001
10319fff
03818000
40bffffb
102c0061
34017c0a
102c0001
34017c12
34017c07
102c0004
34017d00
50c01b68
50c01300
50c019a0
50c01ba3
302f8007
03816000
40000002
34001c07
50c024a5
302d2001
03816000
403ffff5
30052000
302f8009
03816000
40800032
102c0011
03802b00
40000064
30338008
102c001e
03802b00
40000019
102c001f
03802b00
4000001f
102c000d
03802b00
40000003
102c0010
03802b00
40bfffe1
302f800f
03816000
403fffde
102c0001
34017c09
34017c07
50c02499
34000401
302f800c
03816000
40bfffd6
30088000
10040005
180c0000
50c01a08
5000241b
10319fff
03818000
4180000b
3033800f
10319fff
03818000
41800007
18300000
50002458
10318001
302f800f
03818b00
41000001
18300000
34019c08
102c0001
34017c07
5000241b
102c0011
03802b00
40000017
102c0010
03802b00
4000002d
102c000d
03802b00
40000013
3033800a
102c001e
03802b00
40000006
10319fff
102c0020
03818b00
41800007
1030007f
50002474
10318001
102c0080
03818b00
41000001
10300020
34019c0a
50002459
34001c09
50002459
3033800b
3037800a
102c007f
0381ab00
4000000a
102c0028
03818b00
41bfff9b
103b8040
00b9cc00
3401ae00
34000e01
10318001
34019c0b
50002459
03818000
403fff92
10319fff
34019c0b
103b8040
00b9cc00
34000e00
50002459
50c01b7d
50002459
102c0004
34017d00
305f8032
30638033
30678034
306b8035
306f8036
50000010
30138008
102c0007
20108b00
122c0010
102d6800
00908b00
51801000
122c0018
102d6d00
00ad6400
30116000
50000434
03581000
102c000c
105c000f
205eeb00
10600002
20630b00
10630f00
1064000e
20672b00
1068000a
206b4b00
106c0009
206f6b00
106f6f00
100ee020
50c0041f
18040000
18080000
100f0020
10100050
10140005
50c02000
10040002
10080002
03141800
18100000
50c024a0
10100001
302f8004
03816000
4000000a
10100002
302f8005
03816000
40000006
10100003
302f8006
10300002
03816c00
40800001
10100004
302f801a
03816000
40000001
10100005
10040034
10080002
03141800
50c024a0
10040002
10080007
03141700
10100006
50c024a0
18480000
302f800f
03824b00
4180001a
102c0003
084e4b00
104e600a
03541700
302f8008
03824b00
40800001
03541b00
10040001
03081300
100ea020
10100015
10140003
50c02000
102c0007
20124b00
122c0010
102d6804
00908b00
10040002
100a6001
03141500
100c0013
50c02571
104a4001
500024dc
10040000
10080006
100c0018
1010002e
1016e700
50c00440
302f800f
03816000
40800006
1004001b
1008000c
03141700
10100007
50c024a0
50002562
50c02499
03480400
10108004
1004001b
10080007
03141700
50c00434
1004001b
10080013
100f2020
1010002f
10140007
50c02000
1004001b
10080013
100c002f
10100007
10172600
50c00440
1004001d
10080014
03141900
10100008
50c024a0
1004001d
10080017
10124028
03141900
50c00434
1004001f
1008001c
100f4020
1010002f
10140007
50c02000
1004001f
1008001c
100c002f
10100007
10174200
50c00440
10040021
1008001d
03141a00
10100009
50c024a0
10040021
10080020
10124054
03141a00
50c00434
1004001a
10080027
100c0034
10100005
1016e700
50c00440
1004001b
10080026
03141700
1010000a
50c024a0
1004001b
10080029
10138040
03141700
50c00434
1004001b
1008002e
03141700
1010000b
50c024a0
3033800a
102c007f
03818b00
40800001
1030003c
02319b00
102c002e
082d6a00
00ad6800
34018b28
302f8010
03816000
40000005
1004001b
10080032
03141700
1010000c
50c024a0
10040002
10080037
03141700
1010000d
302f8009
03816000
40000001
1010000e
50c024a0
10040002
1008003a
03141700
1010000f
50c024a0
51801600
082c4a00
00ad6100
00ad6800
30308000
03818000
40000007
02318500
34018b00
10108001
102d6001
100c7fff
03806000
40bffff6
51801000
00000000
00000000
00000000
00000000
00000000
00000000
00000000
00000000
00000000
00000000
00000000
00000000
00000000
00000000
00000000
00000000
00000000
00000000
00000000
00000000
00000000
00000000
00000000
00000000
00000000
00000000
00000000
00000000
00000000
00000000
00000000
00000000
00000000
00000000
00000000
00000000
00000000
00000000
00000000
00000000
00000000
00000000
00000000
00000000
00000000
00000000
00000000
00000000
00000000
00000000
00000000
00000000
00000000
00000000
00000000
00000000
00000000
00000000
00000000
00000000
00000000
00000000
00000000
00000000
00000000
00000000
00000000
00000000
00000000
00000000
00000000
00000000
00000000
00000000
00000000
00000000
00000000
00000000
00000000
00000000
00000000
00000000
00000000
00000000
00000000
00000000
00000000
00000000
00000000
00000000
00000000
00000000
00000000
00000000
00000000
00000000
00000000
00000000
00000000
00000000
00000000
00000000
00000000
00000000
00000000
00000000
00000000
00000000
00000000
00000000
00000000
00000000
00000000
00000000
00000000
00000000
00000000
00000000
00000000
00000000
00000000
00000000
00000000
00000000
00000000
00000000
00000000
00000000
00000000
10100a56
50c003db
12100018
10108fa0
50c003dc
10040008
10080009
03141a00
10100a63
50c00434
18480000
10040008
1008000d
030c1800
1010003c
50c00429
10040008
1008000d
03141a00
10100b34
50c00434
1004000c
1008000d
030c1200
03141800
50c0048d
10040008
10080010
030c1800
1010003c
50c00429
030c1200
50c02649
030c0100
10040008
10080010
03141a00
50c0048d
10040008
10080014
12100018
10108f60
03141b00
50c00434
50c004a4
102c0011
03802b00
403fd9e0
102c000d
03802b00
40000014
102c001f
03802b00
4000000d
102c001e
03802b00
40000004
102c0010
03802b00
40bffff0
104a4009
104a4001
102c0026
03824b00
413fffca
03480b00
5000260b
03824000
403fffc6
104a5fff
5000260b
18480000
5000260b
182c0000
18300000
10340001
03806000
40000007
00b96c00
00b9cd00
032c0c00
03300d00
03340e00
100c7fff
5000264c
03040b00
51801000
00000000
00000000
00000000
00000000
00000000
00000000
00000000
00000000
00000000
00000000
00000000
00000000
00000000
00000000
00000000
00000000
00000000
00000000
00000000
00000000
00000000
00000000
00000000
00000000
00000000
00000000
00000000
00000000
00000000
00000000
00000000
00000000
00000000
00000000
00000000
00000000
00000000
00000000
00000000
00000000
00000000
00000000
00000000
00000000
00000000
00000000
00000000
00000000
00000000
00000000
00000000
00000000
00000000
00000000
00000000
00000000
00000000
00000000
00000000
00000000
00000000
00000000
00000000
00000000
00000000
00000000
00000000
00000000
00000000
00000000
00000000
00000000
00000000
00000000
00000000
00000000
00000000
00000000
00000000
00000000
00000000
00000000
00000000
00000000
00000000
00000000
00000000
00000000
00000000
00000000
00000000
00000000
00000000
00000000
00000000
00000000
00000000
00000000
00000000
00000000
00000000
00000000
00000000
00000000
00000000
00000052
00000065
00000073
00000075
0000006c
00000074
0000003a
00000020
00000030
00000078
00000000
00000045
00000052
00000052
0000003a
00000020
00000030
00000078
00000000
00000000
00000000
00000000
00000000
00000000
00000000
00000000
00000000
00000000
00000000
00000000
00000000
00000000
00000000
00000000
00000000
00000000
00000000
00000000
00000000
00000000
00000000
00000000
00000000
00000000
00000000
00000000
00000000
00000000
00000000
00000000
00000000
00000000
00000000
00000000
00000000
00000000
00000000
00000000
00000000
00000000
00000000
00000000
00000000
00000000
00000000
00000000
00000000
00000000
00000000
00000000
00000000
00000000
00000000
00000000
00000000
00000000
00000000
00000000
00000000
00000000
00000000
00000000
00000000
00000000
00000000
00000000
00000000
00000000
00000000
00000000
00000000
00000000
00000000
00000000
00000000
00000000
00000000
00000000
00000000
00000000
00000000
00000000
00000000
00000000
00000000
00000000
00000000
00000000
00000000
00000000
00000000
00000000
00000000
00000000
00000000
00000000
00000000
00000000
00000000
00000000
00000000
00000000
00000000
00000000
00000000
00000000
00000000
00000000
00000000
00000000
00000000
00000000
00000000
00000000
00000000
00000000
00000000
00000000
00000000
00000000
00000000
00000000
00000000
00000000
00000000
00000000
00000000
00000000
00000000
00000000
00000000
00000000
00000000
00000000
00000000
00000000
00000000
00000000
00000000
00000000
00000000
00000000
00000000
00000000
00000000
00000000
00000000
00000000
00000000
00000000
00000000
00000000
00000000
00000000
00000000
00000000
00000000
00000000
00000000
00000000
00000000
00000000
00000000
00000000
00000000
00000000
00000000
00000000
00000000
00000000
00000000
00000000
00000000
00000000
00000000
00000000
00000000
00000000
00000000
00000000
00000000
00000000
00000000
00000000
00000000
00000000
00000000
00000000
00000000
00000000
00000000
00000000
00000000
00000000
00000000
00000000
00000000
00000000
00000000
00000000
00000000
00000000
00000000
00000000
00000000
00000000
00000000
00000000
00000000
00000000
00000000
00000000
00000000
00000000
00000000
00000000
00000000
00000000
00000000
00000000
00000000
00000000
00000000
00000000
00000000
00000000
00000000
00000000
00000000
00000000
00000000
00000000
00000000
00000000
00000000
00000000
00000000
00000000
00000000
00000000
00000000
00000000
00000000
00000000
00000000
00000000
00000000
00000000
00000000
00000000
00000000
00000000
00000000
00000000
00000000
00000000
00000000
00000000
00000000
00000000
00000000
00000000
00000000
00000000
00000000
00000000
00000000
00000000
00000000
00000000
00000000
00000000
00000000
00000000
00000000
00000000
00000000
00000000
00000000
00000000
00000000
00000000
00000000
00000000
00000000
00000000
00000000
00000000
00000000
00000000
00000000
00000000
00000000
00000000
00000000
00000000
00000000
00000000
00000000
00000000
00000000
00000000
00000000
00000000
00000000
00000000
00000000
00000000
00000000
00000000
00000000
00000000
00000000
00000000
00000000
00000000
00000000
00000000
00000000
00000000
00000000
00000000
00000000
00000000
00000000
00000000
00000000
00000000
00000000
00000000
00000000
00000000
00000000
00000000
00000000
00000000
00000000
00000000
00000000
00000000
00000000
00000000
00000000
00000000
00000000
00000000
00000000
00000000
00000000
00000000
00000000
00000000
00000000
00000000
00000000
00000000
00000000
00000000
00000000
00000000
00000000
00000000
00000000
00000000
00000000
00000000
00000000
00000000
00000000
00000000
00000000
00000000
00000000
00000000
00000000
00000000
00000000
00000000
00000000
00000000
00000000
00000000
00000000
00000000
00000000
00000000
00000000
00000000
00000000
00000000
00000000
00000000
00000000
00000000
00000000
00000000
00000000
00000000
00000000
00000000
00000000
00000000
00000000
00000000
00000000
00000000
00000000
00000000
00000000
00000000
00000000
00000000
00000000
00000000
00000000
00000000
00000000
00000000
00000000
00000000
00000000
00000000
00000000
00000000
00000000
00000000
00000000
00000000
00000000
00000000
00000000
00000000
00000000
00000000
00000000
00000000
00000000
00000000
00000000
00000000
00000000
00000000
00000000
00000000
00000000
00000000
00000000
00000000
00000000
00000000
00000000
00000000
00000000
00000000
00000000
00000000
00000000
00000000
00000000
00000000
00000000
00000000
00000000
00000000
00000000
00000000
00000000
00000000
00000000
00000000
00000000
00000000
00000000
00000000
00000000
00000000
00000000
00000000
00000000
00000000
00000000
00000000
00000000
00000000
00000000
00000000
00000000
00000000
00000000
00000000
00000000
00000000
00000000
00000000
00000000
00000000
00000000
00000000
00000000
00000000
00000000
00000000
00000000
00000000
00000000
00000000
00000000
00000000
00000000
00000000
00000000
00000000
00000000
00000000
00000000
00000000
00000000
00000000
00000000
00000000
00000000
00000000
00000000
00000000
00000000
00000000
00000000
00000000
00000000
00000000
00000000
00000000
00000000
00000000
00000000
00000000
00000000
00000000
00000000
00000000
00000000
00000000
00000000
00000000
00000000
00000000
00000000
00000000
00000000
00000000
00000000
00000000
00000000
00000000
00000000
00000000
00000000
00000000
00000000
00000000
00000000
00000000
00000000
00000000
00000000
00000000
00000000
00000000
00000000
00000000
00000000
00000000
00000000
00000000
00000000
00000000
00000000
00000000
00000000
00000000
00000000
00000000
00000000
00000000
00000000
00000000
00000000
00000000
00000000
00000000
00000000
00000000
00000000
00000000
00000000
00000000
00000000
00000000
00000000
00000000
00000000
00000000
00000000
00000000
00000000
00000000
00000000
00000000
00000000
00000000
00000000
00000000
00000000
00000000
00000000
00000000
00000000
00000000
00000000
00000000
00000000
00000000
00000000
00000000
00000000
00000000
00000000
00000000
00000000
00000000
00000000
00000000
00000000
00000000
00000000
00000000
00000000
00000000
00000000
00000000
00000000
00000000
00000000
00000000
00000000
00000000
00000000
00000000
00000000
00000000
00000000
00000000
00000000
00000000
00000000
00000000
00000000
00000000
00000000
00000000
00000000
00000000
00000000
00000000
00000000
00000000
00000000
00000000
00000000
00000000
00000000
00000000
00000000
00000000
00000000
00000000
00000000
00000000
00000000
00000000
00000000
00000000
00000000
00000000
00000000
00000000
00000000
00000000
00000000
00000000
00000000
00000000
00000000
00000000
00000000
00000000
00000000
00000000
00000000
00000000
00000000
00000000
00000000
00000000
00000000
00000000
00000000
00000000
00000000
00000000
00000000
00000000
00000000
00000000
00000000
00000000
00000000
00000000
00000000
00000000
00000000
00000000
00000000
00000000
00000000
00000000
00000000
00000000
00000000
00000000
00000000
00000000
00000000
00000000
00000000
00000000
00000000
00000000
00000000
00000000
00000000
00000000
00000000
00000000
00000000
00000000
00000000
00000000
00000000
00000000
00000000
00000000
00000000
00000000
00000000
00000000
00000000
00000000
00000000
00000000
00000000
00000000
00000000
00000000
00000000
00000000
00000000
00000000
00000000
00000000
00000000
00000000
00000000
00000000
00000000
00000000
00000000
00000000
00000000
00000000
00000000
00000000
00000000
00000000
00000000
00000000
00000000
00000000
00000000
00000000
00000000
00000000
00000000
00000000
00000000
00000000
00000000
00000000
00000000
00000000
00000000
00000000
00000000
00000000
00000000
00000000
00000000
00000000
00000000
00000000
00000000
00000000
00000000
00000000
00000000
00000000
00000000
00000000
00000000
00000000
00000000
00000000
00000000
00000000
00000000
00000000
00000000
00000000
00000000
00000000
00000000
00000000
00000000
00000000
00000000
00000000
00000000
00000000
00000000
00000000
00000000
00000000
00000000
00000000
00000000
00000000
00000000
00000000
00000000
00000000
00000000
00000000
00000000
00000000
00000000
00000000
00000000
00000000
00000000
00000000
00000000
00000000
00000000
00000000
00000000
00000000
00000000
00000000
00000000
00000000
00000000
00000000
00000000
00000000
00000000
00000000
00000000
00000000
00000000
00000000
00000000
00000000
00000000
00000000
00000000
00000000
00000000
00000000
00000000
00000000
00000000
00000000
00000000
00000000
00000000
00000000
00000000
00000000
00000000
00000000
00000000
00000000
00000000
00000000
00000000
00000000
00000000
00000000
00000000
00000000
00000000
00000000
00000000
00000000
00000000
00000000
00000000
00000000
00000000
00000000
00000000
00000000
00000000
00000000
00000000
00000000
00000000
00000000
00000000
00000000
00000000
00000000
00000000
00000000
00000000
00000000
00000000
00000000
00000000
00000000
00000000
00000000
00000000
00000000
00000000
00000000
00000000
00000000
00000000
00000000
00000000
00000000
00000000
00000000
00000000
00000000
00000000
00000000
00000000
00000000
00000000
00000000
00000000
00000000
00000000
00000000
00000000
00000000
00000000
00000000
00000000
00000000
00000000
00000000
00000000
00000000
00000000
00000000
00000000
00000000
00000000
00000000
00000000
00000000
00000000
00000000
00000000
00000000
00000000
00000000
00000000
00000000
00000000
00000000
00000000
00000000
00000000
00000000
00000000
00000000
00000000
00000000
00000000
00000000
00000000
00000000
00000000
00000000
00000000
00000000
00000000
00000000
00000000
00000000
00000000
00000000
00000000
00000000
00000000
00000000
00000000
00000000
00000000
00000000
00000000
00000000
00000000
00000000
00000000
00000000
00000000
00000000
00000000
00000000
00000000
00000000
00000000
00000000
00000000
00000000
00000000
00000000
00000000
00000000
00000000
00000000
00000000
00000000
00000000
00000000
00000000
00000000
00000000
00000000
00000000
00000000
00000000
00000000
00000000
00000000
00000000
00000000
00000000
00000000
00000000
00000000
00000000
00000000
00000000
00000000
00000000
00000000
00000000
00000000
00000000
00000000
00000000
00000000
00000000
00000000
00000000
00000000
00000000
00000000
00000000
00000000
00000000
00000000
00000000
00000000
00000000
00000000
00000000
00000000
00000000
00000000
00000000
00000000
00000000
00000000
00000000
00000000
00000000
00000000
00000000
00000000
00000000
00000000
00000000
00000000
00000000
00000000
00000000
00000000
00000000
00000000
00000000
00000000
00000000
00000000
00000000
00000000
00000000
00000000
00000000
00000000
00000000
00000000
00000000
00000000
00000000
00000000
00000000
00000000
00000000
00000000
00000000
00000000
00000000
00000000
00000000
00000000
00000000
00000000
00000000
00000000
00000000
00000000
00000000
00000000
00000000
00000000
00000000
00000000
00000000
00000000
00000000
00000000
00000000
00000000
00000000
00000000
00000000
00000000
00000000
00000000
00000000
00000000
00000000
00000000
00000000
00000000
00000000
00000000
00000000
00000000
00000000
00000000
00000000
00000000
00000000
00000000
00000000
00000000
00000000
00000000
00000000
00000000
00000000
00000000
00000000
00000000
00000000
00000000
00000000
00000000
00000000
00000000
00000000
00000000
00000000
00000000
00000000
00000000
00000000
00000000
00000000
00000000
00000000
00000000
00000000
00000000
00000000
00000000
00000000
00000000
00000000
00000000
00000000
00000000
00000000
00000000
00000000
00000000
00000000
00000000
00000000
00000000
00000000
00000000
00000000
00000000
00000000
00000000
00000000
00000000
00000000
00000000
00000000
00000000
00000000
00000000
00000000
00000000
00000000
00000000
00000000
00000000
00000000
00000000
00000000
00000000
00000000
00000000
00000000
00000000
00000000
00000000
00000000
00000000
00000000
00000000
00000000
00000000
00000000
00000000
00000000
00000000
00000000
00000000
00000000
00000000
00000000
00000000
00000000
00000000
00000000
00000000
00000000
00000000
00000000
00000000
00000000
00000000
00000000
00000000
00000000
00000000
00000000
00000000
00000000
00000000
00000000
00000000
00000000
00000000
00000000
00000000
00000000
00000000
00000000
00000000
00000000
00000000
00000000
00000000
00000000
00000000
00000000
00000000
00000000
00000000
00000000
00000000
00000000
00000000
00000000
00000000
00000000
00000000
00000000
00000000
00000000
00000000
00000000
00000000
00000000
00000000
00000000
00000000
00000000
00000000
00000000
00000000
00000000
00000000
00000000
00000000
00000000
00000000
00000000
00000000
00000000
00000000
00000000
00000000
00000000
00000000
00000000
00000000
00000000
00000000
00000000
00000000
00000000
00000000
00000000
00000000
00000000
00000000
00000000
00000000
00000000
00000000
00000000
00000000
00000000
00000000
00000000
00000000
00000000
00000000
00000000
00000000
00000000
00000000
00000000
00000000
00000000
00000000
00000000
00000000
00000000
00000000
00000000
00000000
00000000
00000000
00000000
00000000
00000000
00000000
00000000
00000000
00000000
00000000
00000000
00000000
00000000
00000000
00000000
00000000
00000000
00000000
00000000
00000000
00000000
00000000
00000000
00000000
00000000
00000000
00000000
00000000
00000000
00000000
00000000
00000000
00000000
00000000
00000000
00000000
00000000
00000000
00000000
00000000
00000000
00000000
00000000
00000000
00000000
00000000
00000000
00000000
00000000
00000000
00000000
00000000
00000000
00000000
00000000
00000000
00000000
00000000
00000000
00000000
00000000
00000000
00000000
00000000
00000000
00000000
00000000
00000000
00000000
00000000
00000000
00000000
00000000
00000000
00000000
00000000
00000000
00000000
00000000
00000000
00000000
00000000
00000000
00000000
00000000
00000000
00000000
00000000
00000000
00000000
00000000
00000000
00000000
00000000
00000000
00000000
00000000
00000000
00000000
00000000
00000000
00000000
00000000
00000000
00000000
00000000
00000000
00000000
00000000
00000000
00000000
00000000
00000000
00000000
00000000
00000000
00000000
00000000
00000000
00000000
00000000
00000000
00000000
00000000
00000000
00000000
00000000
00000000
00000000
00000000
00000000
00000000
00000000
00000000
00000000
00000000
00000000
00000000
00000000
00000000
00000000
00000000
00000000
00000000
00000000
00000000
00000000
00000000
00000000
00000000
00000000
00000000
00000000
00000000
00000000
00000000
00000000
00000000
00000000
00000000
00000000
00000000
00000000
00000000
00000000
00000000
00000000
00000000
00000000
00000000
00000000
00000000
00000000
00000000
00000000
00000000
00000000
00000000
00000000
00000000
00000000
00000000
00000000
00000000
00000000
00000000
00000000
00000000
00000000
00000000
00000000
00000000
00000000
00000000
00000000
00000000
00000000
00000000
00000000
00000000
00000000
00000000
00000000
00000000
00000000
00000000
00000000
00000000
00000000
00000000
00000000
00000000
00000000
00000000
00000000
00000000
00000000
00000000
00000000
00000000
00000000
00000000
00000000
00000000
00000000
00000000
00000000
00000000
00000000
00000000
00000000
00000000
00000000
00000000
00000000
00000000
00000000
00000000
00000000
00000000
00000000
00000000
00000000
00000000
00000000
00000000
00000000
00000000
00000000
00000000
00000000
00000000
00000000
00000000
00000000
00000000
00000000
00000000
00000000
00000000
00000000
00000000
00000000
00000000
00000000
00000000
00000000
00000000
00000000
00000000
00000000
00000000
00000000
00000000
00000000
00000000
00000000
00000000
00000000
00000000
00000000
00000000
00000000
00000000
00000000
00000000
00000000
00000000
00000000
00000000
00000000
00000000
00000000
00000000
00000000
00000000
00000000
00000000
00000000
00000000
00000000
00000000
00000000
00000000
00000000
00000000
00000000
00000000
00000000
00000000
00000000
00000000
00000000
00000000
00000000
00000000
00000000
00000000
00000000
00000000
00000000
00000000
00000000
00000000
00000000
00000000
00000000
00000000
00000000
00000000
00000000
00000000
00000000
00000000
00000000
00000000
00000000
00000000
00000000
00000000
00000000
00000000
00000000
00000000
00000000
00000000
00000000
00000000
00000000
00000000
00000000
00000000
00000000
00000000
00000000
00000000
00000000
00000000
00000000
00000000
00000000
00000000
00000000
00000000
00000000
00000000
00000000
00000000
00000000
00000000
00000000
00000000
00000000
00000000
00000000
00000000
00000000
00000000
00000000
00000000
00000000
00000000
00000000
00000000
00000000
00000000
00000000
00000000
00000000
00000000
00000000
00000000
00000000
00000000
00000000
00000000
00000000
00000000
00000000
00000000
00000000
00000000
00000000
00000000
00000000
00000000
00000000
00000000
00000000
00000000
00000000
00000000
00000000
00000000
00000000
00000000
00000000
00000000
00000000
00000000
00000000
00000000
00000000
00000000
00000000
00000000
00000000
00000000
00000000
00000000
00000000
00000000
00000000
00000000
00000000
00000000
00000000
00000000
00000000
00000000
00000000
00000000
00000000
00000000
00000000
00000000
00000000
00000000
00000000
00000000
00000000
00000000
00000000
00000000
00000000
00000000
00000000
00000000
00000000
00000000
00000000
00000000
00000000
00000000
00000000
00000000
00000000
00000000
00000000
00000000
00000000
00000000
00000000
00000000
00000000
00000000
00000000
00000000
00000000
00000000
00000000
00000000
00000000
00000000
00000000
00000000
00000000
00000000
00000000
00000000
00000000
00000000
00000000
00000000
00000000
00000000
00000000
00000000
00000000
00000000
00000000
00000000
00000000
00000000
00000000
00000000
00000000
00000000
00000000
00000000
00000000
00000000
00000000
00000000
00000000
00000000
00000000
00000000
00000000
00000000
00000000
00000000
00000000
00000000
00000000
00000000
00000000
00000000
00000000
00000000
00000000
00000000
00000000
00000000
00000000
00000000
00000000
00000000
00000000
00000000
00000000
00000000
00000000
00000000
00000000
00000000
00000000
00000000
00000000
00000000
00000000
00000000
00000000
00000000
00000000
00000000
00000000
00000000
00000000
00000000
00000000
00000000
00000000
00000000
00000000
00000000
00000000
00000000
00000000
00000000
00000000
00000000
00000000
00000000
00000000
00000000
00000000
00000000
00000000
00000000
00000000
00000000
00000000
00000000
00000000
00000000
00000000
00000000
00000000
00000000
00000000
00000000
00000000
00000000
00000000
00000000
00000000
00000000
00000000
00000000
00000000
00000000
00000000
00000000
00000000
00000000
00000000
00000000
00000000
00000000
00000000
00000000
00000000
00000000
00000000
00000000
00000000
00000000
00000000
00000000
00000000
00000000
00000000
00000000
00000000
00000000
00000000
00000000
00000000
00000000
00000000
00000000
00000000
00000000
00000000
00000000
00000000
00000000
00000000
00000000
00000000
00000000
00000000
00000000
00000000
00000000
00000000
00000000
00000000
00000000
00000000
00000000
00000000
00000000
00000000
00000000
00000000
00000000
00000000
00000000
00000000
00000000
00000000
00000000
00000000
00000000
00000000
00000000
00000000
00000000
00000000
00000000
00000000
00000000
00000000
00000000
00000000
00000000
00000000
00000000
00000000
00000000
00000000
00000000
00000000
00000000
00000000
00000000
00000000
00000000
00000000
00000000
00000000
00000000
00000000
00000000
00000000
00000000
00000000
00000000
00000000
00000000
00000000
00000000
00000000
00000000
00000000
00000000
00000000
00000000
00000000
00000000
00000000
00000000
00000000
00000000
00000000
00000000
00000000
00000000
00000000
00000000
00000000
00000000
00000000
00000000
00000000
00000000
00000000
00000000
00000000
00000000
00000000
00000000
00000000
00000000
00000000
00000000
00000000
00000000
00000000
00000000
00000000
00000000
00000000
00000000
00000000
00000000
00000000
00000000
00000000
00000000
00000000
00000000
00000000
00000000
00000000
00000000
00000000
00000000
00000000
00000000
00000000
00000000
00000000
00000000
00000000
00000000
00000000
00000000
00000000
00000000
00000000
00000000
00000000
00000000
00000000
00000000
00000000
00000000
00000000
00000000
00000000
00000000
00000000
00000000
00000000
00000000
00000000
00000000
00000000
00000000
00000000
00000000
00000000
00000000
00000000
00000000
00000000
00000000
00000000
00000000
00000000
00000000
00000000
00000000
00000000
00000000
00000000
00000000
00000000
00000000
00000000
00000000
00000000
00000000
00000000
00000000
00000000
00000000
00000000
00000000
00000000
00000000
00000000
00000000
00000000
00000000
00000000
00000000
00000000
00000000
00000000
00000000
00000000
00000000
00000000
00000000
00000000
00000000
00000000
00000000
00000000
00000000
00000000
00000000
00000000
00000000
00000000
00000000
00000000
00000000
00000000
00000000
00000000
00000000
00000000
00000000
00000000
00000000
00000000
00000000
00000000
00000000
00000000
00000000
00000000
00000000
00000000
00000000
00000000
00000000
00000000
00000000
00000000
00000000
00000000
00000000
00000000
00000000
00000000
00000000
00000000
00000000
00000000
00000000
00000000
00000000
00000000
00000000
00000000
00000000
00000000
00000000
00000000
00000000
00000000
00000000
00000000
00000000
00000000
00000000
00000000
00000000
00000000
00000000
00000000
00000000
00000000
00000000
00000000
00000000
00000000
00000000
00000000
00000000
00000000
00000000
00000000
00000000
00000000
00000000
00000000
00000000
00000000
00000000
00000000
00000000
00000000
00000000
00000000
00000000
00000000
00000000
00000000
00000000
00000000
00000000
00000000
00000000
00000000
00000000
00000000
00000000
00000000
00000000
00000000
00000000
00000000
00000000
00000000
00000000
00000000
00000000
00000000
00000000
00000000
00000000
00000000
00000000
00000000
00000000
0000353e
0000355f
00000000
00000000
0000357d
0000359a
00000000
00000000
000035c2
000035e2
00000000
00000000
00003607
0000361d
00000000
00000000
0000363d
00003658
00000000
00000000
0000367b
000036a1
00000000
00000000
000036bd
000036dc
00000000
00000000
000036fd
0000371c
00000000
00000000
0000373e
00003760
00000000
00000000
0000377c
00003794
00000000
00000000
000037b8
000037d6
00000000
00000000
0000380f
0000382e
00000000
00000000
0000384d
00003873
00000000
00000000
00003910
00003930
00000000
00000000
00000000
00000000
00000000
00000000
00000000
00000000
00000000
00000000
00003100
0000310a
00003118
00003125
00003132
00003141
0000315c
00003171
00003187
000031c2
000031d2
000031e5
00003221
00003248
00003251
00003258
00003277
000032bd
000032d4
000032ed
00003304
0000331c
00003330
0000333d
0000334a
0000335a
00003367
00003372
000033a2
000033df
000033f1
00003407
0000341c
0000343b
00003453
0000346f
00003486
000034ad
000034d1
00003506
00003528
0000237b
00002384
0000239b
000023a4
000023ae
000023b1
000023b7
000023bf
000023c4
000023c9
000023ce
000023d0
000023d2
000023d4
000023d8
000023dc
000023e1
000023e7
000023ec
00000000
00000000
00000000
00000000
00000000
00000000
00000000
00000000
00000000
00000000
00000000
00000000
00000000
00000000
00000000
00000000
00000000
00000000
00000000
00000000
00000000
00000000
00000000
00000000
00000000
00000000
00000000
00000000
00000000
00000000
00000000
00000000
00000000
00000000
00000000
00000000
00000000
00000000
00000000
00000000
00000000
00000000
00000000
00000000
00000000
00000000
00000000
00000000
00000000
00000000
00000000
00000000
00000000
00000000
00000000
00000000
00000000
00000000
00000000
00000000
00000000
00000000
00000000
00000000
00000000
00000000
00000000
00000000
00000000
00000000
00000000
00000000
00000000
00000000
00000000
00000000
00000000
00000000
00000000
00000000
00000000
00000000
00000000
00000000
00000000
00000000
00000000
00000000
00000000
00000000
00000000
00000000
00000000
00000000
00000000
00000000
00000000
00000000
00000000
00000000
00000000
00000000
00000000
00000000
00000000
00000000
00000000
00000000
00000000
00000000
00000000
00000000
00000000
00000000
00000000
00000000
00000000
00000000
00000000
00000000
00000000
00000000
00000000
00000000
00000000
00000000
00000000
00000000
00000000
00000000
00000000
00000000
00000054
0000004f
0000004d
00000041
00000054
0000004f
00000020
0000004f
00000053
00000000
00000047
00000068
00000061
0000006e
00000061
00000020
00000045
00000064
00000069
00000074
00000069
0000006f
0000006e
00000000
00000044
00000065
00000073
0000006b
00000074
0000006f
00000070
00000020
00000076
00000031
0000002e
00000032
00000000
00000041
00000050
00000050
0000004c
00000049
00000043
00000041
00000054
00000049
0000004f
0000004e
00000053
00000000
00000054
00000079
00000072
0000006f
0000006e
00000065
00000020
0000004d
00000061
00000072
00000068
00000067
00000075
00000079
00000000
00000055
0000006e
00000069
00000076
00000065
00000072
00000073
00000069
00000074
00000079
00000020
0000006f
00000066
00000020
00000050
00000065
0000006e
0000006e
00000073
00000079
0000006c
00000076
00000061
0000006e
00000069
00000061
00000000
00000053
00000045
0000004c
00000045
00000043
00000054
00000045
00000044
00000020
00000041
00000050
00000050
0000004c
00000049
00000043
00000041
00000054
00000049
0000004f
0000004e
00000000
00000045
0000004e
00000054
00000045
00000052
00000020
0000002f
00000020
00000052
00000049
00000047
00000048
00000054
00000020
00000074
0000006f
00000020
0000006f
00000070
00000065
0000006e
00000000
00000055
00000050
0000002f
00000044
0000004f
00000057
0000004e
00000020
00000063
00000068
0000006f
0000006f
00000073
00000065
00000020
00000020
00000020
00000020
00000045
0000004e
00000054
00000045
00000052
0000002f
00000052
00000049
00000047
00000048
00000054
00000020
0000006f
00000070
00000065
0000006e
00000020
00000020
00000020
00000020
00000033
00000032
0000002d
00000062
00000069
00000074
00000020
00000054
0000006f
0000006d
00000061
00000074
0000006f
00000020
0000002f
00000020
00000046
00000050
00000047
00000041
00000000
00000054
0000006f
0000006d
00000061
00000074
0000006f
00000020
00000061
00000073
00000073
00000065
0000006d
00000062
0000006c
00000079
00000000
00000047
00000048
00000041
0000004e
00000041
00000020
0000002f
00000020
00000042
0000004c
00000041
00000043
0000004b
00000020
00000053
00000054
00000041
00000052
00000000
00000047
00000068
00000061
0000006e
00000061
0000002d
00000069
0000006e
00000073
00000070
00000069
00000072
00000065
00000064
00000020
00000061
00000072
00000074
00000077
0000006f
00000072
0000006b
00000020
0000002f
00000020
00000033
00000032
00000030
00000078
00000032
00000034
00000030
00000020
00000052
00000047
00000042
00000034
00000034
00000034
00000020
00000062
00000069
00000074
0000006d
00000061
00000070
00000020
0000002f
00000020
00000032
00000078
00000020
00000073
00000063
00000061
0000006e
0000006f
00000075
00000074
00000000
00000045
0000004e
00000054
00000045
00000052
00000020
0000006f
00000072
00000020
0000004c
00000045
00000046
00000054
00000020
00000072
00000065
00000074
00000075
00000072
0000006e
00000073
00000020
00000074
0000006f
00000020
00000074
00000068
00000065
00000020
00000077
0000006f
00000072
0000006b
00000073
00000070
00000061
00000063
00000065
00000000
00000020
00000053
00000055
00000044
0000004f
0000004b
00000055
00000020
00000000
00000053
00000075
00000064
0000006f
0000006b
00000075
00000000
00000046
00000069
0000006c
0000006c
00000020
00000065
00000061
00000063
00000068
00000020
00000072
0000006f
00000077
0000002c
00000020
00000063
0000006f
0000006c
00000075
0000006d
0000006e
00000020
00000061
0000006e
00000064
00000020
00000062
0000006f
00000078
0000002e
00000000
00000041
00000072
00000072
0000006f
00000077
00000073
00000020
0000006d
0000006f
00000076
00000065
00000020
00000020
00000020
00000045
0000004e
00000054
00000045
00000052
00000020
00000063
00000079
00000063
0000006c
00000065
00000073
00000020
00000031
0000002d
00000039
0000002c
00000020
00000074
00000068
00000065
0000006e
00000020
00000062
0000006c
00000061
0000006e
0000006b
00000020
00000020
00000020
00000044
0000004f
00000057
0000004e
00000020
00000062
00000065
0000006c
0000006f
00000077
00000020
00000067
00000072
00000069
00000064
0000003a
00000020
00000061
00000063
00000074
00000069
0000006f
0000006e
00000073
00000000
00000047
0000006f
0000006c
00000064
00000020
00000064
00000069
00000067
00000069
00000074
00000073
00000020
00000061
00000072
00000065
00000020
00000066
00000069
00000078
00000065
00000064
0000002e
00000000
00000045
0000004e
00000054
00000045
00000052
0000003a
00000020
00000031
0000002c
00000020
00000032
00000020
0000002e
0000002e
0000002e
00000020
00000039
0000002c
00000020
00000062
0000006c
00000061
0000006e
0000006b
00000000
00000042
0000006c
00000061
0000006e
0000006b
00000020
00000063
0000006c
00000065
00000061
00000072
00000073
00000020
00000074
00000068
00000065
00000020
00000063
00000065
0000006c
0000006c
0000002e
00000000
00000055
00000050
00000020
00000072
00000065
00000074
00000075
00000072
0000006e
00000073
00000020
00000074
0000006f
00000020
00000074
00000068
00000065
00000020
00000067
00000072
00000069
00000064
0000002e
00000000
00000020
00000042
00000061
00000063
0000006b
00000020
00000074
0000006f
00000020
00000077
0000006f
00000072
0000006b
00000073
00000070
00000061
00000063
00000065
00000020
00000000
00000020
0000004e
00000065
00000077
00000020
00000070
00000075
0000007a
0000007a
0000006c
00000065
00000020
00000000
00000043
00000045
0000004c
0000004c
00000053
00000020
00000046
00000049
0000004c
0000004c
00000045
00000044
00000000
00000050
00000055
0000005a
0000005a
0000004c
00000045
00000020
00000043
0000004f
0000004d
00000050
0000004c
00000045
00000054
00000045
00000000
00000020
00000041
0000004c
00000055
00000020
00000053
00000054
00000055
00000044
00000049
0000004f
00000020
00000000
00000041
0000004c
00000055
00000020
00000053
00000074
00000075
00000064
00000069
0000006f
00000000
00000041
00000063
00000074
00000075
00000061
0000006c
00000020
00000063
00000075
00000073
00000074
0000006f
0000006d
00000020
00000069
0000006e
00000073
00000074
00000072
00000075
00000063
00000074
00000069
0000006f
0000006e
00000073
00000020
00000072
00000075
0000006e
0000006e
00000069
0000006e
00000067
00000020
0000006f
0000006e
00000020
00000074
00000068
00000069
00000073
00000020
00000043
00000050
00000055
0000002e
00000000
00000055
00000050
0000002f
00000044
0000004f
00000057
0000004e
00000020
00000063
00000068
00000061
0000006e
00000067
00000065
00000020
00000041
00000020
00000020
00000020
00000052
00000049
00000047
00000048
00000054
00000020
00000063
00000068
00000061
0000006e
00000067
00000065
00000073
00000020
0000006f
00000070
00000065
00000072
00000061
00000074
00000069
0000006f
0000006e
00000020
00000020
00000020
00000045
0000004e
00000054
00000045
00000052
0000002f
0000004c
00000045
00000046
00000054
00000020
00000062
00000061
00000063
0000006b
00000000
00000049
0000004e
00000050
00000055
00000054
00000053
00000020
00000020
00000041
00000020
0000002f
00000020
00000042
00000020
0000002f
00000020
00000043
00000000
0000004d
00000041
00000053
0000004b
00000041
00000044
00000044
00000020
0000002f
00000020
00000041
00000020
0000002b
00000020
00000028
00000042
00000020
00000026
00000020
00000043
00000029
00000000
00000058
0000004f
00000052
00000041
0000004e
00000044
00000020
0000002f
00000020
00000058
0000004f
00000052
00000033
00000020
0000002b
00000020
00000041
0000004e
00000044
00000033
00000000
00000054
0000004f
0000004d
00000041
00000054
0000004f
00000020
0000002f
00000020
0000004f
0000004e
00000045
00000020
00000041
0000004c
00000055
00000020
00000045
00000058
00000045
00000043
00000055
00000054
00000045
00000020
00000043
00000059
00000043
0000004c
00000045
00000000
00000052
00000045
00000046
00000045
00000052
00000045
0000004e
00000043
00000045
00000020
0000002f
00000020
00000053
00000041
0000004d
00000045
00000020
00000052
00000045
00000053
00000055
0000004c
00000054
00000000
0000004d
00000041
00000054
00000043
00000048
00000020
0000002f
00000020
00000063
00000068
00000065
00000063
0000006b
00000065
00000064
00000020
0000006f
0000006e
00000020
00000074
00000068
00000069
00000073
00000020
00000043
00000050
00000055
00000000
0000004d
00000049
00000053
0000004d
00000041
00000054
00000043
00000048
00000020
0000002f
00000020
00000069
0000006e
00000076
00000065
00000073
00000074
00000069
00000067
00000061
00000074
00000065
00000000
00000042
00000061
00000073
00000065
00000020
00000052
00000056
00000033
00000032
00000049
0000003a
00000020
00000041
0000004e
00000044
00000020
0000002b
00000020
00000041
00000044
00000044
00000020
0000003d
00000020
00000032
00000020
00000069
0000006e
00000073
00000074
00000072
00000075
00000063
00000074
00000069
0000006f
0000006e
00000073
00000000
00000042
00000061
00000073
00000065
00000020
00000052
00000056
00000033
00000032
00000049
0000003a
00000020
00000032
00000020
00000058
0000004f
00000052
00000020
0000002b
00000020
00000032
00000020
00000041
0000004e
00000044
00000020
0000002b
00000020
00000041
00000044
00000044
00000020
0000003d
00000020
00000035
00000000
00000043
0000006f
00000075
0000006e
00000074
00000073
00000020
00000065
00000078
00000063
0000006c
00000075
00000064
00000065
00000020
0000006c
0000006f
00000061
00000064
00000073
00000020
00000061
0000006e
00000064
00000020
00000055
00000049
0000002e
00000020
0000004e
0000006f
00000074
00000020
00000061
00000020
00000074
00000069
0000006d
00000069
0000006e
00000067
00000020
00000062
00000065
0000006e
00000063
00000068
0000006d
00000061
00000072
0000006b
0000002e
00000000
00000046
00000028
00000041
0000002c
00000042
0000002c
00000043
00000029
00000020
0000002b
00000020
00000047
00000028
00000041
0000002c
00000042
0000002c
00000043
00000029
00000020
0000002d
0000003e
00000020
00000033
00000032
0000002d
00000062
00000069
00000074
00000020
00000073
00000075
0000006d
00000000
00000041
00000072
00000072
0000006f
00000077
00000073
00000020
00000073
00000065
0000006c
00000065
00000063
00000074
00000020
00000061
00000020
00000063
00000065
0000006c
0000006c
0000002e
00000000
00000049
0000006e
00000073
00000069
00000064
00000065
00000020
00000074
00000068
00000065
00000020
00000072
00000075
0000006e
0000006e
00000069
0000006e
00000067
00000020
00000061
00000072
00000063
00000068
00000069
00000074
00000065
00000063
00000074
00000075
00000072
00000065
0000002e
00000000
00000052
00000065
00000067
00000069
00000073
00000074
00000065
00000072
00000073
0000002c
00000020
0000006c
0000006f
00000067
00000069
00000063
00000020
00000061
0000006e
00000064
00000020
00000063
0000006f
0000006e
00000074
00000072
0000006f
0000006c
0000002e
00000000
00000054
00000068
00000072
00000065
00000065
00000020
00000074
00000065
00000072
0000006d
00000073
00000020
00000062
00000065
00000063
0000006f
0000006d
00000065
00000020
00000074
00000068
00000065
00000020
0000006e
00000065
00000078
00000074
0000002e
00000000
00000045
00000078
00000070
0000006c
0000006f
00000072
00000065
00000020
00000054
00000072
00000069
00000062
0000006f
0000006e
00000061
00000063
00000063
00000069
0000002c
00000020
0000006f
0000006e
00000065
00000020
00000073
00000074
00000065
00000070
00000020
00000061
00000074
00000020
00000061
00000020
00000074
00000069
0000006d
00000065
0000002e
00000000
00000054
00000068
00000065
00000020
00000062
00000075
00000069
0000006c
00000064
00000069
0000006e
00000067
00000020
00000062
0000006c
0000006f
00000063
0000006b
00000073
00000020
0000006f
00000066
00000020
00000074
00000068
00000069
00000073
00000020
00000055
00000049
0000002e
00000000
0000004c
00000065
00000074
00000074
00000065
00000072
00000073
0000002c
00000020
00000073
00000079
0000006d
00000062
0000006f
0000006c
00000073
00000020
00000061
0000006e
00000064
00000020
00000064
00000072
00000061
00000077
00000069
0000006e
00000067
00000020
00000067
0000006c
00000079
00000070
00000068
00000073
0000002e
00000000
0000004f
0000006e
00000065
00000020
00000070
00000072
00000065
00000073
00000073
0000002e
00000020
0000004f
0000006e
00000065
00000020
00000065
00000076
00000065
0000006e
00000074
0000002e
00000000
00000054
00000065
00000073
00000074
00000020
00000061
0000006c
0000006c
00000020
00000066
00000069
00000076
00000065
00000020
00000070
00000068
00000079
00000073
00000069
00000063
00000061
0000006c
00000020
00000062
00000075
00000074
00000074
0000006f
0000006e
00000073
0000002e
00000000
00000041
00000020
00000073
00000065
00000071
00000075
00000065
0000006e
00000063
00000065
0000002c
00000020
00000063
0000006f
0000006d
00000070
00000075
00000074
00000065
00000064
00000020
0000006c
00000069
00000076
00000065
0000002e
00000000
00000043
00000068
00000061
0000006e
00000067
00000065
00000020
00000074
00000068
00000065
00000020
00000074
00000065
00000072
0000006d
0000002e
00000020
00000057
00000061
00000074
00000063
00000068
00000020
00000074
00000068
00000065
00000020
00000072
00000065
00000073
00000075
0000006c
00000074
0000002e
00000000
00000053
0000006e
00000061
0000006b
00000065
00000020
0000002f
00000020
00000063
0000006f
0000006c
0000006c
00000065
00000063
00000074
00000020
00000066
0000006f
0000006f
00000064
00000020
00000061
0000006e
00000064
00000020
00000061
00000076
0000006f
00000069
00000064
00000020
00000077
00000061
0000006c
0000006c
00000073
0000002e
00000000
00000041
00000072
00000072
0000006f
00000077
00000073
00000020
00000073
00000074
00000065
00000065
00000072
0000002e
00000020
00000045
0000004e
00000054
00000045
00000052
00000020
0000006c
00000065
00000061
00000076
00000065
00000073
0000002e
00000000
00000054
00000065
00000074
00000072
00000069
00000073
00000020
0000002f
00000020
00000073
00000074
00000061
00000063
0000006b
00000020
00000061
0000006e
00000064
00000020
00000063
0000006c
00000065
00000061
00000072
00000020
00000072
0000006f
00000077
00000073
0000002e
00000000
0000004d
0000006f
00000076
00000065
0000002c
00000020
00000072
0000006f
00000074
00000061
00000074
00000065
00000020
00000061
0000006e
00000064
00000020
00000063
0000006c
00000065
00000061
00000072
00000020
00000074
00000068
00000065
00000020
00000077
00000065
0000006c
0000006c
0000002e
00000000
00000054
00000068
00000065
00000020
00000073
00000074
0000006f
00000072
00000079
00000020
00000062
00000065
00000068
00000069
0000006e
00000064
00000020
00000074
00000068
00000069
00000073
00000020
0000006d
00000061
00000063
00000068
00000069
0000006e
00000065
0000002e
00000000
00000046
00000072
0000006f
0000006d
00000020
0000006c
0000006f
00000067
00000069
00000063
00000020
00000074
0000006f
00000020
00000061
00000020
00000072
00000075
0000006e
0000006e
00000069
0000006e
00000067
00000020
00000063
0000006f
0000006d
00000070
00000075
00000074
00000065
00000072
0000002e
00000000
00000041
00000020
00000074
0000006f
00000075
00000072
00000020
0000006f
00000066
00000020
00000074
00000068
00000065
00000020
00000077
0000006f
00000072
00000064
0000002d
00000061
00000064
00000064
00000072
00000065
00000073
00000073
00000065
00000064
00000020
00000062
00000075
00000073
0000002e
00000000
0000004d
00000065
0000006d
0000006f
00000072
00000079
0000002c
00000020
00000067
00000072
00000061
00000070
00000068
00000069
00000063
00000073
00000020
00000061
0000006e
00000064
00000020
00000069
0000006e
00000070
00000075
00000074
0000002e
00000000
00000053
00000075
00000064
0000006f
0000006b
00000075
00000020
0000004d
00000061
0000006b
00000065
00000020
00000069
00000074
00000020
00000061
0000006c
0000006c
00000020
00000066
00000069
00000074
0000002e
00000000
00000043
00000079
00000063
0000006c
00000065
00000020
00000064
00000069
00000067
00000069
00000074
00000073
0000003b
00000020
00000063
0000006f
0000006e
00000066
0000006c
00000069
00000063
00000074
00000073
00000020
00000061
00000072
00000065
00000020
0000006d
00000061
00000072
0000006b
00000065
00000064
0000002e
00000000
00000043
0000006f
0000006d
00000070
0000006f
00000075
0000006e
00000064
00000020
0000006c
0000006f
00000067
00000069
00000063
0000002e
00000020
0000004f
0000006e
00000065
00000020
00000041
0000004c
00000055
00000020
00000070
00000061
00000073
00000073
0000002e
00000000
00000045
00000078
00000065
00000063
00000075
00000074
00000065
00000020
00000061
0000006e
00000064
00000020
00000063
00000068
00000065
00000063
0000006b
00000020
00000063
00000075
00000073
00000074
0000006f
0000006d
00000020
0000006f
00000070
00000063
0000006f
00000064
00000065
00000073
0000002e
00000000
00000043
0000006f
0000006e
00000066
0000006c
00000069
00000063
00000074
00000020
00000069
0000006e
00000020
00000074
00000068
00000069
00000073
00000020
00000063
00000065
0000006c
0000006c
0000002e
00000000
00000052
00000061
00000063
00000065
00000072
00000020
0000002f
00000020
00000073
00000074
00000065
00000065
00000072
00000020
00000074
00000068
00000072
0000006f
00000075
00000067
00000068
00000020
00000074
00000072
00000061
00000066
00000066
00000069
00000063
0000002e
00000000
0000004c
00000045
00000046
00000054
0000002f
00000052
00000049
00000047
00000048
00000054
00000020
00000073
00000074
00000065
00000065
00000072
0000002e
00000020
00000045
0000004e
00000054
00000045
00000052
00000020
00000065
00000078
00000069
00000074
00000073
0000002e
00000000
00000043
0000006f
00000075
0000006e
00000074
00000065
00000072
00000020
00000046
00000053
0000004d
0000002e
00000020
00000053
00000077
00000065
00000065
00000070
00000020
00000044
00000075
00000061
0000006c
0000002d
0000004c
00000055
00000054
00000020
00000070
00000072
0000006f
00000067
00000072
00000061
0000006d
00000073
0000002e
00000000
00000048
0000006f
0000006c
00000064
00000020
0000006f
00000070
00000063
0000006f
00000064
00000065
00000073
0000002e
00000020
00000054
0000006f
00000067
00000067
0000006c
00000065
00000020
00000041
0000002c
00000042
0000002c
00000043
0000002e
00000020
00000052
00000065
00000073
00000065
00000074
00000020
00000063
0000006f
00000075
0000006e
00000074
00000065
00000072
0000002e
00000000
00000020
00000052
00000041
00000043
00000045
00000052
00000020
00000000
0000004c
00000045
00000046
00000054
0000002f
00000052
00000049
00000047
00000048
00000054
00000020
00000073
00000074
00000065
00000065
00000072
00000020
00000020
00000020
00000055
00000050
00000020
00000061
00000064
00000076
00000061
0000006e
00000063
00000065
00000073
00000020
00000074
00000072
00000061
00000066
00000066
00000069
00000063
00000020
00000020
00000020
00000045
0000004e
00000054
00000045
00000052
00000020
00000065
00000078
00000069
00000074
00000073
00000000
00000043
00000052
00000041
00000053
00000048
00000000
00000043
00000041
00000052
00000053
00000020
00000050
00000041
00000053
00000053
00000045
00000044
00000000
00000000
00000000
00000000
00000000
00000000
00000000
00000000
00000000
00000000
00000000
00000000
00000000
00000000
00000000
00000000
00000000
00000000
00000000
00000000
00000045
0000006e
00000076
00000065
0000006c
0000006f
00000070
00000000
00000000
00000000
00000000
00000000
00000000
00000000
00000000
00000000
00000043
0000006f
0000006e
00000074
00000061
00000063
00000074
00000073
00000020
00000061
0000006e
00000064
00000020
00000042
0000004c
00000045
00000020
00000063
00000068
00000061
00000074
0000002e
00000000
00000000
00000000
00000000
00000000
00000000
00000000
00000000
00000000
00000000
00000059
0000006f
00000075
00000072
00000020
00000070
00000068
0000006f
0000006e
00000065
00000020
00000062
00000072
00000069
00000064
00000067
00000065
00000073
00000020
00000054
0000006f
0000006d
00000061
00000074
0000006f
00000020
00000074
0000006f
00000020
00000045
0000006e
00000076
00000065
0000006c
0000006f
00000070
0000002e
00000000
00000000
00000000
00000000
00000000
00000000
00000000
00000000
00000000
00000000
00000000
00000000
00000000
00000000
00000000
00000000
00000000
00000000
00000000
00000000
00000000
00000000
00000000
00000000
00000000
00000000
00000000
00000000
00000000
00000000
00000000
00000000
00000000
00000000
00000000
00000000
00000000
00000000
00000000
00000000
00000000
00000000
00000000
00000000
00000000
00000000
00000000
00000000
00000000
00000000
00000000
00000000
00000000
00000000
00000000
00000000
00000000
00000000
00000000
00000000
00000000
00000000
00000000
00000000
00000000
00000000
00000000
00000000
00000000
00000000
00000000
00000000
00000000
00000000
00000000
00000000
00000000
00000000
00000000
00000000
00000000
00000000
00000000
00000000
00000000
00000000
00000000
00000000
00000000
00000000
00000000
00000000
00000000
00000000
00000000
00000000
00000000
00000000
00000000
00000000
00000000
00000000
00000000
00000000
00000000
00000000
00000000
00000000
00000000
00000000
00000000
00000000
00000000
00000000
00000000
00000000
00000000
00000000
00000000
00000000
00000000
00000000
00000000
00000000
00000000
00000000
00000000
00000000
00000000
00000000
00000000
00000000
00000000
00000000
00000000
00000000
00000000
00000000
00000000
00000000
00000000
00000000
00000000
00000000
00000000
00000000
00000000
00000000
00000000
00000000
00000000
00000000
00000000
00000000
00000000
00000000
00000000
00000000
00000000
00000000
00000000
00000000
00000000
00000000
00000000
00000000
00000000
00000000
00000000
00000000
00000000
00000001
00000006
00000000
00000000
00000000
00000000
00000000
00000000
00000000
00000000
00000000
00000000
00000000
00000000
00000000
00000000
00000000
00000000
00000000
00000000
00000000
00000000
00000000
00000000
00000000
00000000
00000000
00000000
00000000
00000000
00000000
00000000
00000001
00000006
00000000
00000000
00000000
00000000
00000000
00000000
00000000
00000000
00000000
00000000
00000000
00000000
00000000
00000000
00000000
00000000
00000000
00000000
00000000
00000000
00000000
00000000
00000000
00000000
00000000
00000000
00000000
00000000
00000000
00000000
00000001
00000006
00000000
00000000
00000000
00000000
00000000
00000000
00000000
00000000
00000000
00000000
00000000
00000000
00000000
00000000
00000000
00000000
00000000
00000000
00000000
00000000
00000000
00000000
00000000
00000000
00000000
00000000
00000000
00000000
00000000
00000000
00000001
00000006
00000000
00000000
00000000
00000000
00000000
00000000
00000000
00000000
00000000
00000000
00000000
00000000
00000000
00000000
00000000
00000000
00000000
00000000
00000000
00000000
00000000
00000000
00000000
00000000
00000000
00000000
00000000
00000000
00000000
00000000
00000001
00000006
00000000
00000000
00000000
00000000
00000000
00000000
00000000
00000000
00000000
00000000
00000000
00000000
00000000
00000000
00000000
00000000
00000000
00000000
00000000
00000000
00000000
00000000
00000000
00000000
00000000
00000000
00000000
00000000
00000000
00000000
00000001
00000006
00000000
00000000
00000000
00000000
00000000
00000000
00000000
00000000
00000000
00000000
00000000
00000000
00000000
00000000
00000000
00000000
00000000
00000000
00000000
00000000
00000000
00000000
00000000
00000000
00000000
00000000
00000000
00000000
00000000
00000000
00000001
00000006
00000000
00000000
00000000
00000000
00000000
00000000
00000000
00000000
00000000
00000000
00000000
00000000
00000000
00000000
00000000
00000000
00000000
00000000
00000000
00000000
00000000
00000000
00000000
00000000
00000000
00000000
00000000
00000000
00000000
00000000
00000001
00000006
00000000
00000000
00000000
00000000
00000000
00000000
00000000
00000000
00000000
00000000
00000000
00000000
00000000
00000000
00000000
00000000
00000000
00000000
00000000
00000000
00000000
00000000
00000000
00000000
00000000
00000000
00000000
00000000
00000000
00000000
00000001
00000006
00000000
00000000
00000000
00000000
00000000
00000000
00000000
00000000
00000000
00000000
00000000
00000000
00000000
00000000
00000000
00000000
00000000
00000000
00000000
00000000
00000000
00000000
00000000
00000000
00000000
00000000
00000000
00000000
00000000
00000000
00000001
00000006
00000000
00000000
00000000
00000000
00000000
00000000
00000000
00000000
00000000
00000000
00000000
00000000
00000000
00000000
00000000
00000000
00000000
00000000
00000000
00000000
00000000
00000000
00000000
00000000
00000000
00000000
00000000
00000000
00000000
00000000
00000001
00000006
00000000
00000000
00000000
00000000
00000000
00000000
00000000
00000000
00000000
00000000
00000000
00000000
00000000
00000000
00000000
00000000
00000000
00000000
00000000
00000000
00000000
00000000
00000000
00000000
00000000
00000000
00000000
00000000
00000000
00000000
00000001
00000006
00000000
00000000
00000000
00000000
00000000
00000000
00000000
00000000
00000000
00000000
00000000
00000000
00000000
00000000
00000000
00000000
00000000
00000000
00000000
00000000
00000000
00000000
00000000
00000000
00000000
00000000
00000000
00000000
00000000
00000000
00000001
00000006
00000000
00000000
00000000
00000000
00000000
00000000
00000000
00000000
00000000
00000000
00000000
00000000
00000000
00000000
00000000
00000000
00000000
00000000
00000000
00000000
00000000
00000000
00000000
00000000
00000000
00000000
00000000
00000000
00000000
00000000
00000001
00000006
00000000
00000000
00000000
00000000
00000000
00000000
00000000
00000000
00000000
00000000
00000000
00000000
00000000
00000000
00000000
00000000
00000000
00000000
00000000
00000000
00000000
00000000
00000000
00000000
00000000
00000000
00000000
00000000
00000000
00000000
00000001
00000006
00000000
00000000
00000000
00000000
00000000
00000000
00000000
00000000
00000000
00000000
00000000
00000000
00000000
00000000
00000000
00000000
00000000
00000000
00000000
00000000
00000000
00000000
00000000
00000000
00000000
00000000
00000000
00000000
00000000
00000000
00000001
00000006
00000000
00000000
00000000
00000000
00000000
00000000
00000000
00000000
00000000
00000000
00000000
00000000
00000000
00000000
00000000
00000000
00000000
00000000
00000000
00000000
00000000
00000000
00000000
00000000
00000000
00000000
00000000
00000000
00000000
00000000
00000001
00000006
00000000
00000000
00000000
00000000
00000000
00000000
00000000
00000000
00000000
00000000
00000000
00000000
00000000
00000000
00000000
00000000
00000000
00000000
00000000
00000000
00000000
00000000
00000000
00000000
00000000
00000000
00000000
00000000
00000000
00000000
00000001
00000006
00000000
00000000
00000000
00000000
00000000
00000000
00000000
00000000
00000000
00000000
00000000
00000000
00000000
00000000
00000000
00000000
00000000
00000000
00000000
00000000
00000000
00000000
00000000
00000000
00000000
00000000
00000000
00000000
00000000
00000000
00000001
00000006
00000000
00000000
00000000
00000000
00000000
00000000
00000000
00000000
00000000
00000000
00000000
00000000
00000000
00000000
00000000
00000000
00000000
00000000
00000000
00000000
00000000
00000000
00000000
00000000
00000000
00000000
00000000
00000000
00000000
00000000
00000001
00000006
00000000
00000000
00000000
00000000
00000000
00000000
00000000
00000000
00000000
00000000
00000000
00000000
00000000
00000000
00000000
00000000
00000000
00000000
00000000
00000000
00000000
00000000
00000000
00000000
00000000
00000000
00000000
00000000
00000000
00000000
00000001
00000006
00000000
00000000
00000000
00000000
00000000
00000000
00000000
00000000
00000000
00000000
00000000
00000000
00000000
00000000
00000000
00000000
00000000
00000000
00000000
00000000
00000000
00000000
00000000
00000000
00000000
00000000
00000000
00000000
00000000
00000000
00000000
00000000
00000000
00000000
00000000
00000000
00000000
00000000
00000000
00000000
00000000
00000000
00000000
00000000
00000000
00000000
00000000
00000000
00000000
00000000
00000000
00000000
00000000
00000000
00000000
00000000
00000000
00000000
00000000
00000000
00000000
00000000
00000000
00000000
00000000
00000000
00000000
00000000
00000000
00000000
00000000
00000000
00000000
00000000
00000000
00000000
00000000
00000000
00000000
00000000
00000000
00000000
00000000
00000000
00000000
00000000
00000000
00000000
00000000
00000000
00000000
00000000
00000000
00000000
00000000
00000000
00000000
00000000
00000000
00000000
00000000
00000000
00000000
00000000
00000000
00000000
00000000
00000000
00000000
00000000
00000000
00000000
00000000
00000000
00000000
00000000
00000000
00000000
00000000
00000000
00000000
00000000
00000000
00000000
00000000
00000000
00003d10
00003d18
00003d27
00003d35
00003d45
00003d53
00003d68
00003d71
00003d90
00003d99
00003d9d
00003da5
00003db0
00003dca
00003df4
00003e30
00000045
0000006e
00000076
00000065
0000006c
0000006f
00000070
00000000
00000042
00000072
00000069
00000064
00000067
00000065
00000020
0000006f
00000066
00000066
0000006c
00000069
0000006e
00000065
00000000
00000042
0000004c
00000045
00000020
00000063
0000006f
0000006e
0000006e
00000065
00000063
00000074
00000065
00000064
00000000
00000042
00000072
00000069
00000064
00000067
00000065
00000020
00000076
00000065
00000072
00000069
00000066
00000069
00000065
00000064
00000000
00000042
00000072
00000069
00000064
00000067
00000065
00000020
0000006f
0000006e
0000006c
00000069
0000006e
00000065
00000000
00000052
00000061
00000064
00000069
0000006f
00000020
00000065
00000072
00000072
0000006f
00000072
00000020
0000002d
00000020
00000072
00000065
0000006f
00000070
00000065
0000006e
00000000
00000043
0000004f
0000004e
00000054
00000041
00000043
00000054
00000053
00000000
00000043
0000006f
0000006e
0000006e
00000065
00000063
00000074
00000020
00000045
0000006e
00000076
00000065
0000006c
0000006f
00000070
00000020
0000006f
0000006e
00000020
00000079
0000006f
00000075
00000072
00000020
00000070
00000068
0000006f
0000006e
00000065
0000002e
00000000
00000052
00000045
00000043
00000045
00000049
00000056
00000045
00000044
00000000
00000059
0000004f
00000055
00000000
0000004d
00000045
00000053
00000053
00000041
00000047
00000045
00000000
00000043
00000068
00000061
00000072
00000061
00000063
00000074
00000065
00000072
0000003a
00000000
00000057
00000061
00000069
00000074
00000069
0000006e
00000067
00000020
00000066
0000006f
00000072
00000020
00000073
00000065
00000072
00000076
00000065
00000072
00000020
00000041
00000043
0000004b
0000002e
0000002e
0000002e
00000000
00000055
00000050
0000002f
00000044
0000004f
00000057
0000004e
00000020
00000063
0000006f
0000006e
00000074
00000061
00000063
00000074
00000020
00000020
00000020
00000043
00000045
0000004e
00000054
00000045
00000052
00000020
00000063
00000068
00000061
00000074
00000020
00000020
00000020
0000004c
00000045
00000046
00000054
00000020
00000065
00000078
00000069
00000074
00000000
00000055
00000050
0000002f
00000044
0000004f
00000057
0000004e
00000020
00000063
00000068
00000061
00000072
00000061
00000063
00000074
00000065
00000072
00000020
00000020
00000020
00000043
00000045
0000004e
00000054
00000045
00000052
00000020
00000061
00000064
00000064
00000020
00000020
00000020
00000052
00000049
00000047
00000048
00000054
00000020
00000073
00000065
0000006e
00000064
00000020
00000020
00000020
0000004c
00000045
00000046
00000054
00000020
00000063
0000006f
0000006e
00000074
00000061
00000063
00000074
00000073
00000000
00000034
00000030
00000020
00000063
00000068
00000061
00000072
00000061
00000063
00000074
00000065
00000072
00000073
00000020
00000020
00000020
0000003c
00000020
0000003d
00000020
00000064
00000065
0000006c
00000065
00000074
00000065
00000020
00000020
00000020
0000004b
00000065
00000065
00000070
00000020
00000074
00000068
00000069
00000073
00000020
00000061
00000070
00000070
00000020
0000006f
00000070
00000065
0000006e
00000020
00000066
0000006f
00000072
00000020
00000042
0000006c
00000075
00000065
00000074
0000006f
0000006f
00000074
00000068
00000000
00000000
00000000
00000000
00000000
00000000
00000000
00000000
00000000
00000000
00000000
00000000
00000000
00000000
00000000
00000000
00000000
00000000
00000000
00000000
00000000
00000000
00000000
00000000
00000000
00000000
00000000
00000000
00000000
00000000
00000000
00000000
00000000
00000000
00000000
00000000
00000000
00000000
00000000
00000000
00000000
00000000
00000000
00000000
00000000
00000000
00000000
00000000
00000000
00000000
00000000
00000000
00000000
00000000
00000000
00000000
00000000
00000000
00000000
00000000
00000000
00000000
00000000
00000000
00000000
00000000
00000000
00000000
00000000
00000000
00000000
00000000
00000000
00000000
00000000
00000000
00000000
00000000
00000000
00000000
00000000
00000000
00000000
00000000
00000000
00000000
00000000
00000000
00000000
00000000
00000000
00000000
00000000
00000000
00000000
00000000
00000000
00000000
00000000
00000000
00000000
00000000
00000000
00000000
00000000
00000000
00000000
00000000
00000000
00000000
00000000
00000000
00000000
00000000
00000000
00000000
00000000
00000000
00000000
00000000
00000000
00000000
00000000
00000000
00000000
00000000
00000000
00000000
00000000
00000000
00000000
00000000
00000000
00000000
00000000
00000000
00000000
00000000
00000000
00000000
00000000
00000000
00000000
00000000
00000000
00000000
00000000
00000045
0000004e
00000056
00000045
0000004c
0000004f
00000050
0000002f
00000031
0000000a
00000044
00000045
00000056
00000049
00000043
00000045
0000003d
00000054
0000004f
0000004d
00000041
00000054
0000004f
0000000a
00000049
00000044
0000003d
00000054
0000004f
0000004d
00000041
00000054
0000004f
0000002d
00000030
00000030
00000031
00000000
00000000
00000000
00000000
00000000
00000000
00000000
00000000
00000000
00000000
00000000
00000000
00000000
00000000
00000000
00000000
00000000
00000000
00000000
00000000
00000000
00000000
00000000
00000000
00000000
00000000
00000000
00000048
00000065
0000006c
0000006c
0000006f
0000002c
00000020
00000000
00000000
00000000
00000000
00000000
00000000
00000000
00000000
00000000
00000021
00000020
00000049
00000027
0000006d
00000020
00000054
0000006f
0000006d
00000061
00000074
0000006f
0000002e
00000000
00000000
00000000
00000053
00000065
00000065
00000064
00000073
0000003a
00000020
00000030
0000002c
00000020
00000030
0000002c
00000020
00000031
0000002e
00000020
00000052
00000061
0000006e
00000067
00000065
0000003a
00000020
0000006e
0000003d
00000030
0000002e
0000002e
00000033
00000038
00000020
00000028
00000033
00000032
0000002d
00000062
00000069
00000074
00000029
0000002e
00000000
00000000
00000000
00000000
00000000
00000000
00000000
00000000
00000000
00000000
00000000
00000000
00000000
00000000
00000000
00000000
00000000
00000000
00000000
00000000
00000000
00000000
00000000
00000000
00000055
00000050
00000020
0000006e
00000065
00000078
00000074
00000020
00000020
00000044
0000004f
00000057
0000004e
00000020
00000070
00000072
00000065
00000076
00000069
0000006f
00000075
00000073
00000020
00000020
00000052
00000049
00000047
00000048
00000054
00000020
0000002b
00000031
00000030
00000020
00000020
00000045
0000004e
00000054
00000045
00000052
00000020
00000072
00000065
00000073
00000065
00000074
00000020
00000020
0000004c
00000045
00000046
00000054
00000020
00000065
00000078
00000069
00000074
00000000
